ISO-10303-21;
HEADER;
/* Generated by software containing ST-Developer
 * from STEP Tools, Inc. (www.steptools.com) 
 */

FILE_DESCRIPTION(
/* description */ ('STEP AP203'),
/* implementation_level */ '2;1');

FILE_NAME(
/* name */ 'frame_top_2020sw-no-ears.step',
/* time_stamp */ '2026-04-20T17:31:44+01:00',
/* author */ (''),
/* organization */ (''),
/* preprocessor_version */ 'ST-DEVELOPER v20.1',
/* originating_system */ 'Autodesk Translation Framework v15.8.0.0',
/* authorisation */ '');

FILE_SCHEMA (('AUTOMOTIVE_DESIGN { 1 0 10303 214 3 1 1 }'));
ENDSEC;

DATA;
#10=MECHANICAL_DESIGN_GEOMETRIC_PRESENTATION_REPRESENTATION('',(#13),#4941);
#11=SHAPE_REPRESENTATION_RELATIONSHIP('SRR','None',#4948,#12);
#12=ADVANCED_BREP_SHAPE_REPRESENTATION('',(#14),#4940);
#13=STYLED_ITEM('',(#4957),#14);
#14=MANIFOLD_SOLID_BREP('Body1',#2876);
#15=B_SPLINE_CURVE_WITH_KNOTS('',3,(#4247,#4248,#4249,#4250,#4251,#4252,
#4253,#4254,#4255,#4256,#4257,#4258,#4259,#4260,#4261,#4262,#4263,#4264),
 .UNSPECIFIED.,.F.,.F.,(4,2,2,2,2,2,2,2,4),(-4.56284733552498,-4.45450054162895,
-4.14859088782192,-3.84268123401488,-3.53677158020784,-3.23086192640081,
-2.92495227259377,-2.61904261878673,-2.51069582529781),.UNSPECIFIED.);
#16=B_SPLINE_CURVE_WITH_KNOTS('',3,(#4269,#4270,#4271,#4272,#4273,#4274,
#4275,#4276,#4277,#4278,#4279,#4280,#4281,#4282),.UNSPECIFIED.,.F.,.F.,
(4,2,2,2,2,2,4),(3.48960352434093,3.5987007546209,4.0481504615692,4.4976001685175,
4.9470498754658,5.3964995824141,5.5055968125856),.UNSPECIFIED.);
#17=B_SPLINE_CURVE_WITH_KNOTS('',3,(#4293,#4294,#4295,#4296,#4297,#4298,
#4299,#4300,#4301,#4302,#4303,#4304,#4305,#4306,#4307,#4308,#4309,#4310),
 .UNSPECIFIED.,.F.,.F.,(4,2,2,2,2,2,2,2,4),(-1.43928490738925,-1.42815739801684,
-1.38504902520405,-1.32815597697542,-1.2949586278647,-1.26176127875398,
-1.20486823052535,-1.16175985771256,-1.15063234834038),.UNSPECIFIED.);
#18=B_SPLINE_CURVE_WITH_KNOTS('',3,(#4314,#4315,#4316,#4317,#4318,#4319,
#4320,#4321,#4322,#4323),.UNSPECIFIED.,.F.,.F.,(4,2,2,2,4),(-1.33546911325526,
-1.15694829744303,-0.939363261788302,-0.721778226133578,-0.701288750674278),
 .UNSPECIFIED.);
#19=B_SPLINE_CURVE_WITH_KNOTS('',3,(#4332,#4333,#4334,#4335,#4336,#4337,
#4338,#4339,#4340,#4341,#4342),.UNSPECIFIED.,.F.,.F.,(4,2,2,3,4),(-0.613690887121579,
-0.435170071309424,-0.217585035654712,0.,0.0204894754592995),
 .UNSPECIFIED.);
#20=B_SPLINE_CURVE_WITH_KNOTS('',3,(#4348,#4349,#4350,#4351,#4352,#4353,
#4354,#4355,#4356,#4357),.UNSPECIFIED.,.F.,.F.,(4,2,2,2,4),(0.0754280278294763,
0.105658807156536,0.157501755522934,0.183423229706133,0.209344703889332),
 .UNSPECIFIED.);
#21=B_SPLINE_CURVE_WITH_KNOTS('',3,(#4358,#4359,#4360,#4361,#4362,#4363,
#4364,#4365,#4366,#4367),.UNSPECIFIED.,.F.,.F.,(4,2,2,2,4),(0.209344703889332,
0.234810507154085,0.260276310418837,0.311207916948342,0.343113820171727),
 .UNSPECIFIED.);
#22=B_SPLINE_CURVE_WITH_KNOTS('',3,(#4376,#4377,#4378,#4379,#4380,#4381,
#4382,#4383,#4384,#4385,#4386,#4387,#4388,#4389,#4390,#4391,#4392,#4393,
#4394,#4395,#4396,#4397,#4398,#4399,#4400,#4401,#4402,#4403,#4404,#4405,
#4406,#4407,#4408,#4409),.UNSPECIFIED.,.T.,.F.,(4,2,2,2,2,2,2,2,2,2,2,2,
2,2,2,2,4),(0.,0.188561499688334,0.377122999376668,0.565682842057381,0.754242684738094,
0.942802527418808,1.13136237009952,1.31992386978785,1.50848536947619,1.69704686916452,
1.88560836885286,2.07416821153357,2.26272805421428,2.451287896895,2.63984773957571,
2.82840923926404,3.01697073895238),.UNSPECIFIED.);
#23=B_SPLINE_CURVE_WITH_KNOTS('',3,(#4430,#4431,#4432,#4433,#4434,#4435,
#4436,#4437,#4438,#4439,#4440,#4441,#4442,#4443,#4444,#4445,#4446,#4447),
 .UNSPECIFIED.,.F.,.F.,(4,2,2,2,2,2,2,2,4),(0.,0.0107378289798446,0.0214756579596891,
0.0346701527062251,0.0616087619674159,0.0885473712286066,0.101741865975143,
0.112479694954987,0.123217523934832),.UNSPECIFIED.);
#24=B_SPLINE_CURVE_WITH_KNOTS('',3,(#4451,#4452,#4453,#4454,#4455,#4456,
#4457,#4458,#4459,#4460,#4461,#4462,#4463,#4464,#4465,#4466,#4467,#4468),
 .UNSPECIFIED.,.F.,.F.,(4,2,2,2,2,2,2,2,4),(0.,0.0107378289798252,0.0214756579596504,
0.034670152706163,0.0616087619673049,0.0885473712284467,0.101741865974959,
0.112479694954784,0.12321752393461),.UNSPECIFIED.);
#25=CONICAL_SURFACE('',#2966,13.8907220842899,0.794301154216311);
#26=CONICAL_SURFACE('',#2975,7.59995321300266,0.712083475300602);
#27=(
BOUNDED_CURVE()
B_SPLINE_CURVE(2,(#4047,#4048,#4049),.UNSPECIFIED.,.F.,.F.)
B_SPLINE_CURVE_WITH_KNOTS((3,3),(-5.73243773470381,-2.8682473916477),
 .UNSPECIFIED.)
CURVE()
GEOMETRIC_REPRESENTATION_ITEM()
RATIONAL_B_SPLINE_CURVE((2.80600665525078,2.80600665525078,2.35514385262487))
REPRESENTATION_ITEM('')
);
#28=(
BOUNDED_CURVE()
B_SPLINE_CURVE(2,(#4051,#4052,#4053),.UNSPECIFIED.,.F.,.F.)
B_SPLINE_CURVE_WITH_KNOTS((3,3),(-8.5966280776875,-5.73243773470381),
 .UNSPECIFIED.)
CURVE()
GEOMETRIC_REPRESENTATION_ITEM()
RATIONAL_B_SPLINE_CURVE((2.35514385264767,2.80600665525078,2.80600665525078))
REPRESENTATION_ITEM('')
);
#29=(
BOUNDED_CURVE()
B_SPLINE_CURVE(2,(#4240,#4241,#4242),.UNSPECIFIED.,.F.,.F.)
B_SPLINE_CURVE_WITH_KNOTS((3,3),(-0.338437999456488,-0.29928255321519),
 .UNSPECIFIED.)
CURVE()
GEOMETRIC_REPRESENTATION_ITEM()
RATIONAL_B_SPLINE_CURVE((1.55701773724647,1.52729627413626,1.49699622079963))
REPRESENTATION_ITEM('')
);
#30=(
BOUNDED_CURVE()
B_SPLINE_CURVE(2,(#4244,#4245,#4246),.UNSPECIFIED.,.F.,.F.)
B_SPLINE_CURVE_WITH_KNOTS((3,3),(-4.12719795968207,-2.86824739332794),
 .UNSPECIFIED.)
CURVE()
GEOMETRIC_REPRESENTATION_ITEM()
RATIONAL_B_SPLINE_CURVE((2.66438799596464,2.55331992122036,2.35514385315385))
REPRESENTATION_ITEM('')
);
#31=(
BOUNDED_CURVE()
B_SPLINE_CURVE(2,(#4284,#4285,#4286),.UNSPECIFIED.,.F.,.F.)
B_SPLINE_CURVE_WITH_KNOTS((3,3),(-8.59662807829592,-7.33767751012472),
 .UNSPECIFIED.)
CURVE()
GEOMETRIC_REPRESENTATION_ITEM()
RATIONAL_B_SPLINE_CURVE((2.35514385245612,2.553319920962,2.66438799589421))
REPRESENTATION_ITEM('')
);
#32=(
BOUNDED_CURVE()
B_SPLINE_CURVE(2,(#4288,#4289,#4290),.UNSPECIFIED.,.F.,.F.)
B_SPLINE_CURVE_WITH_KNOTS((3,3),(-4.40032697248464,-4.36117152633935),
 .UNSPECIFIED.)
CURVE()
GEOMETRIC_REPRESENTATION_ITEM()
RATIONAL_B_SPLINE_CURVE((1.49699622058833,1.52729627385268,1.55701773689344))
REPRESENTATION_ITEM('')
);
#33=ELLIPSE('',#2909,2.10292444847646,1.99999999999987);
#34=ELLIPSE('',#2911,2.10292444847656,2.00000000000007);
#35=ELLIPSE('',#2967,73.5332800496227,26.7215853389412);
#36=ELLIPSE('',#2969,73.5332892612135,26.7215869586176);
#37=ELLIPSE('',#2971,2.10292444847265,1.99999999999787);
#38=ELLIPSE('',#2973,2.10292444847265,1.99999999999787);
#39=ELLIPSE('',#2974,6.47213595499989,2.00000000000005);
#40=CYLINDRICAL_SURFACE('',#2893,10.);
#41=CYLINDRICAL_SURFACE('',#2900,10.);
#42=CYLINDRICAL_SURFACE('',#2939,1.65);
#43=CYLINDRICAL_SURFACE('',#2942,2.75);
#44=CYLINDRICAL_SURFACE('',#2948,2.75);
#45=CYLINDRICAL_SURFACE('',#2953,2.75);
#46=CYLINDRICAL_SURFACE('',#2959,2.75);
#47=CYLINDRICAL_SURFACE('',#2964,6.00000000000006);
#48=CYLINDRICAL_SURFACE('',#2970,2.);
#49=CYLINDRICAL_SURFACE('',#2978,5.);
#50=CYLINDRICAL_SURFACE('',#2980,1.82624134307251);
#51=CYLINDRICAL_SURFACE('',#2982,1.25);
#52=CYLINDRICAL_SURFACE('',#2985,2.5);
#53=CYLINDRICAL_SURFACE('',#2994,6.);
#54=CYLINDRICAL_SURFACE('',#2998,6.00000000000004);
#55=CYLINDRICAL_SURFACE('',#3000,6.);
#56=CYLINDRICAL_SURFACE('',#3008,39.5009518295744);
#57=CYLINDRICAL_SURFACE('',#3014,6.00006463624288);
#58=CYLINDRICAL_SURFACE('',#3017,6.00006463624298);
#59=CYLINDRICAL_SURFACE('',#3020,1.82624134307251);
#60=CYLINDRICAL_SURFACE('',#3080,1.82624134307251);
#61=CYLINDRICAL_SURFACE('',#3102,1.);
#62=CYLINDRICAL_SURFACE('',#3103,1.);
#63=CYLINDRICAL_SURFACE('',#3104,1.);
#64=CYLINDRICAL_SURFACE('',#3105,1.);
#65=CYLINDRICAL_SURFACE('',#3106,0.999999999999999);
#66=CYLINDRICAL_SURFACE('',#3107,1.);
#67=CYLINDRICAL_SURFACE('',#3108,1.);
#68=CYLINDRICAL_SURFACE('',#3109,1.);
#69=CYLINDRICAL_SURFACE('',#3110,1.);
#70=CYLINDRICAL_SURFACE('',#3111,1.);
#71=CYLINDRICAL_SURFACE('',#3112,1.);
#72=CYLINDRICAL_SURFACE('',#3113,0.999999999999999);
#73=CYLINDRICAL_SURFACE('',#3114,1.);
#74=CYLINDRICAL_SURFACE('',#3115,1.);
#75=CYLINDRICAL_SURFACE('',#3116,1.);
#76=CYLINDRICAL_SURFACE('',#3117,1.);
#77=CYLINDRICAL_SURFACE('',#3118,0.999999999999999);
#78=CYLINDRICAL_SURFACE('',#3119,1.);
#79=FACE_BOUND('',#240,.T.);
#80=FACE_BOUND('',#245,.T.);
#81=FACE_BOUND('',#246,.T.);
#82=FACE_BOUND('',#247,.T.);
#83=FACE_BOUND('',#249,.T.);
#84=FACE_BOUND('',#259,.T.);
#85=FACE_BOUND('',#269,.T.);
#86=FACE_BOUND('',#272,.T.);
#87=FACE_BOUND('',#274,.T.);
#88=FACE_BOUND('',#284,.T.);
#89=FACE_BOUND('',#291,.T.);
#90=FACE_BOUND('',#308,.T.);
#91=FACE_BOUND('',#309,.T.);
#92=FACE_BOUND('',#312,.T.);
#93=FACE_BOUND('',#338,.T.);
#94=FACE_BOUND('',#349,.T.);
#95=FACE_BOUND('',#353,.T.);
#96=FACE_OUTER_BOUND('',#239,.T.);
#97=FACE_OUTER_BOUND('',#241,.T.);
#98=FACE_OUTER_BOUND('',#242,.T.);
#99=FACE_OUTER_BOUND('',#243,.T.);
#100=FACE_OUTER_BOUND('',#244,.T.);
#101=FACE_OUTER_BOUND('',#248,.T.);
#102=FACE_OUTER_BOUND('',#250,.T.);
#103=FACE_OUTER_BOUND('',#251,.T.);
#104=FACE_OUTER_BOUND('',#252,.T.);
#105=FACE_OUTER_BOUND('',#253,.T.);
#106=FACE_OUTER_BOUND('',#254,.T.);
#107=FACE_OUTER_BOUND('',#255,.T.);
#108=FACE_OUTER_BOUND('',#256,.T.);
#109=FACE_OUTER_BOUND('',#257,.T.);
#110=FACE_OUTER_BOUND('',#258,.T.);
#111=FACE_OUTER_BOUND('',#260,.T.);
#112=FACE_OUTER_BOUND('',#261,.T.);
#113=FACE_OUTER_BOUND('',#262,.T.);
#114=FACE_OUTER_BOUND('',#263,.T.);
#115=FACE_OUTER_BOUND('',#264,.T.);
#116=FACE_OUTER_BOUND('',#265,.T.);
#117=FACE_OUTER_BOUND('',#266,.T.);
#118=FACE_OUTER_BOUND('',#267,.T.);
#119=FACE_OUTER_BOUND('',#268,.T.);
#120=FACE_OUTER_BOUND('',#270,.T.);
#121=FACE_OUTER_BOUND('',#271,.T.);
#122=FACE_OUTER_BOUND('',#273,.T.);
#123=FACE_OUTER_BOUND('',#275,.T.);
#124=FACE_OUTER_BOUND('',#276,.T.);
#125=FACE_OUTER_BOUND('',#277,.T.);
#126=FACE_OUTER_BOUND('',#278,.T.);
#127=FACE_OUTER_BOUND('',#279,.T.);
#128=FACE_OUTER_BOUND('',#280,.T.);
#129=FACE_OUTER_BOUND('',#281,.T.);
#130=FACE_OUTER_BOUND('',#282,.T.);
#131=FACE_OUTER_BOUND('',#283,.T.);
#132=FACE_OUTER_BOUND('',#285,.T.);
#133=FACE_OUTER_BOUND('',#286,.T.);
#134=FACE_OUTER_BOUND('',#287,.T.);
#135=FACE_OUTER_BOUND('',#288,.T.);
#136=FACE_OUTER_BOUND('',#289,.T.);
#137=FACE_OUTER_BOUND('',#290,.T.);
#138=FACE_OUTER_BOUND('',#292,.T.);
#139=FACE_OUTER_BOUND('',#293,.T.);
#140=FACE_OUTER_BOUND('',#294,.T.);
#141=FACE_OUTER_BOUND('',#295,.T.);
#142=FACE_OUTER_BOUND('',#296,.T.);
#143=FACE_OUTER_BOUND('',#297,.T.);
#144=FACE_OUTER_BOUND('',#298,.T.);
#145=FACE_OUTER_BOUND('',#299,.T.);
#146=FACE_OUTER_BOUND('',#300,.T.);
#147=FACE_OUTER_BOUND('',#301,.T.);
#148=FACE_OUTER_BOUND('',#302,.T.);
#149=FACE_OUTER_BOUND('',#303,.T.);
#150=FACE_OUTER_BOUND('',#304,.T.);
#151=FACE_OUTER_BOUND('',#305,.T.);
#152=FACE_OUTER_BOUND('',#306,.T.);
#153=FACE_OUTER_BOUND('',#307,.T.);
#154=FACE_OUTER_BOUND('',#310,.T.);
#155=FACE_OUTER_BOUND('',#311,.T.);
#156=FACE_OUTER_BOUND('',#313,.T.);
#157=FACE_OUTER_BOUND('',#314,.T.);
#158=FACE_OUTER_BOUND('',#315,.T.);
#159=FACE_OUTER_BOUND('',#316,.T.);
#160=FACE_OUTER_BOUND('',#317,.T.);
#161=FACE_OUTER_BOUND('',#318,.T.);
#162=FACE_OUTER_BOUND('',#319,.T.);
#163=FACE_OUTER_BOUND('',#320,.T.);
#164=FACE_OUTER_BOUND('',#321,.T.);
#165=FACE_OUTER_BOUND('',#322,.T.);
#166=FACE_OUTER_BOUND('',#323,.T.);
#167=FACE_OUTER_BOUND('',#324,.T.);
#168=FACE_OUTER_BOUND('',#325,.T.);
#169=FACE_OUTER_BOUND('',#326,.T.);
#170=FACE_OUTER_BOUND('',#327,.T.);
#171=FACE_OUTER_BOUND('',#328,.T.);
#172=FACE_OUTER_BOUND('',#329,.T.);
#173=FACE_OUTER_BOUND('',#330,.T.);
#174=FACE_OUTER_BOUND('',#331,.T.);
#175=FACE_OUTER_BOUND('',#332,.T.);
#176=FACE_OUTER_BOUND('',#333,.T.);
#177=FACE_OUTER_BOUND('',#334,.T.);
#178=FACE_OUTER_BOUND('',#335,.T.);
#179=FACE_OUTER_BOUND('',#336,.T.);
#180=FACE_OUTER_BOUND('',#337,.T.);
#181=FACE_OUTER_BOUND('',#339,.T.);
#182=FACE_OUTER_BOUND('',#340,.T.);
#183=FACE_OUTER_BOUND('',#341,.T.);
#184=FACE_OUTER_BOUND('',#342,.T.);
#185=FACE_OUTER_BOUND('',#343,.T.);
#186=FACE_OUTER_BOUND('',#344,.T.);
#187=FACE_OUTER_BOUND('',#345,.T.);
#188=FACE_OUTER_BOUND('',#346,.T.);
#189=FACE_OUTER_BOUND('',#347,.T.);
#190=FACE_OUTER_BOUND('',#348,.T.);
#191=FACE_OUTER_BOUND('',#350,.T.);
#192=FACE_OUTER_BOUND('',#351,.T.);
#193=FACE_OUTER_BOUND('',#352,.T.);
#194=FACE_OUTER_BOUND('',#354,.T.);
#195=FACE_OUTER_BOUND('',#355,.T.);
#196=FACE_OUTER_BOUND('',#356,.T.);
#197=FACE_OUTER_BOUND('',#357,.T.);
#198=FACE_OUTER_BOUND('',#358,.T.);
#199=FACE_OUTER_BOUND('',#359,.T.);
#200=FACE_OUTER_BOUND('',#360,.T.);
#201=FACE_OUTER_BOUND('',#361,.T.);
#202=FACE_OUTER_BOUND('',#362,.T.);
#203=FACE_OUTER_BOUND('',#363,.T.);
#204=FACE_OUTER_BOUND('',#364,.T.);
#205=FACE_OUTER_BOUND('',#365,.T.);
#206=FACE_OUTER_BOUND('',#366,.T.);
#207=FACE_OUTER_BOUND('',#367,.T.);
#208=FACE_OUTER_BOUND('',#368,.T.);
#209=FACE_OUTER_BOUND('',#369,.T.);
#210=FACE_OUTER_BOUND('',#370,.T.);
#211=FACE_OUTER_BOUND('',#371,.T.);
#212=FACE_OUTER_BOUND('',#372,.T.);
#213=FACE_OUTER_BOUND('',#373,.T.);
#214=FACE_OUTER_BOUND('',#374,.T.);
#215=FACE_OUTER_BOUND('',#375,.T.);
#216=FACE_OUTER_BOUND('',#376,.T.);
#217=FACE_OUTER_BOUND('',#377,.T.);
#218=FACE_OUTER_BOUND('',#378,.T.);
#219=FACE_OUTER_BOUND('',#379,.T.);
#220=FACE_OUTER_BOUND('',#380,.T.);
#221=FACE_OUTER_BOUND('',#381,.T.);
#222=FACE_OUTER_BOUND('',#382,.T.);
#223=FACE_OUTER_BOUND('',#383,.T.);
#224=FACE_OUTER_BOUND('',#384,.T.);
#225=FACE_OUTER_BOUND('',#385,.T.);
#226=FACE_OUTER_BOUND('',#386,.T.);
#227=FACE_OUTER_BOUND('',#387,.T.);
#228=FACE_OUTER_BOUND('',#388,.T.);
#229=FACE_OUTER_BOUND('',#389,.T.);
#230=FACE_OUTER_BOUND('',#390,.T.);
#231=FACE_OUTER_BOUND('',#391,.T.);
#232=FACE_OUTER_BOUND('',#392,.T.);
#233=FACE_OUTER_BOUND('',#393,.T.);
#234=FACE_OUTER_BOUND('',#394,.T.);
#235=FACE_OUTER_BOUND('',#395,.T.);
#236=FACE_OUTER_BOUND('',#396,.T.);
#237=FACE_OUTER_BOUND('',#397,.T.);
#238=FACE_OUTER_BOUND('',#398,.T.);
#239=EDGE_LOOP('',(#1791,#1792,#1793,#1794));
#240=EDGE_LOOP('',(#1795));
#241=EDGE_LOOP('',(#1796,#1797,#1798,#1799,#1800,#1801,#1802,#1803));
#242=EDGE_LOOP('',(#1804,#1805,#1806,#1807,#1808,#1809,#1810,#1811));
#243=EDGE_LOOP('',(#1812,#1813,#1814,#1815,#1816,#1817,#1818,#1819));
#244=EDGE_LOOP('',(#1820,#1821,#1822,#1823,#1824,#1825,#1826,#1827,#1828,
#1829,#1830,#1831,#1832,#1833,#1834,#1835,#1836,#1837,#1838,#1839,#1840,
#1841));
#245=EDGE_LOOP('',(#1842,#1843,#1844,#1845,#1846,#1847));
#246=EDGE_LOOP('',(#1848,#1849,#1850,#1851,#1852,#1853,#1854,#1855,#1856));
#247=EDGE_LOOP('',(#1857,#1858,#1859,#1860,#1861,#1862,#1863,#1864,#1865,
#1866,#1867,#1868,#1869,#1870,#1871,#1872,#1873,#1874,#1875,#1876,#1877,
#1878,#1879,#1880,#1881,#1882,#1883,#1884,#1885,#1886,#1887,#1888,#1889,
#1890,#1891,#1892));
#248=EDGE_LOOP('',(#1893,#1894,#1895,#1896));
#249=EDGE_LOOP('',(#1897));
#250=EDGE_LOOP('',(#1898,#1899,#1900,#1901,#1902,#1903,#1904,#1905));
#251=EDGE_LOOP('',(#1906,#1907,#1908,#1909));
#252=EDGE_LOOP('',(#1910,#1911,#1912,#1913,#1914,#1915,#1916,#1917,#1918,
#1919,#1920,#1921));
#253=EDGE_LOOP('',(#1922,#1923,#1924,#1925,#1926,#1927,#1928,#1929,#1930,
#1931,#1932,#1933));
#254=EDGE_LOOP('',(#1934,#1935,#1936,#1937,#1938,#1939,#1940,#1941,#1942,
#1943,#1944,#1945));
#255=EDGE_LOOP('',(#1946,#1947,#1948,#1949,#1950,#1951,#1952,#1953,#1954,
#1955,#1956,#1957));
#256=EDGE_LOOP('',(#1958,#1959,#1960,#1961));
#257=EDGE_LOOP('',(#1962,#1963,#1964,#1965,#1966,#1967,#1968,#1969,#1970,
#1971,#1972,#1973,#1974));
#258=EDGE_LOOP('',(#1975,#1976,#1977,#1978,#1979,#1980,#1981,#1982,#1983,
#1984,#1985,#1986));
#259=EDGE_LOOP('',(#1987,#1988,#1989));
#260=EDGE_LOOP('',(#1990,#1991,#1992,#1993));
#261=EDGE_LOOP('',(#1994,#1995,#1996,#1997));
#262=EDGE_LOOP('',(#1998,#1999,#2000));
#263=EDGE_LOOP('',(#2001,#2002,#2003,#2004,#2005,#2006));
#264=EDGE_LOOP('',(#2007,#2008,#2009,#2010,#2011,#2012,#2013,#2014));
#265=EDGE_LOOP('',(#2015,#2016,#2017,#2018,#2019,#2020,#2021,#2022));
#266=EDGE_LOOP('',(#2023,#2024,#2025,#2026,#2027,#2028,#2029,#2030,#2031,
#2032,#2033,#2034,#2035,#2036,#2037,#2038,#2039,#2040,#2041,#2042));
#267=EDGE_LOOP('',(#2043,#2044,#2045,#2046,#2047));
#268=EDGE_LOOP('',(#2048,#2049,#2050,#2051));
#269=EDGE_LOOP('',(#2052));
#270=EDGE_LOOP('',(#2053,#2054,#2055,#2056));
#271=EDGE_LOOP('',(#2057,#2058,#2059,#2060));
#272=EDGE_LOOP('',(#2061));
#273=EDGE_LOOP('',(#2062,#2063,#2064,#2065));
#274=EDGE_LOOP('',(#2066));
#275=EDGE_LOOP('',(#2067,#2068,#2069,#2070));
#276=EDGE_LOOP('',(#2071,#2072,#2073,#2074));
#277=EDGE_LOOP('',(#2075,#2076,#2077,#2078,#2079,#2080,#2081,#2082));
#278=EDGE_LOOP('',(#2083,#2084,#2085,#2086,#2087,#2088,#2089,#2090,#2091,
#2092,#2093,#2094,#2095,#2096,#2097,#2098,#2099,#2100,#2101,#2102));
#279=EDGE_LOOP('',(#2103,#2104,#2105,#2106));
#280=EDGE_LOOP('',(#2107,#2108,#2109,#2110));
#281=EDGE_LOOP('',(#2111,#2112,#2113,#2114));
#282=EDGE_LOOP('',(#2115,#2116,#2117,#2118));
#283=EDGE_LOOP('',(#2119,#2120,#2121,#2122));
#284=EDGE_LOOP('',(#2123));
#285=EDGE_LOOP('',(#2124,#2125,#2126,#2127));
#286=EDGE_LOOP('',(#2128,#2129,#2130,#2131));
#287=EDGE_LOOP('',(#2132,#2133,#2134,#2135));
#288=EDGE_LOOP('',(#2136,#2137,#2138,#2139));
#289=EDGE_LOOP('',(#2140,#2141,#2142,#2143));
#290=EDGE_LOOP('',(#2144,#2145,#2146,#2147));
#291=EDGE_LOOP('',(#2148));
#292=EDGE_LOOP('',(#2149,#2150,#2151,#2152));
#293=EDGE_LOOP('',(#2153,#2154,#2155,#2156));
#294=EDGE_LOOP('',(#2157,#2158));
#295=EDGE_LOOP('',(#2159,#2160,#2161,#2162));
#296=EDGE_LOOP('',(#2163,#2164,#2165,#2166));
#297=EDGE_LOOP('',(#2167,#2168,#2169,#2170));
#298=EDGE_LOOP('',(#2171,#2172,#2173,#2174));
#299=EDGE_LOOP('',(#2175,#2176,#2177,#2178));
#300=EDGE_LOOP('',(#2179,#2180,#2181,#2182));
#301=EDGE_LOOP('',(#2183,#2184,#2185,#2186));
#302=EDGE_LOOP('',(#2187,#2188,#2189,#2190));
#303=EDGE_LOOP('',(#2191,#2192,#2193,#2194));
#304=EDGE_LOOP('',(#2195,#2196,#2197,#2198));
#305=EDGE_LOOP('',(#2199,#2200,#2201,#2202));
#306=EDGE_LOOP('',(#2203,#2204,#2205,#2206));
#307=EDGE_LOOP('',(#2207,#2208,#2209,#2210,#2211,#2212,#2213,#2214,#2215,
#2216,#2217,#2218,#2219,#2220,#2221,#2222,#2223,#2224,#2225,#2226,#2227,
#2228));
#308=EDGE_LOOP('',(#2229,#2230,#2231,#2232,#2233,#2234,#2235,#2236,#2237,
#2238,#2239,#2240,#2241));
#309=EDGE_LOOP('',(#2242,#2243,#2244,#2245,#2246,#2247,#2248,#2249,#2250,
#2251,#2252,#2253,#2254,#2255,#2256,#2257,#2258,#2259,#2260,#2261,#2262,
#2263,#2264,#2265,#2266,#2267,#2268,#2269,#2270,#2271,#2272,#2273,#2274,
#2275,#2276,#2277));
#310=EDGE_LOOP('',(#2278,#2279,#2280,#2281));
#311=EDGE_LOOP('',(#2282));
#312=EDGE_LOOP('',(#2283));
#313=EDGE_LOOP('',(#2284,#2285,#2286,#2287));
#314=EDGE_LOOP('',(#2288,#2289,#2290,#2291));
#315=EDGE_LOOP('',(#2292,#2293,#2294,#2295,#2296));
#316=EDGE_LOOP('',(#2297,#2298,#2299,#2300));
#317=EDGE_LOOP('',(#2301,#2302,#2303,#2304));
#318=EDGE_LOOP('',(#2305,#2306,#2307,#2308));
#319=EDGE_LOOP('',(#2309,#2310,#2311,#2312,#2313));
#320=EDGE_LOOP('',(#2314,#2315,#2316,#2317));
#321=EDGE_LOOP('',(#2318,#2319,#2320,#2321));
#322=EDGE_LOOP('',(#2322,#2323,#2324,#2325));
#323=EDGE_LOOP('',(#2326,#2327,#2328,#2329));
#324=EDGE_LOOP('',(#2330,#2331,#2332,#2333));
#325=EDGE_LOOP('',(#2334,#2335,#2336,#2337,#2338));
#326=EDGE_LOOP('',(#2339,#2340,#2341,#2342));
#327=EDGE_LOOP('',(#2343,#2344,#2345,#2346));
#328=EDGE_LOOP('',(#2347,#2348,#2349,#2350));
#329=EDGE_LOOP('',(#2351,#2352,#2353,#2354,#2355));
#330=EDGE_LOOP('',(#2356,#2357,#2358,#2359));
#331=EDGE_LOOP('',(#2360,#2361,#2362,#2363));
#332=EDGE_LOOP('',(#2364,#2365,#2366,#2367));
#333=EDGE_LOOP('',(#2368,#2369,#2370,#2371));
#334=EDGE_LOOP('',(#2372,#2373,#2374,#2375,#2376));
#335=EDGE_LOOP('',(#2377,#2378,#2379,#2380,#2381,#2382,#2383));
#336=EDGE_LOOP('',(#2384,#2385,#2386,#2387,#2388));
#337=EDGE_LOOP('',(#2389,#2390,#2391,#2392,#2393,#2394));
#338=EDGE_LOOP('',(#2395));
#339=EDGE_LOOP('',(#2396,#2397,#2398));
#340=EDGE_LOOP('',(#2399,#2400,#2401,#2402));
#341=EDGE_LOOP('',(#2403,#2404,#2405,#2406,#2407));
#342=EDGE_LOOP('',(#2408,#2409,#2410,#2411,#2412));
#343=EDGE_LOOP('',(#2413,#2414,#2415,#2416));
#344=EDGE_LOOP('',(#2417,#2418,#2419,#2420));
#345=EDGE_LOOP('',(#2421,#2422,#2423,#2424));
#346=EDGE_LOOP('',(#2425,#2426,#2427,#2428));
#347=EDGE_LOOP('',(#2429,#2430,#2431,#2432));
#348=EDGE_LOOP('',(#2433));
#349=EDGE_LOOP('',(#2434));
#350=EDGE_LOOP('',(#2435,#2436,#2437,#2438));
#351=EDGE_LOOP('',(#2439,#2440,#2441,#2442));
#352=EDGE_LOOP('',(#2443));
#353=EDGE_LOOP('',(#2444));
#354=EDGE_LOOP('',(#2445,#2446,#2447,#2448));
#355=EDGE_LOOP('',(#2449,#2450,#2451,#2452));
#356=EDGE_LOOP('',(#2453,#2454));
#357=EDGE_LOOP('',(#2455,#2456,#2457,#2458));
#358=EDGE_LOOP('',(#2459,#2460,#2461,#2462));
#359=EDGE_LOOP('',(#2463,#2464,#2465,#2466));
#360=EDGE_LOOP('',(#2467,#2468,#2469,#2470));
#361=EDGE_LOOP('',(#2471,#2472,#2473,#2474));
#362=EDGE_LOOP('',(#2475,#2476,#2477,#2478));
#363=EDGE_LOOP('',(#2479,#2480,#2481,#2482));
#364=EDGE_LOOP('',(#2483,#2484,#2485,#2486));
#365=EDGE_LOOP('',(#2487,#2488,#2489,#2490));
#366=EDGE_LOOP('',(#2491,#2492,#2493,#2494));
#367=EDGE_LOOP('',(#2495,#2496,#2497,#2498));
#368=EDGE_LOOP('',(#2499,#2500,#2501,#2502));
#369=EDGE_LOOP('',(#2503,#2504,#2505,#2506));
#370=EDGE_LOOP('',(#2507,#2508,#2509,#2510));
#371=EDGE_LOOP('',(#2511,#2512,#2513,#2514));
#372=EDGE_LOOP('',(#2515,#2516,#2517,#2518));
#373=EDGE_LOOP('',(#2519,#2520,#2521,#2522));
#374=EDGE_LOOP('',(#2523,#2524,#2525,#2526));
#375=EDGE_LOOP('',(#2527,#2528,#2529,#2530,#2531,#2532));
#376=EDGE_LOOP('',(#2533,#2534,#2535,#2536,#2537,#2538));
#377=EDGE_LOOP('',(#2539,#2540,#2541,#2542));
#378=EDGE_LOOP('',(#2543,#2544,#2545,#2546));
#379=EDGE_LOOP('',(#2547,#2548,#2549,#2550));
#380=EDGE_LOOP('',(#2551,#2552,#2553,#2554));
#381=EDGE_LOOP('',(#2555,#2556,#2557,#2558));
#382=EDGE_LOOP('',(#2559,#2560,#2561,#2562));
#383=EDGE_LOOP('',(#2563,#2564,#2565,#2566));
#384=EDGE_LOOP('',(#2567,#2568,#2569,#2570));
#385=EDGE_LOOP('',(#2571,#2572,#2573,#2574));
#386=EDGE_LOOP('',(#2575,#2576,#2577,#2578,#2579));
#387=EDGE_LOOP('',(#2580,#2581,#2582,#2583));
#388=EDGE_LOOP('',(#2584,#2585,#2586,#2587));
#389=EDGE_LOOP('',(#2588,#2589,#2590,#2591,#2592));
#390=EDGE_LOOP('',(#2593,#2594,#2595,#2596));
#391=EDGE_LOOP('',(#2597,#2598,#2599,#2600));
#392=EDGE_LOOP('',(#2601,#2602,#2603,#2604,#2605));
#393=EDGE_LOOP('',(#2606,#2607,#2608,#2609));
#394=EDGE_LOOP('',(#2610,#2611,#2612,#2613));
#395=EDGE_LOOP('',(#2614,#2615,#2616,#2617));
#396=EDGE_LOOP('',(#2618,#2619,#2620,#2621));
#397=EDGE_LOOP('',(#2622,#2623,#2624,#2625));
#398=EDGE_LOOP('',(#2626,#2627,#2628,#2629,#2630));
#399=LINE('',#3941,#698);
#400=LINE('',#3943,#699);
#401=LINE('',#3944,#700);
#402=LINE('',#3949,#701);
#403=LINE('',#3953,#702);
#404=LINE('',#3957,#703);
#405=LINE('',#3960,#704);
#406=LINE('',#3963,#705);
#407=LINE('',#3967,#706);
#408=LINE('',#3971,#707);
#409=LINE('',#3973,#708);
#410=LINE('',#3974,#709);
#411=LINE('',#3980,#710);
#412=LINE('',#3984,#711);
#413=LINE('',#3988,#712);
#414=LINE('',#3991,#713);
#415=LINE('',#3994,#714);
#416=LINE('',#3996,#715);
#417=LINE('',#3998,#716);
#418=LINE('',#4000,#717);
#419=LINE('',#4002,#718);
#420=LINE('',#4004,#719);
#421=LINE('',#4008,#720);
#422=LINE('',#4010,#721);
#423=LINE('',#4012,#722);
#424=LINE('',#4014,#723);
#425=LINE('',#4016,#724);
#426=LINE('',#4018,#725);
#427=LINE('',#4019,#726);
#428=LINE('',#4021,#727);
#429=LINE('',#4025,#728);
#430=LINE('',#4029,#729);
#431=LINE('',#4031,#730);
#432=LINE('',#4038,#731);
#433=LINE('',#4043,#732);
#434=LINE('',#4057,#733);
#435=LINE('',#4060,#734);
#436=LINE('',#4063,#735);
#437=LINE('',#4067,#736);
#438=LINE('',#4071,#737);
#439=LINE('',#4075,#738);
#440=LINE('',#4079,#739);
#441=LINE('',#4083,#740);
#442=LINE('',#4087,#741);
#443=LINE('',#4091,#742);
#444=LINE('',#4095,#743);
#445=LINE('',#4099,#744);
#446=LINE('',#4103,#745);
#447=LINE('',#4107,#746);
#448=LINE('',#4111,#747);
#449=LINE('',#4115,#748);
#450=LINE('',#4119,#749);
#451=LINE('',#4123,#750);
#452=LINE('',#4127,#751);
#453=LINE('',#4131,#752);
#454=LINE('',#4135,#753);
#455=LINE('',#4136,#754);
#456=LINE('',#4141,#755);
#457=LINE('',#4143,#756);
#458=LINE('',#4147,#757);
#459=LINE('',#4150,#758);
#460=LINE('',#4155,#759);
#461=LINE('',#4161,#760);
#462=LINE('',#4165,#761);
#463=LINE('',#4169,#762);
#464=LINE('',#4172,#763);
#465=LINE('',#4174,#764);
#466=LINE('',#4178,#765);
#467=LINE('',#4182,#766);
#468=LINE('',#4186,#767);
#469=LINE('',#4189,#768);
#470=LINE('',#4191,#769);
#471=LINE('',#4197,#770);
#472=LINE('',#4201,#771);
#473=LINE('',#4205,#772);
#474=LINE('',#4208,#773);
#475=LINE('',#4210,#774);
#476=LINE('',#4214,#775);
#477=LINE('',#4218,#776);
#478=LINE('',#4222,#777);
#479=LINE('',#4225,#778);
#480=LINE('',#4227,#779);
#481=LINE('',#4231,#780);
#482=LINE('',#4234,#781);
#483=LINE('',#4266,#782);
#484=LINE('',#4312,#783);
#485=LINE('',#4327,#784);
#486=LINE('',#4343,#785);
#487=LINE('',#4372,#786);
#488=LINE('',#4411,#787);
#489=LINE('',#4416,#788);
#490=LINE('',#4420,#789);
#491=LINE('',#4426,#790);
#492=LINE('',#4471,#791);
#493=LINE('',#4472,#792);
#494=LINE('',#4474,#793);
#495=LINE('',#4476,#794);
#496=LINE('',#4477,#795);
#497=LINE('',#4481,#796);
#498=LINE('',#4482,#797);
#499=LINE('',#4484,#798);
#500=LINE('',#4486,#799);
#501=LINE('',#4488,#800);
#502=LINE('',#4490,#801);
#503=LINE('',#4492,#802);
#504=LINE('',#4494,#803);
#505=LINE('',#4496,#804);
#506=LINE('',#4497,#805);
#507=LINE('',#4499,#806);
#508=LINE('',#4501,#807);
#509=LINE('',#4503,#808);
#510=LINE('',#4505,#809);
#511=LINE('',#4506,#810);
#512=LINE('',#4507,#811);
#513=LINE('',#4511,#812);
#514=LINE('',#4512,#813);
#515=LINE('',#4513,#814);
#516=LINE('',#4516,#815);
#517=LINE('',#4518,#816);
#518=LINE('',#4519,#817);
#519=LINE('',#4522,#818);
#520=LINE('',#4525,#819);
#521=LINE('',#4528,#820);
#522=LINE('',#4529,#821);
#523=LINE('',#4535,#822);
#524=LINE('',#4537,#823);
#525=LINE('',#4539,#824);
#526=LINE('',#4540,#825);
#527=LINE('',#4541,#826);
#528=LINE('',#4544,#827);
#529=LINE('',#4546,#828);
#530=LINE('',#4547,#829);
#531=LINE('',#4549,#830);
#532=LINE('',#4551,#831);
#533=LINE('',#4553,#832);
#534=LINE('',#4555,#833);
#535=LINE('',#4556,#834);
#536=LINE('',#4558,#835);
#537=LINE('',#4560,#836);
#538=LINE('',#4562,#837);
#539=LINE('',#4564,#838);
#540=LINE('',#4566,#839);
#541=LINE('',#4568,#840);
#542=LINE('',#4570,#841);
#543=LINE('',#4571,#842);
#544=LINE('',#4574,#843);
#545=LINE('',#4575,#844);
#546=LINE('',#4578,#845);
#547=LINE('',#4579,#846);
#548=LINE('',#4582,#847);
#549=LINE('',#4583,#848);
#550=LINE('',#4585,#849);
#551=LINE('',#4590,#850);
#552=LINE('',#4591,#851);
#553=LINE('',#4594,#852);
#554=LINE('',#4595,#853);
#555=LINE('',#4598,#854);
#556=LINE('',#4599,#855);
#557=LINE('',#4601,#856);
#558=LINE('',#4604,#857);
#559=LINE('',#4608,#858);
#560=LINE('',#4609,#859);
#561=LINE('',#4614,#860);
#562=LINE('',#4616,#861);
#563=LINE('',#4617,#862);
#564=LINE('',#4622,#863);
#565=LINE('',#4623,#864);
#566=LINE('',#4624,#865);
#567=LINE('',#4627,#866);
#568=LINE('',#4629,#867);
#569=LINE('',#4630,#868);
#570=LINE('',#4634,#869);
#571=LINE('',#4635,#870);
#572=LINE('',#4636,#871);
#573=LINE('',#4640,#872);
#574=LINE('',#4641,#873);
#575=LINE('',#4642,#874);
#576=LINE('',#4645,#875);
#577=LINE('',#4647,#876);
#578=LINE('',#4648,#877);
#579=LINE('',#4650,#878);
#580=LINE('',#4651,#879);
#581=LINE('',#4655,#880);
#582=LINE('',#4656,#881);
#583=LINE('',#4657,#882);
#584=LINE('',#4660,#883);
#585=LINE('',#4662,#884);
#586=LINE('',#4663,#885);
#587=LINE('',#4667,#886);
#588=LINE('',#4668,#887);
#589=LINE('',#4669,#888);
#590=LINE('',#4673,#889);
#591=LINE('',#4674,#890);
#592=LINE('',#4675,#891);
#593=LINE('',#4678,#892);
#594=LINE('',#4680,#893);
#595=LINE('',#4681,#894);
#596=LINE('',#4684,#895);
#597=LINE('',#4686,#896);
#598=LINE('',#4687,#897);
#599=LINE('',#4690,#898);
#600=LINE('',#4692,#899);
#601=LINE('',#4694,#900);
#602=LINE('',#4695,#901);
#603=LINE('',#4697,#902);
#604=LINE('',#4699,#903);
#605=LINE('',#4701,#904);
#606=LINE('',#4702,#905);
#607=LINE('',#4704,#906);
#608=LINE('',#4706,#907);
#609=LINE('',#4708,#908);
#610=LINE('',#4709,#909);
#611=LINE('',#4713,#910);
#612=LINE('',#4719,#911);
#613=LINE('',#4724,#912);
#614=LINE('',#4733,#913);
#615=LINE('',#4738,#914);
#616=LINE('',#4744,#915);
#617=LINE('',#4748,#916);
#618=LINE('',#4750,#917);
#619=LINE('',#4751,#918);
#620=LINE('',#4755,#919);
#621=LINE('',#4756,#920);
#622=LINE('',#4759,#921);
#623=LINE('',#4761,#922);
#624=LINE('',#4762,#923);
#625=LINE('',#4765,#924);
#626=LINE('',#4767,#925);
#627=LINE('',#4768,#926);
#628=LINE('',#4771,#927);
#629=LINE('',#4772,#928);
#630=LINE('',#4774,#929);
#631=LINE('',#4777,#930);
#632=LINE('',#4778,#931);
#633=LINE('',#4781,#932);
#634=LINE('',#4783,#933);
#635=LINE('',#4784,#934);
#636=LINE('',#4786,#935);
#637=LINE('',#4788,#936);
#638=LINE('',#4790,#937);
#639=LINE('',#4794,#938);
#640=LINE('',#4796,#939);
#641=LINE('',#4797,#940);
#642=LINE('',#4800,#941);
#643=LINE('',#4802,#942);
#644=LINE('',#4803,#943);
#645=LINE('',#4806,#944);
#646=LINE('',#4807,#945);
#647=LINE('',#4809,#946);
#648=LINE('',#4812,#947);
#649=LINE('',#4813,#948);
#650=LINE('',#4816,#949);
#651=LINE('',#4818,#950);
#652=LINE('',#4819,#951);
#653=LINE('',#4821,#952);
#654=LINE('',#4823,#953);
#655=LINE('',#4825,#954);
#656=LINE('',#4828,#955);
#657=LINE('',#4832,#956);
#658=LINE('',#4834,#957);
#659=LINE('',#4837,#958);
#660=LINE('',#4839,#959);
#661=LINE('',#4841,#960);
#662=LINE('',#4842,#961);
#663=LINE('',#4845,#962);
#664=LINE('',#4846,#963);
#665=LINE('',#4849,#964);
#666=LINE('',#4853,#965);
#667=LINE('',#4854,#966);
#668=LINE('',#4856,#967);
#669=LINE('',#4859,#968);
#670=LINE('',#4860,#969);
#671=LINE('',#4862,#970);
#672=LINE('',#4865,#971);
#673=LINE('',#4869,#972);
#674=LINE('',#4873,#973);
#675=LINE('',#4874,#974);
#676=LINE('',#4876,#975);
#677=LINE('',#4877,#976);
#678=LINE('',#4879,#977);
#679=LINE('',#4880,#978);
#680=LINE('',#4882,#979);
#681=LINE('',#4883,#980);
#682=LINE('',#4885,#981);
#683=LINE('',#4886,#982);
#684=LINE('',#4888,#983);
#685=LINE('',#4889,#984);
#686=LINE('',#4909,#985);
#687=LINE('',#4911,#986);
#688=LINE('',#4914,#987);
#689=LINE('',#4916,#988);
#690=LINE('',#4919,#989);
#691=LINE('',#4921,#990);
#692=LINE('',#4924,#991);
#693=LINE('',#4926,#992);
#694=LINE('',#4929,#993);
#695=LINE('',#4931,#994);
#696=LINE('',#4934,#995);
#697=LINE('',#4936,#996);
#698=VECTOR('',#3144,1000.);
#699=VECTOR('',#3145,1000.);
#700=VECTOR('',#3146,1000.);
#701=VECTOR('',#3151,1000.);
#702=VECTOR('',#3154,1000.);
#703=VECTOR('',#3157,1000.);
#704=VECTOR('',#3160,10.);
#705=VECTOR('',#3163,1000.);
#706=VECTOR('',#3166,1000.);
#707=VECTOR('',#3169,1000.);
#708=VECTOR('',#3170,1000.);
#709=VECTOR('',#3171,1000.);
#710=VECTOR('',#3176,1000.);
#711=VECTOR('',#3179,1000.);
#712=VECTOR('',#3182,1000.);
#713=VECTOR('',#3185,10.);
#714=VECTOR('',#3188,1000.);
#715=VECTOR('',#3189,1000.);
#716=VECTOR('',#3190,1000.);
#717=VECTOR('',#3191,1000.);
#718=VECTOR('',#3192,1000.);
#719=VECTOR('',#3193,1000.);
#720=VECTOR('',#3196,1000.);
#721=VECTOR('',#3197,1000.);
#722=VECTOR('',#3198,1000.);
#723=VECTOR('',#3199,1000.);
#724=VECTOR('',#3200,1000.);
#725=VECTOR('',#3201,1000.);
#726=VECTOR('',#3202,1000.);
#727=VECTOR('',#3203,10.);
#728=VECTOR('',#3206,1000.);
#729=VECTOR('',#3209,1000.);
#730=VECTOR('',#3210,1000.);
#731=VECTOR('',#3217,1000.);
#732=VECTOR('',#3220,1000.);
#733=VECTOR('',#3225,1000.);
#734=VECTOR('',#3228,1000.);
#735=VECTOR('',#3229,1000.);
#736=VECTOR('',#3232,1000.);
#737=VECTOR('',#3235,1000.);
#738=VECTOR('',#3238,1000.);
#739=VECTOR('',#3241,1000.);
#740=VECTOR('',#3244,1000.);
#741=VECTOR('',#3247,1000.);
#742=VECTOR('',#3250,1000.);
#743=VECTOR('',#3253,1000.);
#744=VECTOR('',#3256,1000.);
#745=VECTOR('',#3259,1000.);
#746=VECTOR('',#3262,1000.);
#747=VECTOR('',#3265,1000.);
#748=VECTOR('',#3268,1000.);
#749=VECTOR('',#3271,1000.);
#750=VECTOR('',#3274,1000.);
#751=VECTOR('',#3277,1000.);
#752=VECTOR('',#3280,1000.);
#753=VECTOR('',#3285,1000.);
#754=VECTOR('',#3286,1000.);
#755=VECTOR('',#3291,1000.);
#756=VECTOR('',#3292,1000.);
#757=VECTOR('',#3295,1000.);
#758=VECTOR('',#3298,1000.);
#759=VECTOR('',#3303,1.65);
#760=VECTOR('',#3310,2.75);
#761=VECTOR('',#3313,1000.);
#762=VECTOR('',#3316,1000.);
#763=VECTOR('',#3319,1000.);
#764=VECTOR('',#3320,1000.);
#765=VECTOR('',#3325,2.75);
#766=VECTOR('',#3328,1000.);
#767=VECTOR('',#3331,1000.);
#768=VECTOR('',#3334,1000.);
#769=VECTOR('',#3335,1000.);
#770=VECTOR('',#3342,2.75);
#771=VECTOR('',#3345,1000.);
#772=VECTOR('',#3348,1000.);
#773=VECTOR('',#3351,1000.);
#774=VECTOR('',#3352,1000.);
#775=VECTOR('',#3357,2.75);
#776=VECTOR('',#3360,1000.);
#777=VECTOR('',#3363,1000.);
#778=VECTOR('',#3366,1000.);
#779=VECTOR('',#3367,1000.);
#780=VECTOR('',#3372,1000.);
#781=VECTOR('',#3375,1000.);
#782=VECTOR('',#3380,13.8907220842899);
#783=VECTOR('',#3387,1000.);
#784=VECTOR('',#3390,2.);
#785=VECTOR('',#3395,1000.);
#786=VECTOR('',#3402,7.59995321300266);
#787=VECTOR('',#3407,5.);
#788=VECTOR('',#3414,1000.);
#789=VECTOR('',#3419,1.25);
#790=VECTOR('',#3426,2.5);
#791=VECTOR('',#3435,1000.);
#792=VECTOR('',#3436,1000.);
#793=VECTOR('',#3437,1000.);
#794=VECTOR('',#3438,1000.);
#795=VECTOR('',#3439,1000.);
#796=VECTOR('',#3442,1000.);
#797=VECTOR('',#3443,1000.);
#798=VECTOR('',#3444,1000.);
#799=VECTOR('',#3445,1000.);
#800=VECTOR('',#3446,1000.);
#801=VECTOR('',#3447,1000.);
#802=VECTOR('',#3448,1000.);
#803=VECTOR('',#3449,1000.);
#804=VECTOR('',#3450,1000.);
#805=VECTOR('',#3451,1000.);
#806=VECTOR('',#3452,1000.);
#807=VECTOR('',#3453,1000.);
#808=VECTOR('',#3454,1000.);
#809=VECTOR('',#3455,1000.);
#810=VECTOR('',#3456,1000.);
#811=VECTOR('',#3457,1000.);
#812=VECTOR('',#3460,1000.);
#813=VECTOR('',#3461,1000.);
#814=VECTOR('',#3462,1000.);
#815=VECTOR('',#3465,1000.);
#816=VECTOR('',#3466,1000.);
#817=VECTOR('',#3467,1000.);
#818=VECTOR('',#3470,1000.);
#819=VECTOR('',#3475,1000.);
#820=VECTOR('',#3478,1000.);
#821=VECTOR('',#3479,1000.);
#822=VECTOR('',#3490,1000.);
#823=VECTOR('',#3491,1000.);
#824=VECTOR('',#3492,1000.);
#825=VECTOR('',#3493,1000.);
#826=VECTOR('',#3494,1000.);
#827=VECTOR('',#3497,1000.);
#828=VECTOR('',#3498,1000.);
#829=VECTOR('',#3499,1000.);
#830=VECTOR('',#3500,1000.);
#831=VECTOR('',#3501,1000.);
#832=VECTOR('',#3502,1000.);
#833=VECTOR('',#3503,1000.);
#834=VECTOR('',#3504,1000.);
#835=VECTOR('',#3505,1000.);
#836=VECTOR('',#3506,1000.);
#837=VECTOR('',#3507,1000.);
#838=VECTOR('',#3508,1000.);
#839=VECTOR('',#3509,1000.);
#840=VECTOR('',#3510,1000.);
#841=VECTOR('',#3511,1000.);
#842=VECTOR('',#3512,1000.);
#843=VECTOR('',#3515,1000.);
#844=VECTOR('',#3516,1000.);
#845=VECTOR('',#3519,1000.);
#846=VECTOR('',#3520,1000.);
#847=VECTOR('',#3523,1000.);
#848=VECTOR('',#3524,1000.);
#849=VECTOR('',#3527,1000.);
#850=VECTOR('',#3534,1000.);
#851=VECTOR('',#3535,1000.);
#852=VECTOR('',#3538,1000.);
#853=VECTOR('',#3539,1000.);
#854=VECTOR('',#3542,1000.);
#855=VECTOR('',#3543,1000.);
#856=VECTOR('',#3546,1000.);
#857=VECTOR('',#3549,1000.);
#858=VECTOR('',#3554,1000.);
#859=VECTOR('',#3555,1000.);
#860=VECTOR('',#3562,1000.);
#861=VECTOR('',#3563,1000.);
#862=VECTOR('',#3564,1000.);
#863=VECTOR('',#3569,1000.);
#864=VECTOR('',#3570,1000.);
#865=VECTOR('',#3571,1000.);
#866=VECTOR('',#3574,1000.);
#867=VECTOR('',#3575,1000.);
#868=VECTOR('',#3576,1000.);
#869=VECTOR('',#3579,1000.);
#870=VECTOR('',#3580,1000.);
#871=VECTOR('',#3581,1000.);
#872=VECTOR('',#3584,1000.);
#873=VECTOR('',#3585,1000.);
#874=VECTOR('',#3586,1000.);
#875=VECTOR('',#3589,1000.);
#876=VECTOR('',#3590,1000.);
#877=VECTOR('',#3591,1000.);
#878=VECTOR('',#3594,1000.);
#879=VECTOR('',#3595,1000.);
#880=VECTOR('',#3598,1000.);
#881=VECTOR('',#3599,1000.);
#882=VECTOR('',#3600,1000.);
#883=VECTOR('',#3603,1000.);
#884=VECTOR('',#3604,1000.);
#885=VECTOR('',#3605,1000.);
#886=VECTOR('',#3608,1000.);
#887=VECTOR('',#3609,1000.);
#888=VECTOR('',#3610,1000.);
#889=VECTOR('',#3613,1000.);
#890=VECTOR('',#3614,1000.);
#891=VECTOR('',#3615,1000.);
#892=VECTOR('',#3618,1000.);
#893=VECTOR('',#3619,1000.);
#894=VECTOR('',#3620,1000.);
#895=VECTOR('',#3623,1000.);
#896=VECTOR('',#3624,1000.);
#897=VECTOR('',#3625,1000.);
#898=VECTOR('',#3628,1000.);
#899=VECTOR('',#3629,1000.);
#900=VECTOR('',#3630,1000.);
#901=VECTOR('',#3631,1000.);
#902=VECTOR('',#3632,1000.);
#903=VECTOR('',#3633,1000.);
#904=VECTOR('',#3634,1000.);
#905=VECTOR('',#3635,1000.);
#906=VECTOR('',#3636,1000.);
#907=VECTOR('',#3637,1000.);
#908=VECTOR('',#3638,1000.);
#909=VECTOR('',#3639,1000.);
#910=VECTOR('',#3642,1000.);
#911=VECTOR('',#3649,1000.);
#912=VECTOR('',#3654,1000.);
#913=VECTOR('',#3667,1000.);
#914=VECTOR('',#3672,1000.);
#915=VECTOR('',#3679,1000.);
#916=VECTOR('',#3684,1000.);
#917=VECTOR('',#3685,1000.);
#918=VECTOR('',#3686,1000.);
#919=VECTOR('',#3691,1000.);
#920=VECTOR('',#3692,1000.);
#921=VECTOR('',#3695,1000.);
#922=VECTOR('',#3696,1000.);
#923=VECTOR('',#3697,1000.);
#924=VECTOR('',#3700,1000.);
#925=VECTOR('',#3701,1000.);
#926=VECTOR('',#3702,1000.);
#927=VECTOR('',#3705,1000.);
#928=VECTOR('',#3706,1000.);
#929=VECTOR('',#3709,1000.);
#930=VECTOR('',#3712,1000.);
#931=VECTOR('',#3713,1000.);
#932=VECTOR('',#3716,1000.);
#933=VECTOR('',#3717,1000.);
#934=VECTOR('',#3718,1000.);
#935=VECTOR('',#3721,1000.);
#936=VECTOR('',#3724,1000.);
#937=VECTOR('',#3727,1000.);
#938=VECTOR('',#3732,1000.);
#939=VECTOR('',#3733,1000.);
#940=VECTOR('',#3734,1000.);
#941=VECTOR('',#3737,1000.);
#942=VECTOR('',#3738,1000.);
#943=VECTOR('',#3739,1000.);
#944=VECTOR('',#3742,1000.);
#945=VECTOR('',#3743,1000.);
#946=VECTOR('',#3746,1000.);
#947=VECTOR('',#3749,1000.);
#948=VECTOR('',#3750,1000.);
#949=VECTOR('',#3753,1000.);
#950=VECTOR('',#3754,1000.);
#951=VECTOR('',#3755,1000.);
#952=VECTOR('',#3758,1000.);
#953=VECTOR('',#3761,1000.);
#954=VECTOR('',#3764,1000.);
#955=VECTOR('',#3769,1000.);
#956=VECTOR('',#3774,1000.);
#957=VECTOR('',#3777,1000.);
#958=VECTOR('',#3780,1000.);
#959=VECTOR('',#3781,1000.);
#960=VECTOR('',#3782,1000.);
#961=VECTOR('',#3783,1000.);
#962=VECTOR('',#3788,1000.);
#963=VECTOR('',#3789,1000.);
#964=VECTOR('',#3794,1000.);
#965=VECTOR('',#3799,1000.);
#966=VECTOR('',#3800,1000.);
#967=VECTOR('',#3803,1000.);
#968=VECTOR('',#3806,1000.);
#969=VECTOR('',#3807,1000.);
#970=VECTOR('',#3810,1000.);
#971=VECTOR('',#3815,1000.);
#972=VECTOR('',#3822,1000.);
#973=VECTOR('',#3829,1000.);
#974=VECTOR('',#3830,1000.);
#975=VECTOR('',#3833,1000.);
#976=VECTOR('',#3834,1000.);
#977=VECTOR('',#3837,1000.);
#978=VECTOR('',#3838,1000.);
#979=VECTOR('',#3841,1000.);
#980=VECTOR('',#3842,1000.);
#981=VECTOR('',#3845,1000.);
#982=VECTOR('',#3846,1000.);
#983=VECTOR('',#3849,1000.);
#984=VECTOR('',#3850,1000.);
#985=VECTOR('',#3889,1000.);
#986=VECTOR('',#3892,1000.);
#987=VECTOR('',#3897,1000.);
#988=VECTOR('',#3900,1000.);
#989=VECTOR('',#3905,1000.);
#990=VECTOR('',#3908,1000.);
#991=VECTOR('',#3913,1000.);
#992=VECTOR('',#3916,1000.);
#993=VECTOR('',#3921,1000.);
#994=VECTOR('',#3924,1000.);
#995=VECTOR('',#3929,1000.);
#996=VECTOR('',#3932,1000.);
#997=CIRCLE('',#2891,10.);
#998=CIRCLE('',#2892,2.74999999999999);
#999=CIRCLE('',#2894,10.);
#1000=CIRCLE('',#2895,9.99999999999948);
#1001=CIRCLE('',#2896,10.);
#1002=CIRCLE('',#2898,2.75);
#1003=CIRCLE('',#2899,2.75);
#1004=CIRCLE('',#2901,10.);
#1005=CIRCLE('',#2902,9.99999999999948);
#1006=CIRCLE('',#2903,10.);
#1007=CIRCLE('',#2904,10.);
#1008=CIRCLE('',#2906,39.5009518295744);
#1009=CIRCLE('',#2907,6.00006463624298);
#1010=CIRCLE('',#2908,6.00006463624288);
#1011=CIRCLE('',#2910,1.82624134307251);
#1012=CIRCLE('',#2912,6.);
#1013=CIRCLE('',#2913,6.);
#1014=CIRCLE('',#2914,6.00000000000004);
#1015=CIRCLE('',#2915,6.00000000000006);
#1016=CIRCLE('',#2916,1.);
#1017=CIRCLE('',#2917,1.);
#1018=CIRCLE('',#2918,1.);
#1019=CIRCLE('',#2919,1.);
#1020=CIRCLE('',#2920,1.);
#1021=CIRCLE('',#2921,1.);
#1022=CIRCLE('',#2922,1.);
#1023=CIRCLE('',#2923,1.);
#1024=CIRCLE('',#2924,1.);
#1025=CIRCLE('',#2925,1.);
#1026=CIRCLE('',#2926,1.);
#1027=CIRCLE('',#2927,1.);
#1028=CIRCLE('',#2928,1.);
#1029=CIRCLE('',#2929,1.);
#1030=CIRCLE('',#2930,1.);
#1031=CIRCLE('',#2931,0.999999999999999);
#1032=CIRCLE('',#2932,0.999999999999999);
#1033=CIRCLE('',#2933,1.);
#1034=CIRCLE('',#2935,2.75);
#1035=CIRCLE('',#2937,2.75);
#1036=CIRCLE('',#2938,2.75);
#1037=CIRCLE('',#2940,1.65);
#1038=CIRCLE('',#2941,1.65);
#1039=CIRCLE('',#2943,2.75);
#1040=CIRCLE('',#2944,2.75);
#1041=CIRCLE('',#2945,2.75);
#1042=CIRCLE('',#2946,2.75);
#1043=CIRCLE('',#2947,2.75);
#1044=CIRCLE('',#2949,2.74999999999999);
#1045=CIRCLE('',#2950,2.75);
#1046=CIRCLE('',#2951,2.74999999999999);
#1047=CIRCLE('',#2952,2.74999999999999);
#1048=CIRCLE('',#2954,2.75);
#1049=CIRCLE('',#2955,2.75);
#1050=CIRCLE('',#2956,2.75);
#1051=CIRCLE('',#2957,2.75);
#1052=CIRCLE('',#2958,2.75);
#1053=CIRCLE('',#2960,2.74999999999999);
#1054=CIRCLE('',#2961,2.75);
#1055=CIRCLE('',#2962,2.74999999999999);
#1056=CIRCLE('',#2963,2.74999999999999);
#1057=CIRCLE('',#2965,6.00000000000006);
#1058=CIRCLE('',#2968,3.5);
#1059=CIRCLE('',#2972,2.);
#1060=CIRCLE('',#2976,7.59995321314986);
#1061=CIRCLE('',#2977,3.50000000000759);
#1062=CIRCLE('',#2979,5.);
#1063=CIRCLE('',#2981,1.82624134307251);
#1064=CIRCLE('',#2983,1.25);
#1065=CIRCLE('',#2984,1.25);
#1066=CIRCLE('',#2986,2.5);
#1067=CIRCLE('',#2987,2.5);
#1068=CIRCLE('',#2988,2.5);
#1069=CIRCLE('',#2989,2.5);
#1070=CIRCLE('',#2995,6.);
#1071=CIRCLE('',#2999,6.00000000000004);
#1072=CIRCLE('',#3001,6.);
#1073=CIRCLE('',#3009,39.5009518295744);
#1074=CIRCLE('',#3015,6.00006463624288);
#1075=CIRCLE('',#3018,6.00006463624298);
#1076=CIRCLE('',#3034,1.);
#1077=CIRCLE('',#3035,1.);
#1078=CIRCLE('',#3036,0.999999999999999);
#1079=CIRCLE('',#3037,0.999999999999999);
#1080=CIRCLE('',#3038,1.);
#1081=CIRCLE('',#3039,1.);
#1082=CIRCLE('',#3040,1.);
#1083=CIRCLE('',#3041,1.);
#1084=CIRCLE('',#3042,1.);
#1085=CIRCLE('',#3043,1.);
#1086=CIRCLE('',#3044,1.);
#1087=CIRCLE('',#3045,1.);
#1088=CIRCLE('',#3046,1.);
#1089=CIRCLE('',#3047,1.);
#1090=CIRCLE('',#3048,1.);
#1091=CIRCLE('',#3049,1.);
#1092=CIRCLE('',#3050,1.);
#1093=CIRCLE('',#3051,1.);
#1094=CIRCLE('',#3077,1.82624134307251);
#1095=VERTEX_POINT('',#3937);
#1096=VERTEX_POINT('',#3938);
#1097=VERTEX_POINT('',#3940);
#1098=VERTEX_POINT('',#3942);
#1099=VERTEX_POINT('',#3945);
#1100=VERTEX_POINT('',#3948);
#1101=VERTEX_POINT('',#3950);
#1102=VERTEX_POINT('',#3952);
#1103=VERTEX_POINT('',#3954);
#1104=VERTEX_POINT('',#3956);
#1105=VERTEX_POINT('',#3958);
#1106=VERTEX_POINT('',#3962);
#1107=VERTEX_POINT('',#3964);
#1108=VERTEX_POINT('',#3966);
#1109=VERTEX_POINT('',#3968);
#1110=VERTEX_POINT('',#3970);
#1111=VERTEX_POINT('',#3972);
#1112=VERTEX_POINT('',#3976);
#1113=VERTEX_POINT('',#3977);
#1114=VERTEX_POINT('',#3979);
#1115=VERTEX_POINT('',#3981);
#1116=VERTEX_POINT('',#3983);
#1117=VERTEX_POINT('',#3985);
#1118=VERTEX_POINT('',#3987);
#1119=VERTEX_POINT('',#3989);
#1120=VERTEX_POINT('',#3993);
#1121=VERTEX_POINT('',#3995);
#1122=VERTEX_POINT('',#3997);
#1123=VERTEX_POINT('',#3999);
#1124=VERTEX_POINT('',#4001);
#1125=VERTEX_POINT('',#4003);
#1126=VERTEX_POINT('',#4005);
#1127=VERTEX_POINT('',#4007);
#1128=VERTEX_POINT('',#4009);
#1129=VERTEX_POINT('',#4011);
#1130=VERTEX_POINT('',#4013);
#1131=VERTEX_POINT('',#4015);
#1132=VERTEX_POINT('',#4017);
#1133=VERTEX_POINT('',#4020);
#1134=VERTEX_POINT('',#4022);
#1135=VERTEX_POINT('',#4024);
#1136=VERTEX_POINT('',#4027);
#1137=VERTEX_POINT('',#4028);
#1138=VERTEX_POINT('',#4030);
#1139=VERTEX_POINT('',#4032);
#1140=VERTEX_POINT('',#4034);
#1141=VERTEX_POINT('',#4036);
#1142=VERTEX_POINT('',#4039);
#1143=VERTEX_POINT('',#4040);
#1144=VERTEX_POINT('',#4042);
#1145=VERTEX_POINT('',#4044);
#1146=VERTEX_POINT('',#4046);
#1147=VERTEX_POINT('',#4050);
#1148=VERTEX_POINT('',#4054);
#1149=VERTEX_POINT('',#4056);
#1150=VERTEX_POINT('',#4058);
#1151=VERTEX_POINT('',#4061);
#1152=VERTEX_POINT('',#4062);
#1153=VERTEX_POINT('',#4064);
#1154=VERTEX_POINT('',#4066);
#1155=VERTEX_POINT('',#4068);
#1156=VERTEX_POINT('',#4070);
#1157=VERTEX_POINT('',#4072);
#1158=VERTEX_POINT('',#4074);
#1159=VERTEX_POINT('',#4076);
#1160=VERTEX_POINT('',#4078);
#1161=VERTEX_POINT('',#4080);
#1162=VERTEX_POINT('',#4082);
#1163=VERTEX_POINT('',#4084);
#1164=VERTEX_POINT('',#4086);
#1165=VERTEX_POINT('',#4088);
#1166=VERTEX_POINT('',#4090);
#1167=VERTEX_POINT('',#4092);
#1168=VERTEX_POINT('',#4094);
#1169=VERTEX_POINT('',#4096);
#1170=VERTEX_POINT('',#4098);
#1171=VERTEX_POINT('',#4100);
#1172=VERTEX_POINT('',#4102);
#1173=VERTEX_POINT('',#4104);
#1174=VERTEX_POINT('',#4106);
#1175=VERTEX_POINT('',#4108);
#1176=VERTEX_POINT('',#4110);
#1177=VERTEX_POINT('',#4112);
#1178=VERTEX_POINT('',#4114);
#1179=VERTEX_POINT('',#4116);
#1180=VERTEX_POINT('',#4118);
#1181=VERTEX_POINT('',#4120);
#1182=VERTEX_POINT('',#4122);
#1183=VERTEX_POINT('',#4124);
#1184=VERTEX_POINT('',#4126);
#1185=VERTEX_POINT('',#4128);
#1186=VERTEX_POINT('',#4130);
#1187=VERTEX_POINT('',#4134);
#1188=VERTEX_POINT('',#4137);
#1189=VERTEX_POINT('',#4140);
#1190=VERTEX_POINT('',#4142);
#1191=VERTEX_POINT('',#4144);
#1192=VERTEX_POINT('',#4146);
#1193=VERTEX_POINT('',#4148);
#1194=VERTEX_POINT('',#4152);
#1195=VERTEX_POINT('',#4154);
#1196=VERTEX_POINT('',#4158);
#1197=VERTEX_POINT('',#4160);
#1198=VERTEX_POINT('',#4162);
#1199=VERTEX_POINT('',#4164);
#1200=VERTEX_POINT('',#4166);
#1201=VERTEX_POINT('',#4168);
#1202=VERTEX_POINT('',#4170);
#1203=VERTEX_POINT('',#4173);
#1204=VERTEX_POINT('',#4177);
#1205=VERTEX_POINT('',#4179);
#1206=VERTEX_POINT('',#4181);
#1207=VERTEX_POINT('',#4183);
#1208=VERTEX_POINT('',#4185);
#1209=VERTEX_POINT('',#4187);
#1210=VERTEX_POINT('',#4190);
#1211=VERTEX_POINT('',#4194);
#1212=VERTEX_POINT('',#4196);
#1213=VERTEX_POINT('',#4198);
#1214=VERTEX_POINT('',#4200);
#1215=VERTEX_POINT('',#4202);
#1216=VERTEX_POINT('',#4204);
#1217=VERTEX_POINT('',#4206);
#1218=VERTEX_POINT('',#4209);
#1219=VERTEX_POINT('',#4213);
#1220=VERTEX_POINT('',#4215);
#1221=VERTEX_POINT('',#4217);
#1222=VERTEX_POINT('',#4219);
#1223=VERTEX_POINT('',#4221);
#1224=VERTEX_POINT('',#4223);
#1225=VERTEX_POINT('',#4226);
#1226=VERTEX_POINT('',#4230);
#1227=VERTEX_POINT('',#4232);
#1228=VERTEX_POINT('',#4236);
#1229=VERTEX_POINT('',#4237);
#1230=VERTEX_POINT('',#4239);
#1231=VERTEX_POINT('',#4243);
#1232=VERTEX_POINT('',#4265);
#1233=VERTEX_POINT('',#4268);
#1234=VERTEX_POINT('',#4283);
#1235=VERTEX_POINT('',#4287);
#1236=VERTEX_POINT('',#4311);
#1237=VERTEX_POINT('',#4313);
#1238=VERTEX_POINT('',#4324);
#1239=VERTEX_POINT('',#4326);
#1240=VERTEX_POINT('',#4329);
#1241=VERTEX_POINT('',#4331);
#1242=VERTEX_POINT('',#4344);
#1243=VERTEX_POINT('',#4345);
#1244=VERTEX_POINT('',#4347);
#1245=VERTEX_POINT('',#4369);
#1246=VERTEX_POINT('',#4371);
#1247=VERTEX_POINT('',#4375);
#1248=VERTEX_POINT('',#4410);
#1249=VERTEX_POINT('',#4414);
#1250=VERTEX_POINT('',#4419);
#1251=VERTEX_POINT('',#4423);
#1252=VERTEX_POINT('',#4425);
#1253=VERTEX_POINT('',#4427);
#1254=VERTEX_POINT('',#4429);
#1255=VERTEX_POINT('',#4448);
#1256=VERTEX_POINT('',#4450);
#1257=VERTEX_POINT('',#4473);
#1258=VERTEX_POINT('',#4475);
#1259=VERTEX_POINT('',#4479);
#1260=VERTEX_POINT('',#4480);
#1261=VERTEX_POINT('',#4483);
#1262=VERTEX_POINT('',#4485);
#1263=VERTEX_POINT('',#4487);
#1264=VERTEX_POINT('',#4489);
#1265=VERTEX_POINT('',#4491);
#1266=VERTEX_POINT('',#4493);
#1267=VERTEX_POINT('',#4495);
#1268=VERTEX_POINT('',#4498);
#1269=VERTEX_POINT('',#4500);
#1270=VERTEX_POINT('',#4502);
#1271=VERTEX_POINT('',#4504);
#1272=VERTEX_POINT('',#4509);
#1273=VERTEX_POINT('',#4510);
#1274=VERTEX_POINT('',#4515);
#1275=VERTEX_POINT('',#4517);
#1276=VERTEX_POINT('',#4521);
#1277=VERTEX_POINT('',#4527);
#1278=VERTEX_POINT('',#4536);
#1279=VERTEX_POINT('',#4538);
#1280=VERTEX_POINT('',#4543);
#1281=VERTEX_POINT('',#4545);
#1282=VERTEX_POINT('',#4548);
#1283=VERTEX_POINT('',#4550);
#1284=VERTEX_POINT('',#4552);
#1285=VERTEX_POINT('',#4554);
#1286=VERTEX_POINT('',#4557);
#1287=VERTEX_POINT('',#4559);
#1288=VERTEX_POINT('',#4561);
#1289=VERTEX_POINT('',#4563);
#1290=VERTEX_POINT('',#4565);
#1291=VERTEX_POINT('',#4567);
#1292=VERTEX_POINT('',#4569);
#1293=VERTEX_POINT('',#4573);
#1294=VERTEX_POINT('',#4577);
#1295=VERTEX_POINT('',#4581);
#1296=VERTEX_POINT('',#4589);
#1297=VERTEX_POINT('',#4593);
#1298=VERTEX_POINT('',#4597);
#1299=VERTEX_POINT('',#4603);
#1300=VERTEX_POINT('',#4607);
#1301=VERTEX_POINT('',#4613);
#1302=VERTEX_POINT('',#4615);
#1303=VERTEX_POINT('',#4620);
#1304=VERTEX_POINT('',#4621);
#1305=VERTEX_POINT('',#4626);
#1306=VERTEX_POINT('',#4628);
#1307=VERTEX_POINT('',#4632);
#1308=VERTEX_POINT('',#4633);
#1309=VERTEX_POINT('',#4638);
#1310=VERTEX_POINT('',#4639);
#1311=VERTEX_POINT('',#4644);
#1312=VERTEX_POINT('',#4646);
#1313=VERTEX_POINT('',#4653);
#1314=VERTEX_POINT('',#4654);
#1315=VERTEX_POINT('',#4659);
#1316=VERTEX_POINT('',#4661);
#1317=VERTEX_POINT('',#4665);
#1318=VERTEX_POINT('',#4666);
#1319=VERTEX_POINT('',#4671);
#1320=VERTEX_POINT('',#4672);
#1321=VERTEX_POINT('',#4677);
#1322=VERTEX_POINT('',#4679);
#1323=VERTEX_POINT('',#4683);
#1324=VERTEX_POINT('',#4685);
#1325=VERTEX_POINT('',#4689);
#1326=VERTEX_POINT('',#4691);
#1327=VERTEX_POINT('',#4693);
#1328=VERTEX_POINT('',#4696);
#1329=VERTEX_POINT('',#4698);
#1330=VERTEX_POINT('',#4700);
#1331=VERTEX_POINT('',#4703);
#1332=VERTEX_POINT('',#4705);
#1333=VERTEX_POINT('',#4707);
#1334=VERTEX_POINT('',#4710);
#1335=VERTEX_POINT('',#4712);
#1336=VERTEX_POINT('',#4716);
#1337=VERTEX_POINT('',#4718);
#1338=VERTEX_POINT('',#4721);
#1339=VERTEX_POINT('',#4723);
#1340=VERTEX_POINT('',#4730);
#1341=VERTEX_POINT('',#4732);
#1342=VERTEX_POINT('',#4735);
#1343=VERTEX_POINT('',#4737);
#1344=VERTEX_POINT('',#4741);
#1345=VERTEX_POINT('',#4743);
#1346=VERTEX_POINT('',#4747);
#1347=VERTEX_POINT('',#4749);
#1348=VERTEX_POINT('',#4754);
#1349=VERTEX_POINT('',#4758);
#1350=VERTEX_POINT('',#4760);
#1351=VERTEX_POINT('',#4764);
#1352=VERTEX_POINT('',#4766);
#1353=VERTEX_POINT('',#4770);
#1354=VERTEX_POINT('',#4776);
#1355=VERTEX_POINT('',#4780);
#1356=VERTEX_POINT('',#4782);
#1357=VERTEX_POINT('',#4793);
#1358=VERTEX_POINT('',#4795);
#1359=VERTEX_POINT('',#4799);
#1360=VERTEX_POINT('',#4801);
#1361=VERTEX_POINT('',#4805);
#1362=VERTEX_POINT('',#4811);
#1363=VERTEX_POINT('',#4815);
#1364=VERTEX_POINT('',#4817);
#1365=VERTEX_POINT('',#4830);
#1366=VERTEX_POINT('',#4836);
#1367=VERTEX_POINT('',#4838);
#1368=VERTEX_POINT('',#4840);
#1369=VERTEX_POINT('',#4852);
#1370=VERTEX_POINT('',#4858);
#1371=EDGE_CURVE('',#1095,#1096,#997,.T.);
#1372=EDGE_CURVE('',#1097,#1095,#399,.T.);
#1373=EDGE_CURVE('',#1097,#1098,#400,.T.);
#1374=EDGE_CURVE('',#1098,#1096,#401,.T.);
#1375=EDGE_CURVE('',#1099,#1099,#998,.T.);
#1376=EDGE_CURVE('',#1096,#1100,#402,.T.);
#1377=EDGE_CURVE('',#1101,#1100,#999,.T.);
#1378=EDGE_CURVE('',#1102,#1101,#403,.T.);
#1379=EDGE_CURVE('',#1103,#1102,#1000,.T.);
#1380=EDGE_CURVE('',#1103,#1104,#404,.T.);
#1381=EDGE_CURVE('',#1105,#1104,#1001,.T.);
#1382=EDGE_CURVE('',#1095,#1105,#405,.T.);
#1383=EDGE_CURVE('',#1106,#1104,#406,.T.);
#1384=EDGE_CURVE('',#1107,#1106,#1002,.T.);
#1385=EDGE_CURVE('',#1108,#1107,#407,.T.);
#1386=EDGE_CURVE('',#1109,#1108,#1003,.T.);
#1387=EDGE_CURVE('',#1110,#1109,#408,.T.);
#1388=EDGE_CURVE('',#1111,#1110,#409,.T.);
#1389=EDGE_CURVE('',#1105,#1111,#410,.T.);
#1390=EDGE_CURVE('',#1112,#1113,#1004,.T.);
#1391=EDGE_CURVE('',#1114,#1112,#411,.T.);
#1392=EDGE_CURVE('',#1114,#1115,#1005,.T.);
#1393=EDGE_CURVE('',#1115,#1116,#412,.T.);
#1394=EDGE_CURVE('',#1117,#1116,#1006,.T.);
#1395=EDGE_CURVE('',#1117,#1118,#413,.T.);
#1396=EDGE_CURVE('',#1118,#1119,#1007,.T.);
#1397=EDGE_CURVE('',#1119,#1113,#414,.T.);
#1398=EDGE_CURVE('',#1111,#1120,#415,.T.);
#1399=EDGE_CURVE('',#1120,#1121,#416,.T.);
#1400=EDGE_CURVE('',#1121,#1122,#417,.T.);
#1401=EDGE_CURVE('',#1122,#1123,#418,.T.);
#1402=EDGE_CURVE('',#1123,#1124,#419,.T.);
#1403=EDGE_CURVE('',#1124,#1125,#420,.T.);
#1404=EDGE_CURVE('',#1125,#1126,#1008,.T.);
#1405=EDGE_CURVE('',#1126,#1127,#421,.T.);
#1406=EDGE_CURVE('',#1127,#1128,#422,.T.);
#1407=EDGE_CURVE('',#1128,#1129,#423,.T.);
#1408=EDGE_CURVE('',#1129,#1130,#424,.T.);
#1409=EDGE_CURVE('',#1130,#1131,#425,.T.);
#1410=EDGE_CURVE('',#1131,#1132,#426,.T.);
#1411=EDGE_CURVE('',#1132,#1113,#427,.T.);
#1412=EDGE_CURVE('',#1133,#1119,#428,.T.);
#1413=EDGE_CURVE('',#1133,#1134,#1009,.T.);
#1414=EDGE_CURVE('',#1134,#1135,#429,.T.);
#1415=EDGE_CURVE('',#1135,#1097,#1010,.T.);
#1416=EDGE_CURVE('',#1136,#1137,#430,.T.);
#1417=EDGE_CURVE('',#1137,#1138,#431,.T.);
#1418=EDGE_CURVE('',#1138,#1139,#33,.T.);
#1419=EDGE_CURVE('',#1139,#1140,#1011,.T.);
#1420=EDGE_CURVE('',#1140,#1141,#34,.T.);
#1421=EDGE_CURVE('',#1141,#1136,#432,.T.);
#1422=EDGE_CURVE('',#1142,#1143,#1012,.T.);
#1423=EDGE_CURVE('',#1143,#1144,#433,.T.);
#1424=EDGE_CURVE('',#1144,#1145,#1013,.T.);
#1425=EDGE_CURVE('',#1145,#1146,#27,.F.);
#1426=EDGE_CURVE('',#1146,#1147,#28,.F.);
#1427=EDGE_CURVE('',#1147,#1148,#1014,.T.);
#1428=EDGE_CURVE('',#1148,#1149,#434,.T.);
#1429=EDGE_CURVE('',#1149,#1150,#1015,.T.);
#1430=EDGE_CURVE('',#1150,#1142,#435,.T.);
#1431=EDGE_CURVE('',#1151,#1152,#436,.T.);
#1432=EDGE_CURVE('',#1151,#1153,#1016,.T.);
#1433=EDGE_CURVE('',#1153,#1154,#437,.T.);
#1434=EDGE_CURVE('',#1154,#1155,#1017,.T.);
#1435=EDGE_CURVE('',#1156,#1155,#438,.T.);
#1436=EDGE_CURVE('',#1156,#1157,#1018,.T.);
#1437=EDGE_CURVE('',#1157,#1158,#439,.T.);
#1438=EDGE_CURVE('',#1158,#1159,#1019,.T.);
#1439=EDGE_CURVE('',#1159,#1160,#440,.T.);
#1440=EDGE_CURVE('',#1160,#1161,#1020,.T.);
#1441=EDGE_CURVE('',#1162,#1161,#441,.T.);
#1442=EDGE_CURVE('',#1162,#1163,#1021,.T.);
#1443=EDGE_CURVE('',#1163,#1164,#442,.T.);
#1444=EDGE_CURVE('',#1164,#1165,#1022,.T.);
#1445=EDGE_CURVE('',#1166,#1165,#443,.T.);
#1446=EDGE_CURVE('',#1166,#1167,#1023,.T.);
#1447=EDGE_CURVE('',#1167,#1168,#444,.T.);
#1448=EDGE_CURVE('',#1168,#1169,#1024,.T.);
#1449=EDGE_CURVE('',#1169,#1170,#445,.T.);
#1450=EDGE_CURVE('',#1170,#1171,#1025,.T.);
#1451=EDGE_CURVE('',#1171,#1172,#446,.T.);
#1452=EDGE_CURVE('',#1172,#1173,#1026,.T.);
#1453=EDGE_CURVE('',#1173,#1174,#447,.T.);
#1454=EDGE_CURVE('',#1174,#1175,#1027,.T.);
#1455=EDGE_CURVE('',#1175,#1176,#448,.T.);
#1456=EDGE_CURVE('',#1176,#1177,#1028,.T.);
#1457=EDGE_CURVE('',#1178,#1177,#449,.T.);
#1458=EDGE_CURVE('',#1178,#1179,#1029,.T.);
#1459=EDGE_CURVE('',#1179,#1180,#450,.T.);
#1460=EDGE_CURVE('',#1180,#1181,#1030,.T.);
#1461=EDGE_CURVE('',#1182,#1181,#451,.T.);
#1462=EDGE_CURVE('',#1182,#1183,#1031,.T.);
#1463=EDGE_CURVE('',#1183,#1184,#452,.T.);
#1464=EDGE_CURVE('',#1184,#1185,#1032,.T.);
#1465=EDGE_CURVE('',#1185,#1186,#453,.T.);
#1466=EDGE_CURVE('',#1186,#1152,#1033,.T.);
#1467=EDGE_CURVE('',#1118,#1187,#454,.T.);
#1468=EDGE_CURVE('',#1187,#1133,#455,.T.);
#1469=EDGE_CURVE('',#1188,#1188,#1034,.T.);
#1470=EDGE_CURVE('',#1132,#1189,#456,.T.);
#1471=EDGE_CURVE('',#1189,#1190,#457,.T.);
#1472=EDGE_CURVE('',#1191,#1190,#1035,.T.);
#1473=EDGE_CURVE('',#1191,#1192,#458,.T.);
#1474=EDGE_CURVE('',#1193,#1192,#1036,.T.);
#1475=EDGE_CURVE('',#1193,#1112,#459,.T.);
#1476=EDGE_CURVE('',#1194,#1194,#1037,.T.);
#1477=EDGE_CURVE('',#1194,#1195,#460,.T.);
#1478=EDGE_CURVE('',#1195,#1195,#1038,.T.);
#1479=EDGE_CURVE('',#1196,#1196,#1039,.T.);
#1480=EDGE_CURVE('',#1196,#1197,#461,.T.);
#1481=EDGE_CURVE('',#1197,#1198,#1040,.T.);
#1482=EDGE_CURVE('',#1198,#1199,#462,.T.);
#1483=EDGE_CURVE('',#1199,#1200,#1041,.T.);
#1484=EDGE_CURVE('',#1201,#1200,#463,.T.);
#1485=EDGE_CURVE('',#1201,#1202,#1042,.T.);
#1486=EDGE_CURVE('',#1202,#1191,#464,.T.);
#1487=EDGE_CURVE('',#1203,#1190,#465,.T.);
#1488=EDGE_CURVE('',#1203,#1197,#1043,.T.);
#1489=EDGE_CURVE('',#1188,#1204,#466,.T.);
#1490=EDGE_CURVE('',#1204,#1205,#1044,.T.);
#1491=EDGE_CURVE('',#1205,#1206,#467,.T.);
#1492=EDGE_CURVE('',#1206,#1207,#1045,.T.);
#1493=EDGE_CURVE('',#1208,#1207,#468,.T.);
#1494=EDGE_CURVE('',#1208,#1209,#1046,.T.);
#1495=EDGE_CURVE('',#1209,#1193,#469,.T.);
#1496=EDGE_CURVE('',#1210,#1192,#470,.T.);
#1497=EDGE_CURVE('',#1210,#1204,#1047,.T.);
#1498=EDGE_CURVE('',#1211,#1211,#1048,.T.);
#1499=EDGE_CURVE('',#1211,#1212,#471,.T.);
#1500=EDGE_CURVE('',#1213,#1212,#1049,.T.);
#1501=EDGE_CURVE('',#1213,#1214,#472,.T.);
#1502=EDGE_CURVE('',#1214,#1215,#1050,.T.);
#1503=EDGE_CURVE('',#1216,#1215,#473,.T.);
#1504=EDGE_CURVE('',#1217,#1216,#1051,.T.);
#1505=EDGE_CURVE('',#1217,#1109,#474,.T.);
#1506=EDGE_CURVE('',#1218,#1108,#475,.T.);
#1507=EDGE_CURVE('',#1212,#1218,#1052,.T.);
#1508=EDGE_CURVE('',#1099,#1219,#476,.T.);
#1509=EDGE_CURVE('',#1220,#1219,#1053,.T.);
#1510=EDGE_CURVE('',#1220,#1221,#477,.T.);
#1511=EDGE_CURVE('',#1221,#1222,#1054,.T.);
#1512=EDGE_CURVE('',#1223,#1222,#478,.T.);
#1513=EDGE_CURVE('',#1224,#1223,#1055,.T.);
#1514=EDGE_CURVE('',#1224,#1107,#479,.T.);
#1515=EDGE_CURVE('',#1225,#1106,#480,.T.);
#1516=EDGE_CURVE('',#1219,#1225,#1056,.T.);
#1517=EDGE_CURVE('',#1226,#1149,#481,.T.);
#1518=EDGE_CURVE('',#1227,#1226,#1057,.T.);
#1519=EDGE_CURVE('',#1227,#1150,#482,.T.);
#1520=EDGE_CURVE('',#1228,#1229,#35,.T.);
#1521=EDGE_CURVE('',#1229,#1230,#29,.T.);
#1522=EDGE_CURVE('',#1230,#1231,#30,.T.);
#1523=EDGE_CURVE('',#1231,#1147,#15,.T.);
#1524=EDGE_CURVE('',#1146,#1232,#483,.T.);
#1525=EDGE_CURVE('',#1232,#1232,#1058,.T.);
#1526=EDGE_CURVE('',#1145,#1233,#16,.T.);
#1527=EDGE_CURVE('',#1233,#1234,#31,.T.);
#1528=EDGE_CURVE('',#1234,#1235,#32,.T.);
#1529=EDGE_CURVE('',#1235,#1228,#36,.T.);
#1530=EDGE_CURVE('',#1139,#1140,#17,.T.);
#1531=EDGE_CURVE('',#1236,#1138,#484,.T.);
#1532=EDGE_CURVE('',#1237,#1236,#18,.T.);
#1533=EDGE_CURVE('',#1238,#1237,#37,.T.);
#1534=EDGE_CURVE('',#1238,#1239,#485,.T.);
#1535=EDGE_CURVE('',#1239,#1239,#1059,.T.);
#1536=EDGE_CURVE('',#1240,#1238,#38,.T.);
#1537=EDGE_CURVE('',#1241,#1240,#19,.F.);
#1538=EDGE_CURVE('',#1141,#1241,#486,.T.);
#1539=EDGE_CURVE('',#1242,#1243,#39,.T.);
#1540=EDGE_CURVE('',#1244,#1243,#20,.F.);
#1541=EDGE_CURVE('',#1242,#1244,#21,.F.);
#1542=EDGE_CURVE('',#1245,#1245,#1060,.T.);
#1543=EDGE_CURVE('',#1245,#1246,#487,.T.);
#1544=EDGE_CURVE('',#1246,#1246,#1061,.T.);
#1545=EDGE_CURVE('',#1247,#1247,#22,.T.);
#1546=EDGE_CURVE('',#1247,#1248,#488,.T.);
#1547=EDGE_CURVE('',#1248,#1248,#1062,.T.);
#1548=EDGE_CURVE('',#1240,#1249,#1063,.T.);
#1549=EDGE_CURVE('',#1249,#1241,#489,.T.);
#1550=EDGE_CURVE('',#1242,#1243,#1064,.T.);
#1551=EDGE_CURVE('',#1244,#1250,#490,.T.);
#1552=EDGE_CURVE('',#1250,#1250,#1065,.T.);
#1553=EDGE_CURVE('',#1251,#1251,#1066,.T.);
#1554=EDGE_CURVE('',#1251,#1252,#491,.T.);
#1555=EDGE_CURVE('',#1252,#1253,#1067,.T.);
#1556=EDGE_CURVE('',#1253,#1254,#23,.T.);
#1557=EDGE_CURVE('',#1254,#1255,#1068,.T.);
#1558=EDGE_CURVE('',#1255,#1256,#24,.T.);
#1559=EDGE_CURVE('',#1256,#1252,#1069,.T.);
#1560=EDGE_CURVE('',#1222,#1214,#492,.T.);
#1561=EDGE_CURVE('',#1101,#1221,#493,.T.);
#1562=EDGE_CURVE('',#1100,#1257,#494,.T.);
#1563=EDGE_CURVE('',#1258,#1257,#495,.T.);
#1564=EDGE_CURVE('',#1215,#1258,#496,.T.);
#1565=EDGE_CURVE('',#1259,#1260,#497,.T.);
#1566=EDGE_CURVE('',#1259,#1258,#498,.T.);
#1567=EDGE_CURVE('',#1257,#1261,#499,.T.);
#1568=EDGE_CURVE('',#1261,#1262,#500,.T.);
#1569=EDGE_CURVE('',#1262,#1263,#501,.T.);
#1570=EDGE_CURVE('',#1263,#1264,#502,.T.);
#1571=EDGE_CURVE('',#1264,#1265,#503,.T.);
#1572=EDGE_CURVE('',#1265,#1266,#504,.T.);
#1573=EDGE_CURVE('',#1266,#1267,#505,.T.);
#1574=EDGE_CURVE('',#1125,#1267,#506,.T.);
#1575=EDGE_CURVE('',#1124,#1268,#507,.T.);
#1576=EDGE_CURVE('',#1268,#1269,#508,.T.);
#1577=EDGE_CURVE('',#1269,#1270,#509,.T.);
#1578=EDGE_CURVE('',#1270,#1271,#510,.T.);
#1579=EDGE_CURVE('',#1271,#1120,#511,.T.);
#1580=EDGE_CURVE('',#1260,#1110,#512,.T.);
#1581=EDGE_CURVE('',#1272,#1273,#513,.T.);
#1582=EDGE_CURVE('',#1272,#1253,#514,.T.);
#1583=EDGE_CURVE('',#1256,#1273,#515,.T.);
#1584=EDGE_CURVE('',#1144,#1274,#516,.T.);
#1585=EDGE_CURVE('',#1275,#1143,#517,.T.);
#1586=EDGE_CURVE('',#1274,#1275,#518,.T.);
#1587=EDGE_CURVE('',#1276,#1142,#519,.T.);
#1588=EDGE_CURVE('',#1275,#1276,#1070,.T.);
#1589=EDGE_CURVE('',#1276,#1227,#520,.T.);
#1590=EDGE_CURVE('',#1277,#1148,#521,.T.);
#1591=EDGE_CURVE('',#1226,#1277,#522,.T.);
#1592=EDGE_CURVE('',#1277,#1231,#1071,.T.);
#1593=EDGE_CURVE('',#1233,#1274,#1072,.T.);
#1594=EDGE_CURVE('',#1206,#1200,#523,.T.);
#1595=EDGE_CURVE('',#1199,#1278,#524,.T.);
#1596=EDGE_CURVE('',#1278,#1279,#525,.T.);
#1597=EDGE_CURVE('',#1279,#1117,#526,.T.);
#1598=EDGE_CURVE('',#1116,#1207,#527,.T.);
#1599=EDGE_CURVE('',#1280,#1278,#528,.T.);
#1600=EDGE_CURVE('',#1280,#1281,#529,.T.);
#1601=EDGE_CURVE('',#1281,#1189,#530,.T.);
#1602=EDGE_CURVE('',#1131,#1282,#531,.T.);
#1603=EDGE_CURVE('',#1282,#1283,#532,.T.);
#1604=EDGE_CURVE('',#1283,#1284,#533,.T.);
#1605=EDGE_CURVE('',#1284,#1285,#534,.T.);
#1606=EDGE_CURVE('',#1285,#1127,#535,.T.);
#1607=EDGE_CURVE('',#1126,#1286,#536,.T.);
#1608=EDGE_CURVE('',#1286,#1287,#537,.T.);
#1609=EDGE_CURVE('',#1287,#1288,#538,.T.);
#1610=EDGE_CURVE('',#1288,#1289,#539,.T.);
#1611=EDGE_CURVE('',#1289,#1290,#540,.T.);
#1612=EDGE_CURVE('',#1290,#1291,#541,.T.);
#1613=EDGE_CURVE('',#1291,#1292,#542,.T.);
#1614=EDGE_CURVE('',#1292,#1279,#543,.T.);
#1615=EDGE_CURVE('',#1282,#1293,#544,.T.);
#1616=EDGE_CURVE('',#1293,#1130,#545,.T.);
#1617=EDGE_CURVE('',#1293,#1294,#546,.T.);
#1618=EDGE_CURVE('',#1294,#1129,#547,.T.);
#1619=EDGE_CURVE('',#1294,#1295,#548,.T.);
#1620=EDGE_CURVE('',#1295,#1128,#549,.T.);
#1621=EDGE_CURVE('',#1295,#1285,#550,.T.);
#1622=EDGE_CURVE('',#1267,#1286,#1073,.T.);
#1623=EDGE_CURVE('',#1268,#1296,#551,.T.);
#1624=EDGE_CURVE('',#1296,#1123,#552,.T.);
#1625=EDGE_CURVE('',#1296,#1297,#553,.T.);
#1626=EDGE_CURVE('',#1297,#1122,#554,.T.);
#1627=EDGE_CURVE('',#1297,#1298,#555,.T.);
#1628=EDGE_CURVE('',#1298,#1121,#556,.T.);
#1629=EDGE_CURVE('',#1298,#1271,#557,.T.);
#1630=EDGE_CURVE('',#1299,#1135,#558,.T.);
#1631=EDGE_CURVE('',#1098,#1299,#1074,.T.);
#1632=EDGE_CURVE('',#1134,#1300,#559,.T.);
#1633=EDGE_CURVE('',#1300,#1299,#560,.T.);
#1634=EDGE_CURVE('',#1300,#1187,#1075,.T.);
#1635=EDGE_CURVE('',#1301,#1136,#561,.T.);
#1636=EDGE_CURVE('',#1302,#1301,#562,.T.);
#1637=EDGE_CURVE('',#1137,#1302,#563,.T.);
#1638=EDGE_CURVE('',#1303,#1304,#564,.T.);
#1639=EDGE_CURVE('',#1303,#1186,#565,.T.);
#1640=EDGE_CURVE('',#1185,#1304,#566,.T.);
#1641=EDGE_CURVE('',#1183,#1305,#567,.T.);
#1642=EDGE_CURVE('',#1306,#1305,#568,.T.);
#1643=EDGE_CURVE('',#1306,#1184,#569,.T.);
#1644=EDGE_CURVE('',#1307,#1308,#570,.T.);
#1645=EDGE_CURVE('',#1307,#1180,#571,.T.);
#1646=EDGE_CURVE('',#1179,#1308,#572,.T.);
#1647=EDGE_CURVE('',#1309,#1310,#573,.T.);
#1648=EDGE_CURVE('',#1309,#1176,#574,.T.);
#1649=EDGE_CURVE('',#1175,#1310,#575,.T.);
#1650=EDGE_CURVE('',#1173,#1311,#576,.T.);
#1651=EDGE_CURVE('',#1312,#1311,#577,.T.);
#1652=EDGE_CURVE('',#1312,#1174,#578,.T.);
#1653=EDGE_CURVE('',#1254,#1172,#579,.T.);
#1654=EDGE_CURVE('',#1171,#1255,#580,.T.);
#1655=EDGE_CURVE('',#1313,#1314,#581,.T.);
#1656=EDGE_CURVE('',#1313,#1170,#582,.T.);
#1657=EDGE_CURVE('',#1169,#1314,#583,.T.);
#1658=EDGE_CURVE('',#1167,#1315,#584,.T.);
#1659=EDGE_CURVE('',#1316,#1315,#585,.T.);
#1660=EDGE_CURVE('',#1316,#1168,#586,.T.);
#1661=EDGE_CURVE('',#1317,#1318,#587,.T.);
#1662=EDGE_CURVE('',#1317,#1164,#588,.T.);
#1663=EDGE_CURVE('',#1163,#1318,#589,.T.);
#1664=EDGE_CURVE('',#1319,#1320,#590,.T.);
#1665=EDGE_CURVE('',#1319,#1160,#591,.T.);
#1666=EDGE_CURVE('',#1159,#1320,#592,.T.);
#1667=EDGE_CURVE('',#1157,#1321,#593,.T.);
#1668=EDGE_CURVE('',#1322,#1321,#594,.T.);
#1669=EDGE_CURVE('',#1322,#1158,#595,.T.);
#1670=EDGE_CURVE('',#1153,#1323,#596,.T.);
#1671=EDGE_CURVE('',#1324,#1323,#597,.T.);
#1672=EDGE_CURVE('',#1324,#1154,#598,.T.);
#1673=EDGE_CURVE('',#1325,#1292,#599,.T.);
#1674=EDGE_CURVE('',#1326,#1325,#600,.T.);
#1675=EDGE_CURVE('',#1327,#1326,#601,.T.);
#1676=EDGE_CURVE('',#1287,#1327,#602,.T.);
#1677=EDGE_CURVE('',#1328,#1266,#603,.T.);
#1678=EDGE_CURVE('',#1329,#1328,#604,.T.);
#1679=EDGE_CURVE('',#1330,#1329,#605,.T.);
#1680=EDGE_CURVE('',#1261,#1330,#606,.T.);
#1681=EDGE_CURVE('',#1234,#1331,#607,.T.);
#1682=EDGE_CURVE('',#1332,#1230,#608,.T.);
#1683=EDGE_CURVE('',#1333,#1332,#609,.T.);
#1684=EDGE_CURVE('',#1331,#1333,#610,.T.);
#1685=EDGE_CURVE('',#1323,#1334,#1076,.T.);
#1686=EDGE_CURVE('',#1334,#1335,#611,.T.);
#1687=EDGE_CURVE('',#1335,#1303,#1077,.T.);
#1688=EDGE_CURVE('',#1304,#1306,#1078,.T.);
#1689=EDGE_CURVE('',#1305,#1336,#1079,.T.);
#1690=EDGE_CURVE('',#1336,#1337,#612,.T.);
#1691=EDGE_CURVE('',#1337,#1307,#1080,.T.);
#1692=EDGE_CURVE('',#1308,#1338,#1081,.T.);
#1693=EDGE_CURVE('',#1338,#1339,#613,.T.);
#1694=EDGE_CURVE('',#1339,#1309,#1082,.T.);
#1695=EDGE_CURVE('',#1310,#1312,#1083,.T.);
#1696=EDGE_CURVE('',#1311,#1272,#1084,.T.);
#1697=EDGE_CURVE('',#1273,#1313,#1085,.T.);
#1698=EDGE_CURVE('',#1314,#1316,#1086,.T.);
#1699=EDGE_CURVE('',#1315,#1340,#1087,.T.);
#1700=EDGE_CURVE('',#1340,#1341,#614,.T.);
#1701=EDGE_CURVE('',#1341,#1317,#1088,.T.);
#1702=EDGE_CURVE('',#1318,#1342,#1089,.T.);
#1703=EDGE_CURVE('',#1342,#1343,#615,.T.);
#1704=EDGE_CURVE('',#1343,#1319,#1090,.T.);
#1705=EDGE_CURVE('',#1320,#1322,#1091,.T.);
#1706=EDGE_CURVE('',#1321,#1344,#1092,.T.);
#1707=EDGE_CURVE('',#1344,#1345,#616,.T.);
#1708=EDGE_CURVE('',#1345,#1324,#1093,.T.);
#1709=EDGE_CURVE('',#1346,#1228,#617,.T.);
#1710=EDGE_CURVE('',#1347,#1346,#618,.T.);
#1711=EDGE_CURVE('',#1229,#1347,#619,.T.);
#1712=EDGE_CURVE('',#1348,#1235,#620,.T.);
#1713=EDGE_CURVE('',#1346,#1348,#621,.T.);
#1714=EDGE_CURVE('',#1290,#1349,#622,.T.);
#1715=EDGE_CURVE('',#1349,#1350,#623,.T.);
#1716=EDGE_CURVE('',#1350,#1291,#624,.T.);
#1717=EDGE_CURVE('',#1351,#1289,#625,.T.);
#1718=EDGE_CURVE('',#1352,#1351,#626,.T.);
#1719=EDGE_CURVE('',#1349,#1352,#627,.T.);
#1720=EDGE_CURVE('',#1353,#1351,#628,.T.);
#1721=EDGE_CURVE('',#1288,#1353,#629,.T.);
#1722=EDGE_CURVE('',#1353,#1327,#630,.T.);
#1723=EDGE_CURVE('',#1354,#1295,#631,.T.);
#1724=EDGE_CURVE('',#1284,#1354,#632,.T.);
#1725=EDGE_CURVE('',#1355,#1283,#633,.T.);
#1726=EDGE_CURVE('',#1356,#1355,#634,.T.);
#1727=EDGE_CURVE('',#1354,#1356,#635,.T.);
#1728=EDGE_CURVE('',#1293,#1355,#636,.T.);
#1729=EDGE_CURVE('',#1325,#1350,#637,.T.);
#1730=EDGE_CURVE('',#1294,#1356,#638,.T.);
#1731=EDGE_CURVE('',#1357,#1264,#639,.T.);
#1732=EDGE_CURVE('',#1358,#1357,#640,.T.);
#1733=EDGE_CURVE('',#1265,#1358,#641,.T.);
#1734=EDGE_CURVE('',#1359,#1357,#642,.T.);
#1735=EDGE_CURVE('',#1263,#1360,#643,.T.);
#1736=EDGE_CURVE('',#1360,#1359,#644,.T.);
#1737=EDGE_CURVE('',#1361,#1262,#645,.T.);
#1738=EDGE_CURVE('',#1360,#1361,#646,.T.);
#1739=EDGE_CURVE('',#1361,#1330,#647,.T.);
#1740=EDGE_CURVE('',#1362,#1270,#648,.T.);
#1741=EDGE_CURVE('',#1298,#1362,#649,.T.);
#1742=EDGE_CURVE('',#1363,#1362,#650,.T.);
#1743=EDGE_CURVE('',#1269,#1364,#651,.T.);
#1744=EDGE_CURVE('',#1364,#1363,#652,.T.);
#1745=EDGE_CURVE('',#1364,#1296,#653,.T.);
#1746=EDGE_CURVE('',#1328,#1358,#654,.T.);
#1747=EDGE_CURVE('',#1363,#1297,#655,.T.);
#1748=EDGE_CURVE('',#1301,#1249,#656,.T.);
#1749=EDGE_CURVE('',#1365,#1237,#1094,.T.);
#1750=EDGE_CURVE('',#1302,#1365,#657,.T.);
#1751=EDGE_CURVE('',#1236,#1365,#658,.T.);
#1752=EDGE_CURVE('',#1366,#1348,#659,.T.);
#1753=EDGE_CURVE('',#1367,#1366,#660,.T.);
#1754=EDGE_CURVE('',#1368,#1367,#661,.T.);
#1755=EDGE_CURVE('',#1347,#1368,#662,.T.);
#1756=EDGE_CURVE('',#1331,#1366,#663,.T.);
#1757=EDGE_CURVE('',#1367,#1333,#664,.T.);
#1758=EDGE_CURVE('',#1332,#1368,#665,.T.);
#1759=EDGE_CURVE('',#1369,#1350,#666,.T.);
#1760=EDGE_CURVE('',#1326,#1369,#667,.T.);
#1761=EDGE_CURVE('',#1353,#1369,#668,.T.);
#1762=EDGE_CURVE('',#1370,#1358,#669,.T.);
#1763=EDGE_CURVE('',#1329,#1370,#670,.T.);
#1764=EDGE_CURVE('',#1361,#1370,#671,.T.);
#1765=EDGE_CURVE('',#1352,#1369,#672,.T.);
#1766=EDGE_CURVE('',#1370,#1359,#673,.T.);
#1767=EDGE_CURVE('',#1165,#1341,#674,.T.);
#1768=EDGE_CURVE('',#1340,#1166,#675,.T.);
#1769=EDGE_CURVE('',#1338,#1178,#676,.T.);
#1770=EDGE_CURVE('',#1177,#1339,#677,.T.);
#1771=EDGE_CURVE('',#1181,#1337,#678,.T.);
#1772=EDGE_CURVE('',#1336,#1182,#679,.T.);
#1773=EDGE_CURVE('',#1334,#1151,#680,.T.);
#1774=EDGE_CURVE('',#1152,#1335,#681,.T.);
#1775=EDGE_CURVE('',#1155,#1345,#682,.T.);
#1776=EDGE_CURVE('',#1344,#1156,#683,.T.);
#1777=EDGE_CURVE('',#1342,#1162,#684,.T.);
#1778=EDGE_CURVE('',#1161,#1343,#685,.T.);
#1779=EDGE_CURVE('',#1216,#1259,#686,.T.);
#1780=EDGE_CURVE('',#1260,#1217,#687,.T.);
#1781=EDGE_CURVE('',#1102,#1220,#688,.T.);
#1782=EDGE_CURVE('',#1225,#1103,#689,.T.);
#1783=EDGE_CURVE('',#1223,#1213,#690,.T.);
#1784=EDGE_CURVE('',#1218,#1224,#691,.T.);
#1785=EDGE_CURVE('',#1198,#1280,#692,.T.);
#1786=EDGE_CURVE('',#1281,#1203,#693,.T.);
#1787=EDGE_CURVE('',#1209,#1114,#694,.T.);
#1788=EDGE_CURVE('',#1115,#1208,#695,.T.);
#1789=EDGE_CURVE('',#1202,#1210,#696,.T.);
#1790=EDGE_CURVE('',#1205,#1201,#697,.T.);
#1791=ORIENTED_EDGE('',*,*,#1371,.F.);
#1792=ORIENTED_EDGE('',*,*,#1372,.F.);
#1793=ORIENTED_EDGE('',*,*,#1373,.T.);
#1794=ORIENTED_EDGE('',*,*,#1374,.T.);
#1795=ORIENTED_EDGE('',*,*,#1375,.T.);
#1796=ORIENTED_EDGE('',*,*,#1371,.T.);
#1797=ORIENTED_EDGE('',*,*,#1376,.T.);
#1798=ORIENTED_EDGE('',*,*,#1377,.F.);
#1799=ORIENTED_EDGE('',*,*,#1378,.F.);
#1800=ORIENTED_EDGE('',*,*,#1379,.F.);
#1801=ORIENTED_EDGE('',*,*,#1380,.T.);
#1802=ORIENTED_EDGE('',*,*,#1381,.F.);
#1803=ORIENTED_EDGE('',*,*,#1382,.F.);
#1804=ORIENTED_EDGE('',*,*,#1381,.T.);
#1805=ORIENTED_EDGE('',*,*,#1383,.F.);
#1806=ORIENTED_EDGE('',*,*,#1384,.F.);
#1807=ORIENTED_EDGE('',*,*,#1385,.F.);
#1808=ORIENTED_EDGE('',*,*,#1386,.F.);
#1809=ORIENTED_EDGE('',*,*,#1387,.F.);
#1810=ORIENTED_EDGE('',*,*,#1388,.F.);
#1811=ORIENTED_EDGE('',*,*,#1389,.F.);
#1812=ORIENTED_EDGE('',*,*,#1390,.F.);
#1813=ORIENTED_EDGE('',*,*,#1391,.F.);
#1814=ORIENTED_EDGE('',*,*,#1392,.T.);
#1815=ORIENTED_EDGE('',*,*,#1393,.T.);
#1816=ORIENTED_EDGE('',*,*,#1394,.F.);
#1817=ORIENTED_EDGE('',*,*,#1395,.T.);
#1818=ORIENTED_EDGE('',*,*,#1396,.T.);
#1819=ORIENTED_EDGE('',*,*,#1397,.T.);
#1820=ORIENTED_EDGE('',*,*,#1382,.T.);
#1821=ORIENTED_EDGE('',*,*,#1389,.T.);
#1822=ORIENTED_EDGE('',*,*,#1398,.T.);
#1823=ORIENTED_EDGE('',*,*,#1399,.T.);
#1824=ORIENTED_EDGE('',*,*,#1400,.T.);
#1825=ORIENTED_EDGE('',*,*,#1401,.T.);
#1826=ORIENTED_EDGE('',*,*,#1402,.T.);
#1827=ORIENTED_EDGE('',*,*,#1403,.T.);
#1828=ORIENTED_EDGE('',*,*,#1404,.T.);
#1829=ORIENTED_EDGE('',*,*,#1405,.T.);
#1830=ORIENTED_EDGE('',*,*,#1406,.T.);
#1831=ORIENTED_EDGE('',*,*,#1407,.T.);
#1832=ORIENTED_EDGE('',*,*,#1408,.T.);
#1833=ORIENTED_EDGE('',*,*,#1409,.T.);
#1834=ORIENTED_EDGE('',*,*,#1410,.T.);
#1835=ORIENTED_EDGE('',*,*,#1411,.T.);
#1836=ORIENTED_EDGE('',*,*,#1397,.F.);
#1837=ORIENTED_EDGE('',*,*,#1412,.F.);
#1838=ORIENTED_EDGE('',*,*,#1413,.T.);
#1839=ORIENTED_EDGE('',*,*,#1414,.T.);
#1840=ORIENTED_EDGE('',*,*,#1415,.T.);
#1841=ORIENTED_EDGE('',*,*,#1372,.T.);
#1842=ORIENTED_EDGE('',*,*,#1416,.T.);
#1843=ORIENTED_EDGE('',*,*,#1417,.T.);
#1844=ORIENTED_EDGE('',*,*,#1418,.T.);
#1845=ORIENTED_EDGE('',*,*,#1419,.T.);
#1846=ORIENTED_EDGE('',*,*,#1420,.T.);
#1847=ORIENTED_EDGE('',*,*,#1421,.T.);
#1848=ORIENTED_EDGE('',*,*,#1422,.T.);
#1849=ORIENTED_EDGE('',*,*,#1423,.T.);
#1850=ORIENTED_EDGE('',*,*,#1424,.T.);
#1851=ORIENTED_EDGE('',*,*,#1425,.T.);
#1852=ORIENTED_EDGE('',*,*,#1426,.T.);
#1853=ORIENTED_EDGE('',*,*,#1427,.T.);
#1854=ORIENTED_EDGE('',*,*,#1428,.T.);
#1855=ORIENTED_EDGE('',*,*,#1429,.T.);
#1856=ORIENTED_EDGE('',*,*,#1430,.T.);
#1857=ORIENTED_EDGE('',*,*,#1431,.F.);
#1858=ORIENTED_EDGE('',*,*,#1432,.T.);
#1859=ORIENTED_EDGE('',*,*,#1433,.T.);
#1860=ORIENTED_EDGE('',*,*,#1434,.T.);
#1861=ORIENTED_EDGE('',*,*,#1435,.F.);
#1862=ORIENTED_EDGE('',*,*,#1436,.T.);
#1863=ORIENTED_EDGE('',*,*,#1437,.T.);
#1864=ORIENTED_EDGE('',*,*,#1438,.T.);
#1865=ORIENTED_EDGE('',*,*,#1439,.T.);
#1866=ORIENTED_EDGE('',*,*,#1440,.T.);
#1867=ORIENTED_EDGE('',*,*,#1441,.F.);
#1868=ORIENTED_EDGE('',*,*,#1442,.T.);
#1869=ORIENTED_EDGE('',*,*,#1443,.T.);
#1870=ORIENTED_EDGE('',*,*,#1444,.T.);
#1871=ORIENTED_EDGE('',*,*,#1445,.F.);
#1872=ORIENTED_EDGE('',*,*,#1446,.T.);
#1873=ORIENTED_EDGE('',*,*,#1447,.T.);
#1874=ORIENTED_EDGE('',*,*,#1448,.T.);
#1875=ORIENTED_EDGE('',*,*,#1449,.T.);
#1876=ORIENTED_EDGE('',*,*,#1450,.T.);
#1877=ORIENTED_EDGE('',*,*,#1451,.T.);
#1878=ORIENTED_EDGE('',*,*,#1452,.T.);
#1879=ORIENTED_EDGE('',*,*,#1453,.T.);
#1880=ORIENTED_EDGE('',*,*,#1454,.T.);
#1881=ORIENTED_EDGE('',*,*,#1455,.T.);
#1882=ORIENTED_EDGE('',*,*,#1456,.T.);
#1883=ORIENTED_EDGE('',*,*,#1457,.F.);
#1884=ORIENTED_EDGE('',*,*,#1458,.T.);
#1885=ORIENTED_EDGE('',*,*,#1459,.T.);
#1886=ORIENTED_EDGE('',*,*,#1460,.T.);
#1887=ORIENTED_EDGE('',*,*,#1461,.F.);
#1888=ORIENTED_EDGE('',*,*,#1462,.T.);
#1889=ORIENTED_EDGE('',*,*,#1463,.T.);
#1890=ORIENTED_EDGE('',*,*,#1464,.T.);
#1891=ORIENTED_EDGE('',*,*,#1465,.T.);
#1892=ORIENTED_EDGE('',*,*,#1466,.T.);
#1893=ORIENTED_EDGE('',*,*,#1396,.F.);
#1894=ORIENTED_EDGE('',*,*,#1467,.T.);
#1895=ORIENTED_EDGE('',*,*,#1468,.T.);
#1896=ORIENTED_EDGE('',*,*,#1412,.T.);
#1897=ORIENTED_EDGE('',*,*,#1469,.T.);
#1898=ORIENTED_EDGE('',*,*,#1411,.F.);
#1899=ORIENTED_EDGE('',*,*,#1470,.T.);
#1900=ORIENTED_EDGE('',*,*,#1471,.T.);
#1901=ORIENTED_EDGE('',*,*,#1472,.F.);
#1902=ORIENTED_EDGE('',*,*,#1473,.T.);
#1903=ORIENTED_EDGE('',*,*,#1474,.F.);
#1904=ORIENTED_EDGE('',*,*,#1475,.T.);
#1905=ORIENTED_EDGE('',*,*,#1390,.T.);
#1906=ORIENTED_EDGE('',*,*,#1476,.F.);
#1907=ORIENTED_EDGE('',*,*,#1477,.T.);
#1908=ORIENTED_EDGE('',*,*,#1478,.T.);
#1909=ORIENTED_EDGE('',*,*,#1477,.F.);
#1910=ORIENTED_EDGE('',*,*,#1479,.F.);
#1911=ORIENTED_EDGE('',*,*,#1480,.T.);
#1912=ORIENTED_EDGE('',*,*,#1481,.T.);
#1913=ORIENTED_EDGE('',*,*,#1482,.T.);
#1914=ORIENTED_EDGE('',*,*,#1483,.T.);
#1915=ORIENTED_EDGE('',*,*,#1484,.F.);
#1916=ORIENTED_EDGE('',*,*,#1485,.T.);
#1917=ORIENTED_EDGE('',*,*,#1486,.T.);
#1918=ORIENTED_EDGE('',*,*,#1472,.T.);
#1919=ORIENTED_EDGE('',*,*,#1487,.F.);
#1920=ORIENTED_EDGE('',*,*,#1488,.T.);
#1921=ORIENTED_EDGE('',*,*,#1480,.F.);
#1922=ORIENTED_EDGE('',*,*,#1469,.F.);
#1923=ORIENTED_EDGE('',*,*,#1489,.T.);
#1924=ORIENTED_EDGE('',*,*,#1490,.T.);
#1925=ORIENTED_EDGE('',*,*,#1491,.T.);
#1926=ORIENTED_EDGE('',*,*,#1492,.T.);
#1927=ORIENTED_EDGE('',*,*,#1493,.F.);
#1928=ORIENTED_EDGE('',*,*,#1494,.T.);
#1929=ORIENTED_EDGE('',*,*,#1495,.T.);
#1930=ORIENTED_EDGE('',*,*,#1474,.T.);
#1931=ORIENTED_EDGE('',*,*,#1496,.F.);
#1932=ORIENTED_EDGE('',*,*,#1497,.T.);
#1933=ORIENTED_EDGE('',*,*,#1489,.F.);
#1934=ORIENTED_EDGE('',*,*,#1498,.F.);
#1935=ORIENTED_EDGE('',*,*,#1499,.T.);
#1936=ORIENTED_EDGE('',*,*,#1500,.F.);
#1937=ORIENTED_EDGE('',*,*,#1501,.T.);
#1938=ORIENTED_EDGE('',*,*,#1502,.T.);
#1939=ORIENTED_EDGE('',*,*,#1503,.F.);
#1940=ORIENTED_EDGE('',*,*,#1504,.F.);
#1941=ORIENTED_EDGE('',*,*,#1505,.T.);
#1942=ORIENTED_EDGE('',*,*,#1386,.T.);
#1943=ORIENTED_EDGE('',*,*,#1506,.F.);
#1944=ORIENTED_EDGE('',*,*,#1507,.F.);
#1945=ORIENTED_EDGE('',*,*,#1499,.F.);
#1946=ORIENTED_EDGE('',*,*,#1375,.F.);
#1947=ORIENTED_EDGE('',*,*,#1508,.T.);
#1948=ORIENTED_EDGE('',*,*,#1509,.F.);
#1949=ORIENTED_EDGE('',*,*,#1510,.T.);
#1950=ORIENTED_EDGE('',*,*,#1511,.T.);
#1951=ORIENTED_EDGE('',*,*,#1512,.F.);
#1952=ORIENTED_EDGE('',*,*,#1513,.F.);
#1953=ORIENTED_EDGE('',*,*,#1514,.T.);
#1954=ORIENTED_EDGE('',*,*,#1384,.T.);
#1955=ORIENTED_EDGE('',*,*,#1515,.F.);
#1956=ORIENTED_EDGE('',*,*,#1516,.F.);
#1957=ORIENTED_EDGE('',*,*,#1508,.F.);
#1958=ORIENTED_EDGE('',*,*,#1429,.F.);
#1959=ORIENTED_EDGE('',*,*,#1517,.F.);
#1960=ORIENTED_EDGE('',*,*,#1518,.F.);
#1961=ORIENTED_EDGE('',*,*,#1519,.T.);
#1962=ORIENTED_EDGE('',*,*,#1520,.T.);
#1963=ORIENTED_EDGE('',*,*,#1521,.T.);
#1964=ORIENTED_EDGE('',*,*,#1522,.T.);
#1965=ORIENTED_EDGE('',*,*,#1523,.T.);
#1966=ORIENTED_EDGE('',*,*,#1426,.F.);
#1967=ORIENTED_EDGE('',*,*,#1524,.T.);
#1968=ORIENTED_EDGE('',*,*,#1525,.T.);
#1969=ORIENTED_EDGE('',*,*,#1524,.F.);
#1970=ORIENTED_EDGE('',*,*,#1425,.F.);
#1971=ORIENTED_EDGE('',*,*,#1526,.T.);
#1972=ORIENTED_EDGE('',*,*,#1527,.T.);
#1973=ORIENTED_EDGE('',*,*,#1528,.T.);
#1974=ORIENTED_EDGE('',*,*,#1529,.T.);
#1975=ORIENTED_EDGE('',*,*,#1530,.F.);
#1976=ORIENTED_EDGE('',*,*,#1418,.F.);
#1977=ORIENTED_EDGE('',*,*,#1531,.F.);
#1978=ORIENTED_EDGE('',*,*,#1532,.F.);
#1979=ORIENTED_EDGE('',*,*,#1533,.F.);
#1980=ORIENTED_EDGE('',*,*,#1534,.T.);
#1981=ORIENTED_EDGE('',*,*,#1535,.F.);
#1982=ORIENTED_EDGE('',*,*,#1534,.F.);
#1983=ORIENTED_EDGE('',*,*,#1536,.F.);
#1984=ORIENTED_EDGE('',*,*,#1537,.F.);
#1985=ORIENTED_EDGE('',*,*,#1538,.F.);
#1986=ORIENTED_EDGE('',*,*,#1420,.F.);
#1987=ORIENTED_EDGE('',*,*,#1539,.T.);
#1988=ORIENTED_EDGE('',*,*,#1540,.F.);
#1989=ORIENTED_EDGE('',*,*,#1541,.F.);
#1990=ORIENTED_EDGE('',*,*,#1542,.T.);
#1991=ORIENTED_EDGE('',*,*,#1543,.T.);
#1992=ORIENTED_EDGE('',*,*,#1544,.T.);
#1993=ORIENTED_EDGE('',*,*,#1543,.F.);
#1994=ORIENTED_EDGE('',*,*,#1545,.F.);
#1995=ORIENTED_EDGE('',*,*,#1546,.T.);
#1996=ORIENTED_EDGE('',*,*,#1547,.F.);
#1997=ORIENTED_EDGE('',*,*,#1546,.F.);
#1998=ORIENTED_EDGE('',*,*,#1548,.T.);
#1999=ORIENTED_EDGE('',*,*,#1549,.T.);
#2000=ORIENTED_EDGE('',*,*,#1537,.T.);
#2001=ORIENTED_EDGE('',*,*,#1550,.F.);
#2002=ORIENTED_EDGE('',*,*,#1541,.T.);
#2003=ORIENTED_EDGE('',*,*,#1551,.T.);
#2004=ORIENTED_EDGE('',*,*,#1552,.F.);
#2005=ORIENTED_EDGE('',*,*,#1551,.F.);
#2006=ORIENTED_EDGE('',*,*,#1540,.T.);
#2007=ORIENTED_EDGE('',*,*,#1553,.F.);
#2008=ORIENTED_EDGE('',*,*,#1554,.T.);
#2009=ORIENTED_EDGE('',*,*,#1555,.T.);
#2010=ORIENTED_EDGE('',*,*,#1556,.T.);
#2011=ORIENTED_EDGE('',*,*,#1557,.T.);
#2012=ORIENTED_EDGE('',*,*,#1558,.T.);
#2013=ORIENTED_EDGE('',*,*,#1559,.T.);
#2014=ORIENTED_EDGE('',*,*,#1554,.F.);
#2015=ORIENTED_EDGE('',*,*,#1502,.F.);
#2016=ORIENTED_EDGE('',*,*,#1560,.F.);
#2017=ORIENTED_EDGE('',*,*,#1511,.F.);
#2018=ORIENTED_EDGE('',*,*,#1561,.F.);
#2019=ORIENTED_EDGE('',*,*,#1377,.T.);
#2020=ORIENTED_EDGE('',*,*,#1562,.T.);
#2021=ORIENTED_EDGE('',*,*,#1563,.F.);
#2022=ORIENTED_EDGE('',*,*,#1564,.F.);
#2023=ORIENTED_EDGE('',*,*,#1565,.F.);
#2024=ORIENTED_EDGE('',*,*,#1566,.T.);
#2025=ORIENTED_EDGE('',*,*,#1563,.T.);
#2026=ORIENTED_EDGE('',*,*,#1567,.T.);
#2027=ORIENTED_EDGE('',*,*,#1568,.T.);
#2028=ORIENTED_EDGE('',*,*,#1569,.T.);
#2029=ORIENTED_EDGE('',*,*,#1570,.T.);
#2030=ORIENTED_EDGE('',*,*,#1571,.T.);
#2031=ORIENTED_EDGE('',*,*,#1572,.T.);
#2032=ORIENTED_EDGE('',*,*,#1573,.T.);
#2033=ORIENTED_EDGE('',*,*,#1574,.F.);
#2034=ORIENTED_EDGE('',*,*,#1403,.F.);
#2035=ORIENTED_EDGE('',*,*,#1575,.T.);
#2036=ORIENTED_EDGE('',*,*,#1576,.T.);
#2037=ORIENTED_EDGE('',*,*,#1577,.T.);
#2038=ORIENTED_EDGE('',*,*,#1578,.T.);
#2039=ORIENTED_EDGE('',*,*,#1579,.T.);
#2040=ORIENTED_EDGE('',*,*,#1398,.F.);
#2041=ORIENTED_EDGE('',*,*,#1388,.T.);
#2042=ORIENTED_EDGE('',*,*,#1580,.F.);
#2043=ORIENTED_EDGE('',*,*,#1581,.F.);
#2044=ORIENTED_EDGE('',*,*,#1582,.T.);
#2045=ORIENTED_EDGE('',*,*,#1555,.F.);
#2046=ORIENTED_EDGE('',*,*,#1559,.F.);
#2047=ORIENTED_EDGE('',*,*,#1583,.T.);
#2048=ORIENTED_EDGE('',*,*,#1584,.F.);
#2049=ORIENTED_EDGE('',*,*,#1423,.F.);
#2050=ORIENTED_EDGE('',*,*,#1585,.F.);
#2051=ORIENTED_EDGE('',*,*,#1586,.F.);
#2052=ORIENTED_EDGE('',*,*,#1479,.T.);
#2053=ORIENTED_EDGE('',*,*,#1585,.T.);
#2054=ORIENTED_EDGE('',*,*,#1422,.F.);
#2055=ORIENTED_EDGE('',*,*,#1587,.F.);
#2056=ORIENTED_EDGE('',*,*,#1588,.F.);
#2057=ORIENTED_EDGE('',*,*,#1587,.T.);
#2058=ORIENTED_EDGE('',*,*,#1430,.F.);
#2059=ORIENTED_EDGE('',*,*,#1519,.F.);
#2060=ORIENTED_EDGE('',*,*,#1589,.F.);
#2061=ORIENTED_EDGE('',*,*,#1542,.F.);
#2062=ORIENTED_EDGE('',*,*,#1517,.T.);
#2063=ORIENTED_EDGE('',*,*,#1428,.F.);
#2064=ORIENTED_EDGE('',*,*,#1590,.F.);
#2065=ORIENTED_EDGE('',*,*,#1591,.F.);
#2066=ORIENTED_EDGE('',*,*,#1498,.T.);
#2067=ORIENTED_EDGE('',*,*,#1523,.F.);
#2068=ORIENTED_EDGE('',*,*,#1592,.F.);
#2069=ORIENTED_EDGE('',*,*,#1590,.T.);
#2070=ORIENTED_EDGE('',*,*,#1427,.F.);
#2071=ORIENTED_EDGE('',*,*,#1526,.F.);
#2072=ORIENTED_EDGE('',*,*,#1424,.F.);
#2073=ORIENTED_EDGE('',*,*,#1584,.T.);
#2074=ORIENTED_EDGE('',*,*,#1593,.F.);
#2075=ORIENTED_EDGE('',*,*,#1594,.T.);
#2076=ORIENTED_EDGE('',*,*,#1483,.F.);
#2077=ORIENTED_EDGE('',*,*,#1595,.T.);
#2078=ORIENTED_EDGE('',*,*,#1596,.T.);
#2079=ORIENTED_EDGE('',*,*,#1597,.T.);
#2080=ORIENTED_EDGE('',*,*,#1394,.T.);
#2081=ORIENTED_EDGE('',*,*,#1598,.T.);
#2082=ORIENTED_EDGE('',*,*,#1492,.F.);
#2083=ORIENTED_EDGE('',*,*,#1599,.F.);
#2084=ORIENTED_EDGE('',*,*,#1600,.T.);
#2085=ORIENTED_EDGE('',*,*,#1601,.T.);
#2086=ORIENTED_EDGE('',*,*,#1470,.F.);
#2087=ORIENTED_EDGE('',*,*,#1410,.F.);
#2088=ORIENTED_EDGE('',*,*,#1602,.T.);
#2089=ORIENTED_EDGE('',*,*,#1603,.T.);
#2090=ORIENTED_EDGE('',*,*,#1604,.T.);
#2091=ORIENTED_EDGE('',*,*,#1605,.T.);
#2092=ORIENTED_EDGE('',*,*,#1606,.T.);
#2093=ORIENTED_EDGE('',*,*,#1405,.F.);
#2094=ORIENTED_EDGE('',*,*,#1607,.T.);
#2095=ORIENTED_EDGE('',*,*,#1608,.T.);
#2096=ORIENTED_EDGE('',*,*,#1609,.T.);
#2097=ORIENTED_EDGE('',*,*,#1610,.T.);
#2098=ORIENTED_EDGE('',*,*,#1611,.T.);
#2099=ORIENTED_EDGE('',*,*,#1612,.T.);
#2100=ORIENTED_EDGE('',*,*,#1613,.T.);
#2101=ORIENTED_EDGE('',*,*,#1614,.T.);
#2102=ORIENTED_EDGE('',*,*,#1596,.F.);
#2103=ORIENTED_EDGE('',*,*,#1615,.F.);
#2104=ORIENTED_EDGE('',*,*,#1602,.F.);
#2105=ORIENTED_EDGE('',*,*,#1409,.F.);
#2106=ORIENTED_EDGE('',*,*,#1616,.F.);
#2107=ORIENTED_EDGE('',*,*,#1617,.F.);
#2108=ORIENTED_EDGE('',*,*,#1616,.T.);
#2109=ORIENTED_EDGE('',*,*,#1408,.F.);
#2110=ORIENTED_EDGE('',*,*,#1618,.F.);
#2111=ORIENTED_EDGE('',*,*,#1619,.F.);
#2112=ORIENTED_EDGE('',*,*,#1618,.T.);
#2113=ORIENTED_EDGE('',*,*,#1407,.F.);
#2114=ORIENTED_EDGE('',*,*,#1620,.F.);
#2115=ORIENTED_EDGE('',*,*,#1621,.F.);
#2116=ORIENTED_EDGE('',*,*,#1620,.T.);
#2117=ORIENTED_EDGE('',*,*,#1406,.F.);
#2118=ORIENTED_EDGE('',*,*,#1606,.F.);
#2119=ORIENTED_EDGE('',*,*,#1574,.T.);
#2120=ORIENTED_EDGE('',*,*,#1622,.T.);
#2121=ORIENTED_EDGE('',*,*,#1607,.F.);
#2122=ORIENTED_EDGE('',*,*,#1404,.F.);
#2123=ORIENTED_EDGE('',*,*,#1545,.T.);
#2124=ORIENTED_EDGE('',*,*,#1623,.F.);
#2125=ORIENTED_EDGE('',*,*,#1575,.F.);
#2126=ORIENTED_EDGE('',*,*,#1402,.F.);
#2127=ORIENTED_EDGE('',*,*,#1624,.F.);
#2128=ORIENTED_EDGE('',*,*,#1625,.F.);
#2129=ORIENTED_EDGE('',*,*,#1624,.T.);
#2130=ORIENTED_EDGE('',*,*,#1401,.F.);
#2131=ORIENTED_EDGE('',*,*,#1626,.F.);
#2132=ORIENTED_EDGE('',*,*,#1627,.F.);
#2133=ORIENTED_EDGE('',*,*,#1626,.T.);
#2134=ORIENTED_EDGE('',*,*,#1400,.F.);
#2135=ORIENTED_EDGE('',*,*,#1628,.F.);
#2136=ORIENTED_EDGE('',*,*,#1629,.F.);
#2137=ORIENTED_EDGE('',*,*,#1628,.T.);
#2138=ORIENTED_EDGE('',*,*,#1399,.F.);
#2139=ORIENTED_EDGE('',*,*,#1579,.F.);
#2140=ORIENTED_EDGE('',*,*,#1415,.F.);
#2141=ORIENTED_EDGE('',*,*,#1630,.F.);
#2142=ORIENTED_EDGE('',*,*,#1631,.F.);
#2143=ORIENTED_EDGE('',*,*,#1373,.F.);
#2144=ORIENTED_EDGE('',*,*,#1632,.T.);
#2145=ORIENTED_EDGE('',*,*,#1633,.T.);
#2146=ORIENTED_EDGE('',*,*,#1630,.T.);
#2147=ORIENTED_EDGE('',*,*,#1414,.F.);
#2148=ORIENTED_EDGE('',*,*,#1478,.F.);
#2149=ORIENTED_EDGE('',*,*,#1413,.F.);
#2150=ORIENTED_EDGE('',*,*,#1468,.F.);
#2151=ORIENTED_EDGE('',*,*,#1634,.F.);
#2152=ORIENTED_EDGE('',*,*,#1632,.F.);
#2153=ORIENTED_EDGE('',*,*,#1635,.F.);
#2154=ORIENTED_EDGE('',*,*,#1636,.F.);
#2155=ORIENTED_EDGE('',*,*,#1637,.F.);
#2156=ORIENTED_EDGE('',*,*,#1416,.F.);
#2157=ORIENTED_EDGE('',*,*,#1419,.F.);
#2158=ORIENTED_EDGE('',*,*,#1530,.T.);
#2159=ORIENTED_EDGE('',*,*,#1638,.F.);
#2160=ORIENTED_EDGE('',*,*,#1639,.T.);
#2161=ORIENTED_EDGE('',*,*,#1465,.F.);
#2162=ORIENTED_EDGE('',*,*,#1640,.T.);
#2163=ORIENTED_EDGE('',*,*,#1463,.F.);
#2164=ORIENTED_EDGE('',*,*,#1641,.T.);
#2165=ORIENTED_EDGE('',*,*,#1642,.F.);
#2166=ORIENTED_EDGE('',*,*,#1643,.T.);
#2167=ORIENTED_EDGE('',*,*,#1644,.F.);
#2168=ORIENTED_EDGE('',*,*,#1645,.T.);
#2169=ORIENTED_EDGE('',*,*,#1459,.F.);
#2170=ORIENTED_EDGE('',*,*,#1646,.T.);
#2171=ORIENTED_EDGE('',*,*,#1647,.F.);
#2172=ORIENTED_EDGE('',*,*,#1648,.T.);
#2173=ORIENTED_EDGE('',*,*,#1455,.F.);
#2174=ORIENTED_EDGE('',*,*,#1649,.T.);
#2175=ORIENTED_EDGE('',*,*,#1453,.F.);
#2176=ORIENTED_EDGE('',*,*,#1650,.T.);
#2177=ORIENTED_EDGE('',*,*,#1651,.F.);
#2178=ORIENTED_EDGE('',*,*,#1652,.T.);
#2179=ORIENTED_EDGE('',*,*,#1557,.F.);
#2180=ORIENTED_EDGE('',*,*,#1653,.T.);
#2181=ORIENTED_EDGE('',*,*,#1451,.F.);
#2182=ORIENTED_EDGE('',*,*,#1654,.T.);
#2183=ORIENTED_EDGE('',*,*,#1655,.F.);
#2184=ORIENTED_EDGE('',*,*,#1656,.T.);
#2185=ORIENTED_EDGE('',*,*,#1449,.F.);
#2186=ORIENTED_EDGE('',*,*,#1657,.T.);
#2187=ORIENTED_EDGE('',*,*,#1447,.F.);
#2188=ORIENTED_EDGE('',*,*,#1658,.T.);
#2189=ORIENTED_EDGE('',*,*,#1659,.F.);
#2190=ORIENTED_EDGE('',*,*,#1660,.T.);
#2191=ORIENTED_EDGE('',*,*,#1661,.F.);
#2192=ORIENTED_EDGE('',*,*,#1662,.T.);
#2193=ORIENTED_EDGE('',*,*,#1443,.F.);
#2194=ORIENTED_EDGE('',*,*,#1663,.T.);
#2195=ORIENTED_EDGE('',*,*,#1664,.F.);
#2196=ORIENTED_EDGE('',*,*,#1665,.T.);
#2197=ORIENTED_EDGE('',*,*,#1439,.F.);
#2198=ORIENTED_EDGE('',*,*,#1666,.T.);
#2199=ORIENTED_EDGE('',*,*,#1437,.F.);
#2200=ORIENTED_EDGE('',*,*,#1667,.T.);
#2201=ORIENTED_EDGE('',*,*,#1668,.F.);
#2202=ORIENTED_EDGE('',*,*,#1669,.T.);
#2203=ORIENTED_EDGE('',*,*,#1433,.F.);
#2204=ORIENTED_EDGE('',*,*,#1670,.T.);
#2205=ORIENTED_EDGE('',*,*,#1671,.F.);
#2206=ORIENTED_EDGE('',*,*,#1672,.T.);
#2207=ORIENTED_EDGE('',*,*,#1562,.F.);
#2208=ORIENTED_EDGE('',*,*,#1376,.F.);
#2209=ORIENTED_EDGE('',*,*,#1374,.F.);
#2210=ORIENTED_EDGE('',*,*,#1631,.T.);
#2211=ORIENTED_EDGE('',*,*,#1633,.F.);
#2212=ORIENTED_EDGE('',*,*,#1634,.T.);
#2213=ORIENTED_EDGE('',*,*,#1467,.F.);
#2214=ORIENTED_EDGE('',*,*,#1395,.F.);
#2215=ORIENTED_EDGE('',*,*,#1597,.F.);
#2216=ORIENTED_EDGE('',*,*,#1614,.F.);
#2217=ORIENTED_EDGE('',*,*,#1673,.F.);
#2218=ORIENTED_EDGE('',*,*,#1674,.F.);
#2219=ORIENTED_EDGE('',*,*,#1675,.F.);
#2220=ORIENTED_EDGE('',*,*,#1676,.F.);
#2221=ORIENTED_EDGE('',*,*,#1608,.F.);
#2222=ORIENTED_EDGE('',*,*,#1622,.F.);
#2223=ORIENTED_EDGE('',*,*,#1573,.F.);
#2224=ORIENTED_EDGE('',*,*,#1677,.F.);
#2225=ORIENTED_EDGE('',*,*,#1678,.F.);
#2226=ORIENTED_EDGE('',*,*,#1679,.F.);
#2227=ORIENTED_EDGE('',*,*,#1680,.F.);
#2228=ORIENTED_EDGE('',*,*,#1567,.F.);
#2229=ORIENTED_EDGE('',*,*,#1681,.F.);
#2230=ORIENTED_EDGE('',*,*,#1527,.F.);
#2231=ORIENTED_EDGE('',*,*,#1593,.T.);
#2232=ORIENTED_EDGE('',*,*,#1586,.T.);
#2233=ORIENTED_EDGE('',*,*,#1588,.T.);
#2234=ORIENTED_EDGE('',*,*,#1589,.T.);
#2235=ORIENTED_EDGE('',*,*,#1518,.T.);
#2236=ORIENTED_EDGE('',*,*,#1591,.T.);
#2237=ORIENTED_EDGE('',*,*,#1592,.T.);
#2238=ORIENTED_EDGE('',*,*,#1522,.F.);
#2239=ORIENTED_EDGE('',*,*,#1682,.F.);
#2240=ORIENTED_EDGE('',*,*,#1683,.F.);
#2241=ORIENTED_EDGE('',*,*,#1684,.F.);
#2242=ORIENTED_EDGE('',*,*,#1671,.T.);
#2243=ORIENTED_EDGE('',*,*,#1685,.T.);
#2244=ORIENTED_EDGE('',*,*,#1686,.T.);
#2245=ORIENTED_EDGE('',*,*,#1687,.T.);
#2246=ORIENTED_EDGE('',*,*,#1638,.T.);
#2247=ORIENTED_EDGE('',*,*,#1688,.T.);
#2248=ORIENTED_EDGE('',*,*,#1642,.T.);
#2249=ORIENTED_EDGE('',*,*,#1689,.T.);
#2250=ORIENTED_EDGE('',*,*,#1690,.T.);
#2251=ORIENTED_EDGE('',*,*,#1691,.T.);
#2252=ORIENTED_EDGE('',*,*,#1644,.T.);
#2253=ORIENTED_EDGE('',*,*,#1692,.T.);
#2254=ORIENTED_EDGE('',*,*,#1693,.T.);
#2255=ORIENTED_EDGE('',*,*,#1694,.T.);
#2256=ORIENTED_EDGE('',*,*,#1647,.T.);
#2257=ORIENTED_EDGE('',*,*,#1695,.T.);
#2258=ORIENTED_EDGE('',*,*,#1651,.T.);
#2259=ORIENTED_EDGE('',*,*,#1696,.T.);
#2260=ORIENTED_EDGE('',*,*,#1581,.T.);
#2261=ORIENTED_EDGE('',*,*,#1697,.T.);
#2262=ORIENTED_EDGE('',*,*,#1655,.T.);
#2263=ORIENTED_EDGE('',*,*,#1698,.T.);
#2264=ORIENTED_EDGE('',*,*,#1659,.T.);
#2265=ORIENTED_EDGE('',*,*,#1699,.T.);
#2266=ORIENTED_EDGE('',*,*,#1700,.T.);
#2267=ORIENTED_EDGE('',*,*,#1701,.T.);
#2268=ORIENTED_EDGE('',*,*,#1661,.T.);
#2269=ORIENTED_EDGE('',*,*,#1702,.T.);
#2270=ORIENTED_EDGE('',*,*,#1703,.T.);
#2271=ORIENTED_EDGE('',*,*,#1704,.T.);
#2272=ORIENTED_EDGE('',*,*,#1664,.T.);
#2273=ORIENTED_EDGE('',*,*,#1705,.T.);
#2274=ORIENTED_EDGE('',*,*,#1668,.T.);
#2275=ORIENTED_EDGE('',*,*,#1706,.T.);
#2276=ORIENTED_EDGE('',*,*,#1707,.T.);
#2277=ORIENTED_EDGE('',*,*,#1708,.T.);
#2278=ORIENTED_EDGE('',*,*,#1709,.F.);
#2279=ORIENTED_EDGE('',*,*,#1710,.F.);
#2280=ORIENTED_EDGE('',*,*,#1711,.F.);
#2281=ORIENTED_EDGE('',*,*,#1520,.F.);
#2282=ORIENTED_EDGE('',*,*,#1525,.F.);
#2283=ORIENTED_EDGE('',*,*,#1552,.T.);
#2284=ORIENTED_EDGE('',*,*,#1712,.F.);
#2285=ORIENTED_EDGE('',*,*,#1713,.F.);
#2286=ORIENTED_EDGE('',*,*,#1709,.T.);
#2287=ORIENTED_EDGE('',*,*,#1529,.F.);
#2288=ORIENTED_EDGE('',*,*,#1612,.F.);
#2289=ORIENTED_EDGE('',*,*,#1714,.T.);
#2290=ORIENTED_EDGE('',*,*,#1715,.T.);
#2291=ORIENTED_EDGE('',*,*,#1716,.T.);
#2292=ORIENTED_EDGE('',*,*,#1714,.F.);
#2293=ORIENTED_EDGE('',*,*,#1611,.F.);
#2294=ORIENTED_EDGE('',*,*,#1717,.F.);
#2295=ORIENTED_EDGE('',*,*,#1718,.F.);
#2296=ORIENTED_EDGE('',*,*,#1719,.F.);
#2297=ORIENTED_EDGE('',*,*,#1720,.T.);
#2298=ORIENTED_EDGE('',*,*,#1717,.T.);
#2299=ORIENTED_EDGE('',*,*,#1610,.F.);
#2300=ORIENTED_EDGE('',*,*,#1721,.T.);
#2301=ORIENTED_EDGE('',*,*,#1721,.F.);
#2302=ORIENTED_EDGE('',*,*,#1609,.F.);
#2303=ORIENTED_EDGE('',*,*,#1676,.T.);
#2304=ORIENTED_EDGE('',*,*,#1722,.F.);
#2305=ORIENTED_EDGE('',*,*,#1723,.T.);
#2306=ORIENTED_EDGE('',*,*,#1621,.T.);
#2307=ORIENTED_EDGE('',*,*,#1605,.F.);
#2308=ORIENTED_EDGE('',*,*,#1724,.T.);
#2309=ORIENTED_EDGE('',*,*,#1725,.F.);
#2310=ORIENTED_EDGE('',*,*,#1726,.F.);
#2311=ORIENTED_EDGE('',*,*,#1727,.F.);
#2312=ORIENTED_EDGE('',*,*,#1724,.F.);
#2313=ORIENTED_EDGE('',*,*,#1604,.F.);
#2314=ORIENTED_EDGE('',*,*,#1603,.F.);
#2315=ORIENTED_EDGE('',*,*,#1615,.T.);
#2316=ORIENTED_EDGE('',*,*,#1728,.T.);
#2317=ORIENTED_EDGE('',*,*,#1725,.T.);
#2318=ORIENTED_EDGE('',*,*,#1716,.F.);
#2319=ORIENTED_EDGE('',*,*,#1729,.F.);
#2320=ORIENTED_EDGE('',*,*,#1673,.T.);
#2321=ORIENTED_EDGE('',*,*,#1613,.F.);
#2322=ORIENTED_EDGE('',*,*,#1728,.F.);
#2323=ORIENTED_EDGE('',*,*,#1617,.T.);
#2324=ORIENTED_EDGE('',*,*,#1730,.T.);
#2325=ORIENTED_EDGE('',*,*,#1726,.T.);
#2326=ORIENTED_EDGE('',*,*,#1730,.F.);
#2327=ORIENTED_EDGE('',*,*,#1619,.T.);
#2328=ORIENTED_EDGE('',*,*,#1723,.F.);
#2329=ORIENTED_EDGE('',*,*,#1727,.T.);
#2330=ORIENTED_EDGE('',*,*,#1731,.F.);
#2331=ORIENTED_EDGE('',*,*,#1732,.F.);
#2332=ORIENTED_EDGE('',*,*,#1733,.F.);
#2333=ORIENTED_EDGE('',*,*,#1571,.F.);
#2334=ORIENTED_EDGE('',*,*,#1734,.T.);
#2335=ORIENTED_EDGE('',*,*,#1731,.T.);
#2336=ORIENTED_EDGE('',*,*,#1570,.F.);
#2337=ORIENTED_EDGE('',*,*,#1735,.T.);
#2338=ORIENTED_EDGE('',*,*,#1736,.T.);
#2339=ORIENTED_EDGE('',*,*,#1735,.F.);
#2340=ORIENTED_EDGE('',*,*,#1569,.F.);
#2341=ORIENTED_EDGE('',*,*,#1737,.F.);
#2342=ORIENTED_EDGE('',*,*,#1738,.F.);
#2343=ORIENTED_EDGE('',*,*,#1737,.T.);
#2344=ORIENTED_EDGE('',*,*,#1568,.F.);
#2345=ORIENTED_EDGE('',*,*,#1680,.T.);
#2346=ORIENTED_EDGE('',*,*,#1739,.F.);
#2347=ORIENTED_EDGE('',*,*,#1740,.F.);
#2348=ORIENTED_EDGE('',*,*,#1741,.F.);
#2349=ORIENTED_EDGE('',*,*,#1629,.T.);
#2350=ORIENTED_EDGE('',*,*,#1578,.F.);
#2351=ORIENTED_EDGE('',*,*,#1742,.T.);
#2352=ORIENTED_EDGE('',*,*,#1740,.T.);
#2353=ORIENTED_EDGE('',*,*,#1577,.F.);
#2354=ORIENTED_EDGE('',*,*,#1743,.T.);
#2355=ORIENTED_EDGE('',*,*,#1744,.T.);
#2356=ORIENTED_EDGE('',*,*,#1743,.F.);
#2357=ORIENTED_EDGE('',*,*,#1576,.F.);
#2358=ORIENTED_EDGE('',*,*,#1623,.T.);
#2359=ORIENTED_EDGE('',*,*,#1745,.F.);
#2360=ORIENTED_EDGE('',*,*,#1733,.T.);
#2361=ORIENTED_EDGE('',*,*,#1746,.F.);
#2362=ORIENTED_EDGE('',*,*,#1677,.T.);
#2363=ORIENTED_EDGE('',*,*,#1572,.F.);
#2364=ORIENTED_EDGE('',*,*,#1744,.F.);
#2365=ORIENTED_EDGE('',*,*,#1745,.T.);
#2366=ORIENTED_EDGE('',*,*,#1625,.T.);
#2367=ORIENTED_EDGE('',*,*,#1747,.F.);
#2368=ORIENTED_EDGE('',*,*,#1742,.F.);
#2369=ORIENTED_EDGE('',*,*,#1747,.T.);
#2370=ORIENTED_EDGE('',*,*,#1627,.T.);
#2371=ORIENTED_EDGE('',*,*,#1741,.T.);
#2372=ORIENTED_EDGE('',*,*,#1538,.T.);
#2373=ORIENTED_EDGE('',*,*,#1549,.F.);
#2374=ORIENTED_EDGE('',*,*,#1748,.F.);
#2375=ORIENTED_EDGE('',*,*,#1635,.T.);
#2376=ORIENTED_EDGE('',*,*,#1421,.F.);
#2377=ORIENTED_EDGE('',*,*,#1548,.F.);
#2378=ORIENTED_EDGE('',*,*,#1536,.T.);
#2379=ORIENTED_EDGE('',*,*,#1533,.T.);
#2380=ORIENTED_EDGE('',*,*,#1749,.F.);
#2381=ORIENTED_EDGE('',*,*,#1750,.F.);
#2382=ORIENTED_EDGE('',*,*,#1636,.T.);
#2383=ORIENTED_EDGE('',*,*,#1748,.T.);
#2384=ORIENTED_EDGE('',*,*,#1531,.T.);
#2385=ORIENTED_EDGE('',*,*,#1417,.F.);
#2386=ORIENTED_EDGE('',*,*,#1637,.T.);
#2387=ORIENTED_EDGE('',*,*,#1750,.T.);
#2388=ORIENTED_EDGE('',*,*,#1751,.F.);
#2389=ORIENTED_EDGE('',*,*,#1752,.F.);
#2390=ORIENTED_EDGE('',*,*,#1753,.F.);
#2391=ORIENTED_EDGE('',*,*,#1754,.F.);
#2392=ORIENTED_EDGE('',*,*,#1755,.F.);
#2393=ORIENTED_EDGE('',*,*,#1710,.T.);
#2394=ORIENTED_EDGE('',*,*,#1713,.T.);
#2395=ORIENTED_EDGE('',*,*,#1535,.T.);
#2396=ORIENTED_EDGE('',*,*,#1532,.T.);
#2397=ORIENTED_EDGE('',*,*,#1751,.T.);
#2398=ORIENTED_EDGE('',*,*,#1749,.T.);
#2399=ORIENTED_EDGE('',*,*,#1753,.T.);
#2400=ORIENTED_EDGE('',*,*,#1756,.F.);
#2401=ORIENTED_EDGE('',*,*,#1684,.T.);
#2402=ORIENTED_EDGE('',*,*,#1757,.F.);
#2403=ORIENTED_EDGE('',*,*,#1752,.T.);
#2404=ORIENTED_EDGE('',*,*,#1712,.T.);
#2405=ORIENTED_EDGE('',*,*,#1528,.F.);
#2406=ORIENTED_EDGE('',*,*,#1681,.T.);
#2407=ORIENTED_EDGE('',*,*,#1756,.T.);
#2408=ORIENTED_EDGE('',*,*,#1711,.T.);
#2409=ORIENTED_EDGE('',*,*,#1755,.T.);
#2410=ORIENTED_EDGE('',*,*,#1758,.F.);
#2411=ORIENTED_EDGE('',*,*,#1682,.T.);
#2412=ORIENTED_EDGE('',*,*,#1521,.F.);
#2413=ORIENTED_EDGE('',*,*,#1754,.T.);
#2414=ORIENTED_EDGE('',*,*,#1757,.T.);
#2415=ORIENTED_EDGE('',*,*,#1683,.T.);
#2416=ORIENTED_EDGE('',*,*,#1758,.T.);
#2417=ORIENTED_EDGE('',*,*,#1759,.F.);
#2418=ORIENTED_EDGE('',*,*,#1760,.F.);
#2419=ORIENTED_EDGE('',*,*,#1674,.T.);
#2420=ORIENTED_EDGE('',*,*,#1729,.T.);
#2421=ORIENTED_EDGE('',*,*,#1761,.F.);
#2422=ORIENTED_EDGE('',*,*,#1722,.T.);
#2423=ORIENTED_EDGE('',*,*,#1675,.T.);
#2424=ORIENTED_EDGE('',*,*,#1760,.T.);
#2425=ORIENTED_EDGE('',*,*,#1762,.F.);
#2426=ORIENTED_EDGE('',*,*,#1763,.F.);
#2427=ORIENTED_EDGE('',*,*,#1678,.T.);
#2428=ORIENTED_EDGE('',*,*,#1746,.T.);
#2429=ORIENTED_EDGE('',*,*,#1764,.F.);
#2430=ORIENTED_EDGE('',*,*,#1739,.T.);
#2431=ORIENTED_EDGE('',*,*,#1679,.T.);
#2432=ORIENTED_EDGE('',*,*,#1763,.T.);
#2433=ORIENTED_EDGE('',*,*,#1544,.F.);
#2434=ORIENTED_EDGE('',*,*,#1476,.T.);
#2435=ORIENTED_EDGE('',*,*,#1715,.F.);
#2436=ORIENTED_EDGE('',*,*,#1719,.T.);
#2437=ORIENTED_EDGE('',*,*,#1765,.T.);
#2438=ORIENTED_EDGE('',*,*,#1759,.T.);
#2439=ORIENTED_EDGE('',*,*,#1765,.F.);
#2440=ORIENTED_EDGE('',*,*,#1718,.T.);
#2441=ORIENTED_EDGE('',*,*,#1720,.F.);
#2442=ORIENTED_EDGE('',*,*,#1761,.T.);
#2443=ORIENTED_EDGE('',*,*,#1547,.T.);
#2444=ORIENTED_EDGE('',*,*,#1553,.T.);
#2445=ORIENTED_EDGE('',*,*,#1734,.F.);
#2446=ORIENTED_EDGE('',*,*,#1766,.F.);
#2447=ORIENTED_EDGE('',*,*,#1762,.T.);
#2448=ORIENTED_EDGE('',*,*,#1732,.T.);
#2449=ORIENTED_EDGE('',*,*,#1736,.F.);
#2450=ORIENTED_EDGE('',*,*,#1738,.T.);
#2451=ORIENTED_EDGE('',*,*,#1764,.T.);
#2452=ORIENTED_EDGE('',*,*,#1766,.T.);
#2453=ORIENTED_EDGE('',*,*,#1550,.T.);
#2454=ORIENTED_EDGE('',*,*,#1539,.F.);
#2455=ORIENTED_EDGE('',*,*,#1445,.T.);
#2456=ORIENTED_EDGE('',*,*,#1767,.T.);
#2457=ORIENTED_EDGE('',*,*,#1700,.F.);
#2458=ORIENTED_EDGE('',*,*,#1768,.T.);
#2459=ORIENTED_EDGE('',*,*,#1693,.F.);
#2460=ORIENTED_EDGE('',*,*,#1769,.T.);
#2461=ORIENTED_EDGE('',*,*,#1457,.T.);
#2462=ORIENTED_EDGE('',*,*,#1770,.T.);
#2463=ORIENTED_EDGE('',*,*,#1461,.T.);
#2464=ORIENTED_EDGE('',*,*,#1771,.T.);
#2465=ORIENTED_EDGE('',*,*,#1690,.F.);
#2466=ORIENTED_EDGE('',*,*,#1772,.T.);
#2467=ORIENTED_EDGE('',*,*,#1686,.F.);
#2468=ORIENTED_EDGE('',*,*,#1773,.T.);
#2469=ORIENTED_EDGE('',*,*,#1431,.T.);
#2470=ORIENTED_EDGE('',*,*,#1774,.T.);
#2471=ORIENTED_EDGE('',*,*,#1435,.T.);
#2472=ORIENTED_EDGE('',*,*,#1775,.T.);
#2473=ORIENTED_EDGE('',*,*,#1707,.F.);
#2474=ORIENTED_EDGE('',*,*,#1776,.T.);
#2475=ORIENTED_EDGE('',*,*,#1703,.F.);
#2476=ORIENTED_EDGE('',*,*,#1777,.T.);
#2477=ORIENTED_EDGE('',*,*,#1441,.T.);
#2478=ORIENTED_EDGE('',*,*,#1778,.T.);
#2479=ORIENTED_EDGE('',*,*,#1685,.F.);
#2480=ORIENTED_EDGE('',*,*,#1670,.F.);
#2481=ORIENTED_EDGE('',*,*,#1432,.F.);
#2482=ORIENTED_EDGE('',*,*,#1773,.F.);
#2483=ORIENTED_EDGE('',*,*,#1434,.F.);
#2484=ORIENTED_EDGE('',*,*,#1672,.F.);
#2485=ORIENTED_EDGE('',*,*,#1708,.F.);
#2486=ORIENTED_EDGE('',*,*,#1775,.F.);
#2487=ORIENTED_EDGE('',*,*,#1444,.F.);
#2488=ORIENTED_EDGE('',*,*,#1662,.F.);
#2489=ORIENTED_EDGE('',*,*,#1701,.F.);
#2490=ORIENTED_EDGE('',*,*,#1767,.F.);
#2491=ORIENTED_EDGE('',*,*,#1702,.F.);
#2492=ORIENTED_EDGE('',*,*,#1663,.F.);
#2493=ORIENTED_EDGE('',*,*,#1442,.F.);
#2494=ORIENTED_EDGE('',*,*,#1777,.F.);
#2495=ORIENTED_EDGE('',*,*,#1460,.F.);
#2496=ORIENTED_EDGE('',*,*,#1645,.F.);
#2497=ORIENTED_EDGE('',*,*,#1691,.F.);
#2498=ORIENTED_EDGE('',*,*,#1771,.F.);
#2499=ORIENTED_EDGE('',*,*,#1692,.F.);
#2500=ORIENTED_EDGE('',*,*,#1646,.F.);
#2501=ORIENTED_EDGE('',*,*,#1458,.F.);
#2502=ORIENTED_EDGE('',*,*,#1769,.F.);
#2503=ORIENTED_EDGE('',*,*,#1687,.F.);
#2504=ORIENTED_EDGE('',*,*,#1774,.F.);
#2505=ORIENTED_EDGE('',*,*,#1466,.F.);
#2506=ORIENTED_EDGE('',*,*,#1639,.F.);
#2507=ORIENTED_EDGE('',*,*,#1706,.F.);
#2508=ORIENTED_EDGE('',*,*,#1667,.F.);
#2509=ORIENTED_EDGE('',*,*,#1436,.F.);
#2510=ORIENTED_EDGE('',*,*,#1776,.F.);
#2511=ORIENTED_EDGE('',*,*,#1699,.F.);
#2512=ORIENTED_EDGE('',*,*,#1658,.F.);
#2513=ORIENTED_EDGE('',*,*,#1446,.F.);
#2514=ORIENTED_EDGE('',*,*,#1768,.F.);
#2515=ORIENTED_EDGE('',*,*,#1704,.F.);
#2516=ORIENTED_EDGE('',*,*,#1778,.F.);
#2517=ORIENTED_EDGE('',*,*,#1440,.F.);
#2518=ORIENTED_EDGE('',*,*,#1665,.F.);
#2519=ORIENTED_EDGE('',*,*,#1694,.F.);
#2520=ORIENTED_EDGE('',*,*,#1770,.F.);
#2521=ORIENTED_EDGE('',*,*,#1456,.F.);
#2522=ORIENTED_EDGE('',*,*,#1648,.F.);
#2523=ORIENTED_EDGE('',*,*,#1689,.F.);
#2524=ORIENTED_EDGE('',*,*,#1641,.F.);
#2525=ORIENTED_EDGE('',*,*,#1462,.F.);
#2526=ORIENTED_EDGE('',*,*,#1772,.F.);
#2527=ORIENTED_EDGE('',*,*,#1696,.F.);
#2528=ORIENTED_EDGE('',*,*,#1650,.F.);
#2529=ORIENTED_EDGE('',*,*,#1452,.F.);
#2530=ORIENTED_EDGE('',*,*,#1653,.F.);
#2531=ORIENTED_EDGE('',*,*,#1556,.F.);
#2532=ORIENTED_EDGE('',*,*,#1582,.F.);
#2533=ORIENTED_EDGE('',*,*,#1558,.F.);
#2534=ORIENTED_EDGE('',*,*,#1654,.F.);
#2535=ORIENTED_EDGE('',*,*,#1450,.F.);
#2536=ORIENTED_EDGE('',*,*,#1656,.F.);
#2537=ORIENTED_EDGE('',*,*,#1697,.F.);
#2538=ORIENTED_EDGE('',*,*,#1583,.F.);
#2539=ORIENTED_EDGE('',*,*,#1698,.F.);
#2540=ORIENTED_EDGE('',*,*,#1657,.F.);
#2541=ORIENTED_EDGE('',*,*,#1448,.F.);
#2542=ORIENTED_EDGE('',*,*,#1660,.F.);
#2543=ORIENTED_EDGE('',*,*,#1695,.F.);
#2544=ORIENTED_EDGE('',*,*,#1649,.F.);
#2545=ORIENTED_EDGE('',*,*,#1454,.F.);
#2546=ORIENTED_EDGE('',*,*,#1652,.F.);
#2547=ORIENTED_EDGE('',*,*,#1688,.F.);
#2548=ORIENTED_EDGE('',*,*,#1640,.F.);
#2549=ORIENTED_EDGE('',*,*,#1464,.F.);
#2550=ORIENTED_EDGE('',*,*,#1643,.F.);
#2551=ORIENTED_EDGE('',*,*,#1705,.F.);
#2552=ORIENTED_EDGE('',*,*,#1666,.F.);
#2553=ORIENTED_EDGE('',*,*,#1438,.F.);
#2554=ORIENTED_EDGE('',*,*,#1669,.F.);
#2555=ORIENTED_EDGE('',*,*,#1564,.T.);
#2556=ORIENTED_EDGE('',*,*,#1566,.F.);
#2557=ORIENTED_EDGE('',*,*,#1779,.F.);
#2558=ORIENTED_EDGE('',*,*,#1503,.T.);
#2559=ORIENTED_EDGE('',*,*,#1387,.T.);
#2560=ORIENTED_EDGE('',*,*,#1505,.F.);
#2561=ORIENTED_EDGE('',*,*,#1780,.F.);
#2562=ORIENTED_EDGE('',*,*,#1580,.T.);
#2563=ORIENTED_EDGE('',*,*,#1779,.T.);
#2564=ORIENTED_EDGE('',*,*,#1565,.T.);
#2565=ORIENTED_EDGE('',*,*,#1780,.T.);
#2566=ORIENTED_EDGE('',*,*,#1504,.T.);
#2567=ORIENTED_EDGE('',*,*,#1561,.T.);
#2568=ORIENTED_EDGE('',*,*,#1510,.F.);
#2569=ORIENTED_EDGE('',*,*,#1781,.F.);
#2570=ORIENTED_EDGE('',*,*,#1378,.T.);
#2571=ORIENTED_EDGE('',*,*,#1383,.T.);
#2572=ORIENTED_EDGE('',*,*,#1380,.F.);
#2573=ORIENTED_EDGE('',*,*,#1782,.F.);
#2574=ORIENTED_EDGE('',*,*,#1515,.T.);
#2575=ORIENTED_EDGE('',*,*,#1379,.T.);
#2576=ORIENTED_EDGE('',*,*,#1781,.T.);
#2577=ORIENTED_EDGE('',*,*,#1509,.T.);
#2578=ORIENTED_EDGE('',*,*,#1516,.T.);
#2579=ORIENTED_EDGE('',*,*,#1782,.T.);
#2580=ORIENTED_EDGE('',*,*,#1560,.T.);
#2581=ORIENTED_EDGE('',*,*,#1501,.F.);
#2582=ORIENTED_EDGE('',*,*,#1783,.F.);
#2583=ORIENTED_EDGE('',*,*,#1512,.T.);
#2584=ORIENTED_EDGE('',*,*,#1385,.T.);
#2585=ORIENTED_EDGE('',*,*,#1514,.F.);
#2586=ORIENTED_EDGE('',*,*,#1784,.F.);
#2587=ORIENTED_EDGE('',*,*,#1506,.T.);
#2588=ORIENTED_EDGE('',*,*,#1513,.T.);
#2589=ORIENTED_EDGE('',*,*,#1783,.T.);
#2590=ORIENTED_EDGE('',*,*,#1500,.T.);
#2591=ORIENTED_EDGE('',*,*,#1507,.T.);
#2592=ORIENTED_EDGE('',*,*,#1784,.T.);
#2593=ORIENTED_EDGE('',*,*,#1595,.F.);
#2594=ORIENTED_EDGE('',*,*,#1482,.F.);
#2595=ORIENTED_EDGE('',*,*,#1785,.T.);
#2596=ORIENTED_EDGE('',*,*,#1599,.T.);
#2597=ORIENTED_EDGE('',*,*,#1471,.F.);
#2598=ORIENTED_EDGE('',*,*,#1601,.F.);
#2599=ORIENTED_EDGE('',*,*,#1786,.T.);
#2600=ORIENTED_EDGE('',*,*,#1487,.T.);
#2601=ORIENTED_EDGE('',*,*,#1785,.F.);
#2602=ORIENTED_EDGE('',*,*,#1481,.F.);
#2603=ORIENTED_EDGE('',*,*,#1488,.F.);
#2604=ORIENTED_EDGE('',*,*,#1786,.F.);
#2605=ORIENTED_EDGE('',*,*,#1600,.F.);
#2606=ORIENTED_EDGE('',*,*,#1475,.F.);
#2607=ORIENTED_EDGE('',*,*,#1495,.F.);
#2608=ORIENTED_EDGE('',*,*,#1787,.T.);
#2609=ORIENTED_EDGE('',*,*,#1391,.T.);
#2610=ORIENTED_EDGE('',*,*,#1598,.F.);
#2611=ORIENTED_EDGE('',*,*,#1393,.F.);
#2612=ORIENTED_EDGE('',*,*,#1788,.T.);
#2613=ORIENTED_EDGE('',*,*,#1493,.T.);
#2614=ORIENTED_EDGE('',*,*,#1392,.F.);
#2615=ORIENTED_EDGE('',*,*,#1787,.F.);
#2616=ORIENTED_EDGE('',*,*,#1494,.F.);
#2617=ORIENTED_EDGE('',*,*,#1788,.F.);
#2618=ORIENTED_EDGE('',*,*,#1473,.F.);
#2619=ORIENTED_EDGE('',*,*,#1486,.F.);
#2620=ORIENTED_EDGE('',*,*,#1789,.T.);
#2621=ORIENTED_EDGE('',*,*,#1496,.T.);
#2622=ORIENTED_EDGE('',*,*,#1594,.F.);
#2623=ORIENTED_EDGE('',*,*,#1491,.F.);
#2624=ORIENTED_EDGE('',*,*,#1790,.T.);
#2625=ORIENTED_EDGE('',*,*,#1484,.T.);
#2626=ORIENTED_EDGE('',*,*,#1497,.F.);
#2627=ORIENTED_EDGE('',*,*,#1789,.F.);
#2628=ORIENTED_EDGE('',*,*,#1485,.F.);
#2629=ORIENTED_EDGE('',*,*,#1790,.F.);
#2630=ORIENTED_EDGE('',*,*,#1490,.F.);
#2631=PLANE('',#2890);
#2632=PLANE('',#2897);
#2633=PLANE('',#2905);
#2634=PLANE('',#2934);
#2635=PLANE('',#2936);
#2636=PLANE('',#2990);
#2637=PLANE('',#2991);
#2638=PLANE('',#2992);
#2639=PLANE('',#2993);
#2640=PLANE('',#2996);
#2641=PLANE('',#2997);
#2642=PLANE('',#3002);
#2643=PLANE('',#3003);
#2644=PLANE('',#3004);
#2645=PLANE('',#3005);
#2646=PLANE('',#3006);
#2647=PLANE('',#3007);
#2648=PLANE('',#3010);
#2649=PLANE('',#3011);
#2650=PLANE('',#3012);
#2651=PLANE('',#3013);
#2652=PLANE('',#3016);
#2653=PLANE('',#3019);
#2654=PLANE('',#3021);
#2655=PLANE('',#3022);
#2656=PLANE('',#3023);
#2657=PLANE('',#3024);
#2658=PLANE('',#3025);
#2659=PLANE('',#3026);
#2660=PLANE('',#3027);
#2661=PLANE('',#3028);
#2662=PLANE('',#3029);
#2663=PLANE('',#3030);
#2664=PLANE('',#3031);
#2665=PLANE('',#3032);
#2666=PLANE('',#3033);
#2667=PLANE('',#3052);
#2668=PLANE('',#3053);
#2669=PLANE('',#3054);
#2670=PLANE('',#3055);
#2671=PLANE('',#3056);
#2672=PLANE('',#3057);
#2673=PLANE('',#3058);
#2674=PLANE('',#3059);
#2675=PLANE('',#3060);
#2676=PLANE('',#3061);
#2677=PLANE('',#3062);
#2678=PLANE('',#3063);
#2679=PLANE('',#3064);
#2680=PLANE('',#3065);
#2681=PLANE('',#3066);
#2682=PLANE('',#3067);
#2683=PLANE('',#3068);
#2684=PLANE('',#3069);
#2685=PLANE('',#3070);
#2686=PLANE('',#3071);
#2687=PLANE('',#3072);
#2688=PLANE('',#3073);
#2689=PLANE('',#3074);
#2690=PLANE('',#3075);
#2691=PLANE('',#3076);
#2692=PLANE('',#3078);
#2693=PLANE('',#3079);
#2694=PLANE('',#3081);
#2695=PLANE('',#3082);
#2696=PLANE('',#3083);
#2697=PLANE('',#3084);
#2698=PLANE('',#3085);
#2699=PLANE('',#3086);
#2700=PLANE('',#3087);
#2701=PLANE('',#3088);
#2702=PLANE('',#3089);
#2703=PLANE('',#3090);
#2704=PLANE('',#3091);
#2705=PLANE('',#3092);
#2706=PLANE('',#3093);
#2707=PLANE('',#3094);
#2708=PLANE('',#3095);
#2709=PLANE('',#3096);
#2710=PLANE('',#3097);
#2711=PLANE('',#3098);
#2712=PLANE('',#3099);
#2713=PLANE('',#3100);
#2714=PLANE('',#3101);
#2715=PLANE('',#3120);
#2716=PLANE('',#3121);
#2717=PLANE('',#3122);
#2718=PLANE('',#3123);
#2719=PLANE('',#3124);
#2720=PLANE('',#3125);
#2721=PLANE('',#3126);
#2722=PLANE('',#3127);
#2723=PLANE('',#3128);
#2724=PLANE('',#3129);
#2725=PLANE('',#3130);
#2726=PLANE('',#3131);
#2727=PLANE('',#3132);
#2728=PLANE('',#3133);
#2729=PLANE('',#3134);
#2730=PLANE('',#3135);
#2731=PLANE('',#3136);
#2732=PLANE('',#3137);
#2733=ADVANCED_FACE('',(#96,#79),#2631,.T.);
#2734=ADVANCED_FACE('',(#97),#40,.T.);
#2735=ADVANCED_FACE('',(#98),#2632,.T.);
#2736=ADVANCED_FACE('',(#99),#41,.T.);
#2737=ADVANCED_FACE('',(#100,#80,#81,#82),#2633,.T.);
#2738=ADVANCED_FACE('',(#101,#83),#2634,.T.);
#2739=ADVANCED_FACE('',(#102),#2635,.T.);
#2740=ADVANCED_FACE('',(#103),#42,.F.);
#2741=ADVANCED_FACE('',(#104),#43,.F.);
#2742=ADVANCED_FACE('',(#105),#44,.F.);
#2743=ADVANCED_FACE('',(#106),#45,.F.);
#2744=ADVANCED_FACE('',(#107),#46,.F.);
#2745=ADVANCED_FACE('',(#108),#47,.F.);
#2746=ADVANCED_FACE('',(#109),#25,.T.);
#2747=ADVANCED_FACE('',(#110,#84),#48,.F.);
#2748=ADVANCED_FACE('',(#111),#26,.T.);
#2749=ADVANCED_FACE('',(#112),#49,.F.);
#2750=ADVANCED_FACE('',(#113),#50,.F.);
#2751=ADVANCED_FACE('',(#114),#51,.F.);
#2752=ADVANCED_FACE('',(#115),#52,.F.);
#2753=ADVANCED_FACE('',(#116),#2636,.T.);
#2754=ADVANCED_FACE('',(#117),#2637,.T.);
#2755=ADVANCED_FACE('',(#118),#2638,.F.);
#2756=ADVANCED_FACE('',(#119,#85),#2639,.F.);
#2757=ADVANCED_FACE('',(#120),#53,.F.);
#2758=ADVANCED_FACE('',(#121,#86),#2640,.F.);
#2759=ADVANCED_FACE('',(#122,#87),#2641,.F.);
#2760=ADVANCED_FACE('',(#123),#54,.F.);
#2761=ADVANCED_FACE('',(#124),#55,.F.);
#2762=ADVANCED_FACE('',(#125),#2642,.T.);
#2763=ADVANCED_FACE('',(#126),#2643,.T.);
#2764=ADVANCED_FACE('',(#127),#2644,.F.);
#2765=ADVANCED_FACE('',(#128),#2645,.F.);
#2766=ADVANCED_FACE('',(#129),#2646,.F.);
#2767=ADVANCED_FACE('',(#130),#2647,.F.);
#2768=ADVANCED_FACE('',(#131,#88),#56,.T.);
#2769=ADVANCED_FACE('',(#132),#2648,.F.);
#2770=ADVANCED_FACE('',(#133),#2649,.F.);
#2771=ADVANCED_FACE('',(#134),#2650,.F.);
#2772=ADVANCED_FACE('',(#135),#2651,.F.);
#2773=ADVANCED_FACE('',(#136),#57,.F.);
#2774=ADVANCED_FACE('',(#137,#89),#2652,.T.);
#2775=ADVANCED_FACE('',(#138),#58,.F.);
#2776=ADVANCED_FACE('',(#139),#2653,.F.);
#2777=ADVANCED_FACE('',(#140),#59,.F.);
#2778=ADVANCED_FACE('',(#141),#2654,.F.);
#2779=ADVANCED_FACE('',(#142),#2655,.F.);
#2780=ADVANCED_FACE('',(#143),#2656,.F.);
#2781=ADVANCED_FACE('',(#144),#2657,.F.);
#2782=ADVANCED_FACE('',(#145),#2658,.F.);
#2783=ADVANCED_FACE('',(#146),#2659,.F.);
#2784=ADVANCED_FACE('',(#147),#2660,.F.);
#2785=ADVANCED_FACE('',(#148),#2661,.F.);
#2786=ADVANCED_FACE('',(#149),#2662,.F.);
#2787=ADVANCED_FACE('',(#150),#2663,.F.);
#2788=ADVANCED_FACE('',(#151),#2664,.F.);
#2789=ADVANCED_FACE('',(#152),#2665,.F.);
#2790=ADVANCED_FACE('',(#153,#90,#91),#2666,.F.);
#2791=ADVANCED_FACE('',(#154),#2667,.F.);
#2792=ADVANCED_FACE('',(#155,#92),#2668,.T.);
#2793=ADVANCED_FACE('',(#156),#2669,.F.);
#2794=ADVANCED_FACE('',(#157),#2670,.T.);
#2795=ADVANCED_FACE('',(#158),#2671,.F.);
#2796=ADVANCED_FACE('',(#159),#2672,.T.);
#2797=ADVANCED_FACE('',(#160),#2673,.F.);
#2798=ADVANCED_FACE('',(#161),#2674,.T.);
#2799=ADVANCED_FACE('',(#162),#2675,.F.);
#2800=ADVANCED_FACE('',(#163),#2676,.T.);
#2801=ADVANCED_FACE('',(#164),#2677,.F.);
#2802=ADVANCED_FACE('',(#165),#2678,.T.);
#2803=ADVANCED_FACE('',(#166),#2679,.T.);
#2804=ADVANCED_FACE('',(#167),#2680,.F.);
#2805=ADVANCED_FACE('',(#168),#2681,.T.);
#2806=ADVANCED_FACE('',(#169),#2682,.F.);
#2807=ADVANCED_FACE('',(#170),#2683,.F.);
#2808=ADVANCED_FACE('',(#171),#2684,.F.);
#2809=ADVANCED_FACE('',(#172),#2685,.T.);
#2810=ADVANCED_FACE('',(#173),#2686,.F.);
#2811=ADVANCED_FACE('',(#174),#2687,.F.);
#2812=ADVANCED_FACE('',(#175),#2688,.F.);
#2813=ADVANCED_FACE('',(#176),#2689,.F.);
#2814=ADVANCED_FACE('',(#177),#2690,.F.);
#2815=ADVANCED_FACE('',(#178),#2691,.F.);
#2816=ADVANCED_FACE('',(#179),#2692,.F.);
#2817=ADVANCED_FACE('',(#180,#93),#2693,.F.);
#2818=ADVANCED_FACE('',(#181),#60,.F.);
#2819=ADVANCED_FACE('',(#182),#2694,.F.);
#2820=ADVANCED_FACE('',(#183),#2695,.F.);
#2821=ADVANCED_FACE('',(#184),#2696,.F.);
#2822=ADVANCED_FACE('',(#185),#2697,.F.);
#2823=ADVANCED_FACE('',(#186),#2698,.F.);
#2824=ADVANCED_FACE('',(#187),#2699,.F.);
#2825=ADVANCED_FACE('',(#188),#2700,.F.);
#2826=ADVANCED_FACE('',(#189),#2701,.F.);
#2827=ADVANCED_FACE('',(#190,#94),#2702,.T.);
#2828=ADVANCED_FACE('',(#191),#2703,.T.);
#2829=ADVANCED_FACE('',(#192),#2704,.T.);
#2830=ADVANCED_FACE('',(#193,#95),#2705,.F.);
#2831=ADVANCED_FACE('',(#194),#2706,.F.);
#2832=ADVANCED_FACE('',(#195),#2707,.F.);
#2833=ADVANCED_FACE('',(#196),#2708,.F.);
#2834=ADVANCED_FACE('',(#197),#2709,.F.);
#2835=ADVANCED_FACE('',(#198),#2710,.F.);
#2836=ADVANCED_FACE('',(#199),#2711,.F.);
#2837=ADVANCED_FACE('',(#200),#2712,.F.);
#2838=ADVANCED_FACE('',(#201),#2713,.F.);
#2839=ADVANCED_FACE('',(#202),#2714,.F.);
#2840=ADVANCED_FACE('',(#203),#61,.T.);
#2841=ADVANCED_FACE('',(#204),#62,.T.);
#2842=ADVANCED_FACE('',(#205),#63,.T.);
#2843=ADVANCED_FACE('',(#206),#64,.T.);
#2844=ADVANCED_FACE('',(#207),#65,.T.);
#2845=ADVANCED_FACE('',(#208),#66,.T.);
#2846=ADVANCED_FACE('',(#209),#67,.F.);
#2847=ADVANCED_FACE('',(#210),#68,.F.);
#2848=ADVANCED_FACE('',(#211),#69,.F.);
#2849=ADVANCED_FACE('',(#212),#70,.F.);
#2850=ADVANCED_FACE('',(#213),#71,.F.);
#2851=ADVANCED_FACE('',(#214),#72,.F.);
#2852=ADVANCED_FACE('',(#215),#73,.F.);
#2853=ADVANCED_FACE('',(#216),#74,.F.);
#2854=ADVANCED_FACE('',(#217),#75,.F.);
#2855=ADVANCED_FACE('',(#218),#76,.F.);
#2856=ADVANCED_FACE('',(#219),#77,.F.);
#2857=ADVANCED_FACE('',(#220),#78,.F.);
#2858=ADVANCED_FACE('',(#221),#2715,.F.);
#2859=ADVANCED_FACE('',(#222),#2716,.F.);
#2860=ADVANCED_FACE('',(#223),#2717,.T.);
#2861=ADVANCED_FACE('',(#224),#2718,.F.);
#2862=ADVANCED_FACE('',(#225),#2719,.F.);
#2863=ADVANCED_FACE('',(#226),#2720,.F.);
#2864=ADVANCED_FACE('',(#227),#2721,.F.);
#2865=ADVANCED_FACE('',(#228),#2722,.F.);
#2866=ADVANCED_FACE('',(#229),#2723,.T.);
#2867=ADVANCED_FACE('',(#230),#2724,.T.);
#2868=ADVANCED_FACE('',(#231),#2725,.T.);
#2869=ADVANCED_FACE('',(#232),#2726,.T.);
#2870=ADVANCED_FACE('',(#233),#2727,.T.);
#2871=ADVANCED_FACE('',(#234),#2728,.T.);
#2872=ADVANCED_FACE('',(#235),#2729,.F.);
#2873=ADVANCED_FACE('',(#236),#2730,.T.);
#2874=ADVANCED_FACE('',(#237),#2731,.T.);
#2875=ADVANCED_FACE('',(#238),#2732,.T.);
#2876=CLOSED_SHELL('',(#2733,#2734,#2735,#2736,#2737,#2738,#2739,#2740,
#2741,#2742,#2743,#2744,#2745,#2746,#2747,#2748,#2749,#2750,#2751,#2752,
#2753,#2754,#2755,#2756,#2757,#2758,#2759,#2760,#2761,#2762,#2763,#2764,
#2765,#2766,#2767,#2768,#2769,#2770,#2771,#2772,#2773,#2774,#2775,#2776,
#2777,#2778,#2779,#2780,#2781,#2782,#2783,#2784,#2785,#2786,#2787,#2788,
#2789,#2790,#2791,#2792,#2793,#2794,#2795,#2796,#2797,#2798,#2799,#2800,
#2801,#2802,#2803,#2804,#2805,#2806,#2807,#2808,#2809,#2810,#2811,#2812,
#2813,#2814,#2815,#2816,#2817,#2818,#2819,#2820,#2821,#2822,#2823,#2824,
#2825,#2826,#2827,#2828,#2829,#2830,#2831,#2832,#2833,#2834,#2835,#2836,
#2837,#2838,#2839,#2840,#2841,#2842,#2843,#2844,#2845,#2846,#2847,#2848,
#2849,#2850,#2851,#2852,#2853,#2854,#2855,#2856,#2857,#2858,#2859,#2860,
#2861,#2862,#2863,#2864,#2865,#2866,#2867,#2868,#2869,#2870,#2871,#2872,
#2873,#2874,#2875));
#2877=DERIVED_UNIT_ELEMENT(#2879,1.);
#2878=DERIVED_UNIT_ELEMENT(#4943,-3.);
#2879=(
MASS_UNIT()
NAMED_UNIT(*)
SI_UNIT(.KILO.,.GRAM.)
);
#2880=DERIVED_UNIT((#2877,#2878));
#2881=MEASURE_REPRESENTATION_ITEM('density measure',
POSITIVE_RATIO_MEASURE(7850.),#2880);
#2882=PROPERTY_DEFINITION_REPRESENTATION(#2887,#2884);
#2883=PROPERTY_DEFINITION_REPRESENTATION(#2888,#2885);
#2884=REPRESENTATION('material name',(#2886),#4940);
#2885=REPRESENTATION('density',(#2881),#4940);
#2886=DESCRIPTIVE_REPRESENTATION_ITEM('Steel','Steel');
#2887=PROPERTY_DEFINITION('material property','material name',#4950);
#2888=PROPERTY_DEFINITION('material property','density of part',#4950);
#2889=AXIS2_PLACEMENT_3D('',#3935,#3138,#3139);
#2890=AXIS2_PLACEMENT_3D('',#3936,#3140,#3141);
#2891=AXIS2_PLACEMENT_3D('',#3939,#3142,#3143);
#2892=AXIS2_PLACEMENT_3D('',#3946,#3147,#3148);
#2893=AXIS2_PLACEMENT_3D('',#3947,#3149,#3150);
#2894=AXIS2_PLACEMENT_3D('',#3951,#3152,#3153);
#2895=AXIS2_PLACEMENT_3D('',#3955,#3155,#3156);
#2896=AXIS2_PLACEMENT_3D('',#3959,#3158,#3159);
#2897=AXIS2_PLACEMENT_3D('',#3961,#3161,#3162);
#2898=AXIS2_PLACEMENT_3D('',#3965,#3164,#3165);
#2899=AXIS2_PLACEMENT_3D('',#3969,#3167,#3168);
#2900=AXIS2_PLACEMENT_3D('',#3975,#3172,#3173);
#2901=AXIS2_PLACEMENT_3D('',#3978,#3174,#3175);
#2902=AXIS2_PLACEMENT_3D('',#3982,#3177,#3178);
#2903=AXIS2_PLACEMENT_3D('',#3986,#3180,#3181);
#2904=AXIS2_PLACEMENT_3D('',#3990,#3183,#3184);
#2905=AXIS2_PLACEMENT_3D('',#3992,#3186,#3187);
#2906=AXIS2_PLACEMENT_3D('',#4006,#3194,#3195);
#2907=AXIS2_PLACEMENT_3D('',#4023,#3204,#3205);
#2908=AXIS2_PLACEMENT_3D('',#4026,#3207,#3208);
#2909=AXIS2_PLACEMENT_3D('',#4033,#3211,#3212);
#2910=AXIS2_PLACEMENT_3D('',#4035,#3213,#3214);
#2911=AXIS2_PLACEMENT_3D('',#4037,#3215,#3216);
#2912=AXIS2_PLACEMENT_3D('',#4041,#3218,#3219);
#2913=AXIS2_PLACEMENT_3D('',#4045,#3221,#3222);
#2914=AXIS2_PLACEMENT_3D('',#4055,#3223,#3224);
#2915=AXIS2_PLACEMENT_3D('',#4059,#3226,#3227);
#2916=AXIS2_PLACEMENT_3D('',#4065,#3230,#3231);
#2917=AXIS2_PLACEMENT_3D('',#4069,#3233,#3234);
#2918=AXIS2_PLACEMENT_3D('',#4073,#3236,#3237);
#2919=AXIS2_PLACEMENT_3D('',#4077,#3239,#3240);
#2920=AXIS2_PLACEMENT_3D('',#4081,#3242,#3243);
#2921=AXIS2_PLACEMENT_3D('',#4085,#3245,#3246);
#2922=AXIS2_PLACEMENT_3D('',#4089,#3248,#3249);
#2923=AXIS2_PLACEMENT_3D('',#4093,#3251,#3252);
#2924=AXIS2_PLACEMENT_3D('',#4097,#3254,#3255);
#2925=AXIS2_PLACEMENT_3D('',#4101,#3257,#3258);
#2926=AXIS2_PLACEMENT_3D('',#4105,#3260,#3261);
#2927=AXIS2_PLACEMENT_3D('',#4109,#3263,#3264);
#2928=AXIS2_PLACEMENT_3D('',#4113,#3266,#3267);
#2929=AXIS2_PLACEMENT_3D('',#4117,#3269,#3270);
#2930=AXIS2_PLACEMENT_3D('',#4121,#3272,#3273);
#2931=AXIS2_PLACEMENT_3D('',#4125,#3275,#3276);
#2932=AXIS2_PLACEMENT_3D('',#4129,#3278,#3279);
#2933=AXIS2_PLACEMENT_3D('',#4132,#3281,#3282);
#2934=AXIS2_PLACEMENT_3D('',#4133,#3283,#3284);
#2935=AXIS2_PLACEMENT_3D('',#4138,#3287,#3288);
#2936=AXIS2_PLACEMENT_3D('',#4139,#3289,#3290);
#2937=AXIS2_PLACEMENT_3D('',#4145,#3293,#3294);
#2938=AXIS2_PLACEMENT_3D('',#4149,#3296,#3297);
#2939=AXIS2_PLACEMENT_3D('',#4151,#3299,#3300);
#2940=AXIS2_PLACEMENT_3D('',#4153,#3301,#3302);
#2941=AXIS2_PLACEMENT_3D('',#4156,#3304,#3305);
#2942=AXIS2_PLACEMENT_3D('',#4157,#3306,#3307);
#2943=AXIS2_PLACEMENT_3D('',#4159,#3308,#3309);
#2944=AXIS2_PLACEMENT_3D('',#4163,#3311,#3312);
#2945=AXIS2_PLACEMENT_3D('',#4167,#3314,#3315);
#2946=AXIS2_PLACEMENT_3D('',#4171,#3317,#3318);
#2947=AXIS2_PLACEMENT_3D('',#4175,#3321,#3322);
#2948=AXIS2_PLACEMENT_3D('',#4176,#3323,#3324);
#2949=AXIS2_PLACEMENT_3D('',#4180,#3326,#3327);
#2950=AXIS2_PLACEMENT_3D('',#4184,#3329,#3330);
#2951=AXIS2_PLACEMENT_3D('',#4188,#3332,#3333);
#2952=AXIS2_PLACEMENT_3D('',#4192,#3336,#3337);
#2953=AXIS2_PLACEMENT_3D('',#4193,#3338,#3339);
#2954=AXIS2_PLACEMENT_3D('',#4195,#3340,#3341);
#2955=AXIS2_PLACEMENT_3D('',#4199,#3343,#3344);
#2956=AXIS2_PLACEMENT_3D('',#4203,#3346,#3347);
#2957=AXIS2_PLACEMENT_3D('',#4207,#3349,#3350);
#2958=AXIS2_PLACEMENT_3D('',#4211,#3353,#3354);
#2959=AXIS2_PLACEMENT_3D('',#4212,#3355,#3356);
#2960=AXIS2_PLACEMENT_3D('',#4216,#3358,#3359);
#2961=AXIS2_PLACEMENT_3D('',#4220,#3361,#3362);
#2962=AXIS2_PLACEMENT_3D('',#4224,#3364,#3365);
#2963=AXIS2_PLACEMENT_3D('',#4228,#3368,#3369);
#2964=AXIS2_PLACEMENT_3D('',#4229,#3370,#3371);
#2965=AXIS2_PLACEMENT_3D('',#4233,#3373,#3374);
#2966=AXIS2_PLACEMENT_3D('',#4235,#3376,#3377);
#2967=AXIS2_PLACEMENT_3D('',#4238,#3378,#3379);
#2968=AXIS2_PLACEMENT_3D('',#4267,#3381,#3382);
#2969=AXIS2_PLACEMENT_3D('',#4291,#3383,#3384);
#2970=AXIS2_PLACEMENT_3D('',#4292,#3385,#3386);
#2971=AXIS2_PLACEMENT_3D('',#4325,#3388,#3389);
#2972=AXIS2_PLACEMENT_3D('',#4328,#3391,#3392);
#2973=AXIS2_PLACEMENT_3D('',#4330,#3393,#3394);
#2974=AXIS2_PLACEMENT_3D('',#4346,#3396,#3397);
#2975=AXIS2_PLACEMENT_3D('',#4368,#3398,#3399);
#2976=AXIS2_PLACEMENT_3D('',#4370,#3400,#3401);
#2977=AXIS2_PLACEMENT_3D('',#4373,#3403,#3404);
#2978=AXIS2_PLACEMENT_3D('',#4374,#3405,#3406);
#2979=AXIS2_PLACEMENT_3D('',#4412,#3408,#3409);
#2980=AXIS2_PLACEMENT_3D('',#4413,#3410,#3411);
#2981=AXIS2_PLACEMENT_3D('',#4415,#3412,#3413);
#2982=AXIS2_PLACEMENT_3D('',#4417,#3415,#3416);
#2983=AXIS2_PLACEMENT_3D('',#4418,#3417,#3418);
#2984=AXIS2_PLACEMENT_3D('',#4421,#3420,#3421);
#2985=AXIS2_PLACEMENT_3D('',#4422,#3422,#3423);
#2986=AXIS2_PLACEMENT_3D('',#4424,#3424,#3425);
#2987=AXIS2_PLACEMENT_3D('',#4428,#3427,#3428);
#2988=AXIS2_PLACEMENT_3D('',#4449,#3429,#3430);
#2989=AXIS2_PLACEMENT_3D('',#4469,#3431,#3432);
#2990=AXIS2_PLACEMENT_3D('',#4470,#3433,#3434);
#2991=AXIS2_PLACEMENT_3D('',#4478,#3440,#3441);
#2992=AXIS2_PLACEMENT_3D('',#4508,#3458,#3459);
#2993=AXIS2_PLACEMENT_3D('',#4514,#3463,#3464);
#2994=AXIS2_PLACEMENT_3D('',#4520,#3468,#3469);
#2995=AXIS2_PLACEMENT_3D('',#4523,#3471,#3472);
#2996=AXIS2_PLACEMENT_3D('',#4524,#3473,#3474);
#2997=AXIS2_PLACEMENT_3D('',#4526,#3476,#3477);
#2998=AXIS2_PLACEMENT_3D('',#4530,#3480,#3481);
#2999=AXIS2_PLACEMENT_3D('',#4531,#3482,#3483);
#3000=AXIS2_PLACEMENT_3D('',#4532,#3484,#3485);
#3001=AXIS2_PLACEMENT_3D('',#4533,#3486,#3487);
#3002=AXIS2_PLACEMENT_3D('',#4534,#3488,#3489);
#3003=AXIS2_PLACEMENT_3D('',#4542,#3495,#3496);
#3004=AXIS2_PLACEMENT_3D('',#4572,#3513,#3514);
#3005=AXIS2_PLACEMENT_3D('',#4576,#3517,#3518);
#3006=AXIS2_PLACEMENT_3D('',#4580,#3521,#3522);
#3007=AXIS2_PLACEMENT_3D('',#4584,#3525,#3526);
#3008=AXIS2_PLACEMENT_3D('',#4586,#3528,#3529);
#3009=AXIS2_PLACEMENT_3D('',#4587,#3530,#3531);
#3010=AXIS2_PLACEMENT_3D('',#4588,#3532,#3533);
#3011=AXIS2_PLACEMENT_3D('',#4592,#3536,#3537);
#3012=AXIS2_PLACEMENT_3D('',#4596,#3540,#3541);
#3013=AXIS2_PLACEMENT_3D('',#4600,#3544,#3545);
#3014=AXIS2_PLACEMENT_3D('',#4602,#3547,#3548);
#3015=AXIS2_PLACEMENT_3D('',#4605,#3550,#3551);
#3016=AXIS2_PLACEMENT_3D('',#4606,#3552,#3553);
#3017=AXIS2_PLACEMENT_3D('',#4610,#3556,#3557);
#3018=AXIS2_PLACEMENT_3D('',#4611,#3558,#3559);
#3019=AXIS2_PLACEMENT_3D('',#4612,#3560,#3561);
#3020=AXIS2_PLACEMENT_3D('',#4618,#3565,#3566);
#3021=AXIS2_PLACEMENT_3D('',#4619,#3567,#3568);
#3022=AXIS2_PLACEMENT_3D('',#4625,#3572,#3573);
#3023=AXIS2_PLACEMENT_3D('',#4631,#3577,#3578);
#3024=AXIS2_PLACEMENT_3D('',#4637,#3582,#3583);
#3025=AXIS2_PLACEMENT_3D('',#4643,#3587,#3588);
#3026=AXIS2_PLACEMENT_3D('',#4649,#3592,#3593);
#3027=AXIS2_PLACEMENT_3D('',#4652,#3596,#3597);
#3028=AXIS2_PLACEMENT_3D('',#4658,#3601,#3602);
#3029=AXIS2_PLACEMENT_3D('',#4664,#3606,#3607);
#3030=AXIS2_PLACEMENT_3D('',#4670,#3611,#3612);
#3031=AXIS2_PLACEMENT_3D('',#4676,#3616,#3617);
#3032=AXIS2_PLACEMENT_3D('',#4682,#3621,#3622);
#3033=AXIS2_PLACEMENT_3D('',#4688,#3626,#3627);
#3034=AXIS2_PLACEMENT_3D('',#4711,#3640,#3641);
#3035=AXIS2_PLACEMENT_3D('',#4714,#3643,#3644);
#3036=AXIS2_PLACEMENT_3D('',#4715,#3645,#3646);
#3037=AXIS2_PLACEMENT_3D('',#4717,#3647,#3648);
#3038=AXIS2_PLACEMENT_3D('',#4720,#3650,#3651);
#3039=AXIS2_PLACEMENT_3D('',#4722,#3652,#3653);
#3040=AXIS2_PLACEMENT_3D('',#4725,#3655,#3656);
#3041=AXIS2_PLACEMENT_3D('',#4726,#3657,#3658);
#3042=AXIS2_PLACEMENT_3D('',#4727,#3659,#3660);
#3043=AXIS2_PLACEMENT_3D('',#4728,#3661,#3662);
#3044=AXIS2_PLACEMENT_3D('',#4729,#3663,#3664);
#3045=AXIS2_PLACEMENT_3D('',#4731,#3665,#3666);
#3046=AXIS2_PLACEMENT_3D('',#4734,#3668,#3669);
#3047=AXIS2_PLACEMENT_3D('',#4736,#3670,#3671);
#3048=AXIS2_PLACEMENT_3D('',#4739,#3673,#3674);
#3049=AXIS2_PLACEMENT_3D('',#4740,#3675,#3676);
#3050=AXIS2_PLACEMENT_3D('',#4742,#3677,#3678);
#3051=AXIS2_PLACEMENT_3D('',#4745,#3680,#3681);
#3052=AXIS2_PLACEMENT_3D('',#4746,#3682,#3683);
#3053=AXIS2_PLACEMENT_3D('',#4752,#3687,#3688);
#3054=AXIS2_PLACEMENT_3D('',#4753,#3689,#3690);
#3055=AXIS2_PLACEMENT_3D('',#4757,#3693,#3694);
#3056=AXIS2_PLACEMENT_3D('',#4763,#3698,#3699);
#3057=AXIS2_PLACEMENT_3D('',#4769,#3703,#3704);
#3058=AXIS2_PLACEMENT_3D('',#4773,#3707,#3708);
#3059=AXIS2_PLACEMENT_3D('',#4775,#3710,#3711);
#3060=AXIS2_PLACEMENT_3D('',#4779,#3714,#3715);
#3061=AXIS2_PLACEMENT_3D('',#4785,#3719,#3720);
#3062=AXIS2_PLACEMENT_3D('',#4787,#3722,#3723);
#3063=AXIS2_PLACEMENT_3D('',#4789,#3725,#3726);
#3064=AXIS2_PLACEMENT_3D('',#4791,#3728,#3729);
#3065=AXIS2_PLACEMENT_3D('',#4792,#3730,#3731);
#3066=AXIS2_PLACEMENT_3D('',#4798,#3735,#3736);
#3067=AXIS2_PLACEMENT_3D('',#4804,#3740,#3741);
#3068=AXIS2_PLACEMENT_3D('',#4808,#3744,#3745);
#3069=AXIS2_PLACEMENT_3D('',#4810,#3747,#3748);
#3070=AXIS2_PLACEMENT_3D('',#4814,#3751,#3752);
#3071=AXIS2_PLACEMENT_3D('',#4820,#3756,#3757);
#3072=AXIS2_PLACEMENT_3D('',#4822,#3759,#3760);
#3073=AXIS2_PLACEMENT_3D('',#4824,#3762,#3763);
#3074=AXIS2_PLACEMENT_3D('',#4826,#3765,#3766);
#3075=AXIS2_PLACEMENT_3D('',#4827,#3767,#3768);
#3076=AXIS2_PLACEMENT_3D('',#4829,#3770,#3771);
#3077=AXIS2_PLACEMENT_3D('',#4831,#3772,#3773);
#3078=AXIS2_PLACEMENT_3D('',#4833,#3775,#3776);
#3079=AXIS2_PLACEMENT_3D('',#4835,#3778,#3779);
#3080=AXIS2_PLACEMENT_3D('',#4843,#3784,#3785);
#3081=AXIS2_PLACEMENT_3D('',#4844,#3786,#3787);
#3082=AXIS2_PLACEMENT_3D('',#4847,#3790,#3791);
#3083=AXIS2_PLACEMENT_3D('',#4848,#3792,#3793);
#3084=AXIS2_PLACEMENT_3D('',#4850,#3795,#3796);
#3085=AXIS2_PLACEMENT_3D('',#4851,#3797,#3798);
#3086=AXIS2_PLACEMENT_3D('',#4855,#3801,#3802);
#3087=AXIS2_PLACEMENT_3D('',#4857,#3804,#3805);
#3088=AXIS2_PLACEMENT_3D('',#4861,#3808,#3809);
#3089=AXIS2_PLACEMENT_3D('',#4863,#3811,#3812);
#3090=AXIS2_PLACEMENT_3D('',#4864,#3813,#3814);
#3091=AXIS2_PLACEMENT_3D('',#4866,#3816,#3817);
#3092=AXIS2_PLACEMENT_3D('',#4867,#3818,#3819);
#3093=AXIS2_PLACEMENT_3D('',#4868,#3820,#3821);
#3094=AXIS2_PLACEMENT_3D('',#4870,#3823,#3824);
#3095=AXIS2_PLACEMENT_3D('',#4871,#3825,#3826);
#3096=AXIS2_PLACEMENT_3D('',#4872,#3827,#3828);
#3097=AXIS2_PLACEMENT_3D('',#4875,#3831,#3832);
#3098=AXIS2_PLACEMENT_3D('',#4878,#3835,#3836);
#3099=AXIS2_PLACEMENT_3D('',#4881,#3839,#3840);
#3100=AXIS2_PLACEMENT_3D('',#4884,#3843,#3844);
#3101=AXIS2_PLACEMENT_3D('',#4887,#3847,#3848);
#3102=AXIS2_PLACEMENT_3D('',#4890,#3851,#3852);
#3103=AXIS2_PLACEMENT_3D('',#4891,#3853,#3854);
#3104=AXIS2_PLACEMENT_3D('',#4892,#3855,#3856);
#3105=AXIS2_PLACEMENT_3D('',#4893,#3857,#3858);
#3106=AXIS2_PLACEMENT_3D('',#4894,#3859,#3860);
#3107=AXIS2_PLACEMENT_3D('',#4895,#3861,#3862);
#3108=AXIS2_PLACEMENT_3D('',#4896,#3863,#3864);
#3109=AXIS2_PLACEMENT_3D('',#4897,#3865,#3866);
#3110=AXIS2_PLACEMENT_3D('',#4898,#3867,#3868);
#3111=AXIS2_PLACEMENT_3D('',#4899,#3869,#3870);
#3112=AXIS2_PLACEMENT_3D('',#4900,#3871,#3872);
#3113=AXIS2_PLACEMENT_3D('',#4901,#3873,#3874);
#3114=AXIS2_PLACEMENT_3D('',#4902,#3875,#3876);
#3115=AXIS2_PLACEMENT_3D('',#4903,#3877,#3878);
#3116=AXIS2_PLACEMENT_3D('',#4904,#3879,#3880);
#3117=AXIS2_PLACEMENT_3D('',#4905,#3881,#3882);
#3118=AXIS2_PLACEMENT_3D('',#4906,#3883,#3884);
#3119=AXIS2_PLACEMENT_3D('',#4907,#3885,#3886);
#3120=AXIS2_PLACEMENT_3D('',#4908,#3887,#3888);
#3121=AXIS2_PLACEMENT_3D('',#4910,#3890,#3891);
#3122=AXIS2_PLACEMENT_3D('',#4912,#3893,#3894);
#3123=AXIS2_PLACEMENT_3D('',#4913,#3895,#3896);
#3124=AXIS2_PLACEMENT_3D('',#4915,#3898,#3899);
#3125=AXIS2_PLACEMENT_3D('',#4917,#3901,#3902);
#3126=AXIS2_PLACEMENT_3D('',#4918,#3903,#3904);
#3127=AXIS2_PLACEMENT_3D('',#4920,#3906,#3907);
#3128=AXIS2_PLACEMENT_3D('',#4922,#3909,#3910);
#3129=AXIS2_PLACEMENT_3D('',#4923,#3911,#3912);
#3130=AXIS2_PLACEMENT_3D('',#4925,#3914,#3915);
#3131=AXIS2_PLACEMENT_3D('',#4927,#3917,#3918);
#3132=AXIS2_PLACEMENT_3D('',#4928,#3919,#3920);
#3133=AXIS2_PLACEMENT_3D('',#4930,#3922,#3923);
#3134=AXIS2_PLACEMENT_3D('',#4932,#3925,#3926);
#3135=AXIS2_PLACEMENT_3D('',#4933,#3927,#3928);
#3136=AXIS2_PLACEMENT_3D('',#4935,#3930,#3931);
#3137=AXIS2_PLACEMENT_3D('',#4937,#3933,#3934);
#3138=DIRECTION('axis',(0.,0.,1.));
#3139=DIRECTION('refdir',(1.,0.,0.));
#3140=DIRECTION('center_axis',(0.866025403784449,0.499999999999982,0.));
#3141=DIRECTION('ref_axis',(-0.499999999999982,0.866025403784449,0.));
#3142=DIRECTION('center_axis',(-0.866025403784449,-0.499999999999982,0.));
#3143=DIRECTION('ref_axis',(-0.499999999999982,0.866025403784449,0.));
#3144=DIRECTION('',(-0.499999999999982,0.866025403784449,0.));
#3145=DIRECTION('',(0.,0.,-1.));
#3146=DIRECTION('',(-0.499999999999982,0.866025403784449,0.));
#3147=DIRECTION('center_axis',(-0.866025403784449,-0.499999999999982,0.));
#3148=DIRECTION('ref_axis',(-0.499999999999982,0.866025403784449,0.));
#3149=DIRECTION('center_axis',(-0.866025403784449,-0.499999999999983,0.));
#3150=DIRECTION('ref_axis',(-0.499999999999983,0.866025403784449,-2.54207057918564E-15));
#3151=DIRECTION('',(-0.866025403784449,-0.499999999999982,0.));
#3152=DIRECTION('center_axis',(-0.866025403784449,-0.499999999999983,0.));
#3153=DIRECTION('ref_axis',(0.499999999999982,-0.866025403784449,0.));
#3154=DIRECTION('',(0.866025403784449,0.499999999999983,0.));
#3155=DIRECTION('center_axis',(-0.866025403784449,-0.499999999999983,0.));
#3156=DIRECTION('ref_axis',(-0.499999999999983,0.866025403784449,0.));
#3157=DIRECTION('',(0.866025403784449,0.499999999999983,0.));
#3158=DIRECTION('center_axis',(-0.866025403784449,-0.499999999999983,0.));
#3159=DIRECTION('ref_axis',(0.499999999999982,-0.866025403784449,0.));
#3160=DIRECTION('',(-0.866025403784449,-0.499999999999982,0.));
#3161=DIRECTION('center_axis',(-0.866025403784449,-0.499999999999982,0.));
#3162=DIRECTION('ref_axis',(0.499999999999982,-0.866025403784449,0.));
#3163=DIRECTION('',(-0.499999999999982,0.866025403784449,4.97999138461095E-17));
#3164=DIRECTION('center_axis',(-0.866025403784449,-0.499999999999983,0.));
#3165=DIRECTION('ref_axis',(0.499999999999982,-0.866025403784449,0.));
#3166=DIRECTION('',(-0.499999999999983,0.866025403784449,-3.64348483363473E-17));
#3167=DIRECTION('center_axis',(-0.866025403784449,-0.499999999999983,0.));
#3168=DIRECTION('ref_axis',(0.499999999999982,-0.866025403784449,0.));
#3169=DIRECTION('',(-0.499999999999982,0.866025403784449,0.));
#3170=DIRECTION('',(0.,0.,-1.));
#3171=DIRECTION('',(0.499999999999982,-0.866025403784449,0.));
#3172=DIRECTION('center_axis',(0.866025403784446,-0.499999999999988,0.));
#3173=DIRECTION('ref_axis',(0.499999999999988,0.866025403784446,0.));
#3174=DIRECTION('center_axis',(0.866025403784446,-0.499999999999988,0.));
#3175=DIRECTION('ref_axis',(0.499999999999988,0.866025403784446,0.));
#3176=DIRECTION('',(-0.866025403784449,0.499999999999983,0.));
#3177=DIRECTION('center_axis',(-0.866025403784449,0.499999999999983,0.));
#3178=DIRECTION('ref_axis',(0.499999999999983,0.866025403784449,0.));
#3179=DIRECTION('',(-0.866025403784449,0.499999999999983,0.));
#3180=DIRECTION('center_axis',(0.866025403784446,-0.499999999999988,0.));
#3181=DIRECTION('ref_axis',(0.499999999999988,0.866025403784446,0.));
#3182=DIRECTION('',(-0.866025403784448,0.499999999999984,0.));
#3183=DIRECTION('center_axis',(0.866025403784439,-0.5,0.));
#3184=DIRECTION('ref_axis',(-0.5,-0.866025403784439,0.));
#3185=DIRECTION('',(0.866025403784446,-0.499999999999988,0.));
#3186=DIRECTION('center_axis',(0.,0.,1.));
#3187=DIRECTION('ref_axis',(1.,0.,0.));
#3188=DIRECTION('',(-0.866025403784423,-0.500000000000027,0.));
#3189=DIRECTION('',(0.500000000000002,-0.866025403784437,0.));
#3190=DIRECTION('',(-0.500000000000025,-0.866025403784424,0.));
#3191=DIRECTION('',(-1.,0.,0.));
#3192=DIRECTION('',(-0.499999999999983,0.866025403784449,0.));
#3193=DIRECTION('',(-0.866025403784448,-0.499999999999984,0.));
#3194=DIRECTION('center_axis',(0.,0.,1.));
#3195=DIRECTION('ref_axis',(1.,0.,0.));
#3196=DIRECTION('',(-0.866025403784448,0.499999999999983,0.));
#3197=DIRECTION('',(-0.499999999999984,-0.866025403784448,0.));
#3198=DIRECTION('',(-1.,0.,0.));
#3199=DIRECTION('',(-0.500000000000016,0.86602540378443,0.));
#3200=DIRECTION('',(0.499999999999982,0.866025403784449,0.));
#3201=DIRECTION('',(-0.866025403784448,0.499999999999983,0.));
#3202=DIRECTION('',(0.499999999999988,0.866025403784446,0.));
#3203=DIRECTION('',(0.5,0.866025403784439,0.));
#3204=DIRECTION('center_axis',(0.,0.,-1.));
#3205=DIRECTION('ref_axis',(1.,0.,0.));
#3206=DIRECTION('',(-1.,0.,0.));
#3207=DIRECTION('center_axis',(0.,0.,-1.));
#3208=DIRECTION('ref_axis',(1.,-1.15646985900676E-15,0.));
#3209=DIRECTION('',(-1.,0.,0.));
#3210=DIRECTION('',(-1.57656270537372E-16,1.,0.));
#3211=DIRECTION('center_axis',(6.82157444399252E-14,1.05427309231074E-14,
-1.));
#3212=DIRECTION('ref_axis',(-5.9013197440117E-14,1.,1.05427309231034E-14));
#3213=DIRECTION('center_axis',(0.,0.,-1.));
#3214=DIRECTION('ref_axis',(1.,-1.89977461911827E-15,0.));
#3215=DIRECTION('center_axis',(-5.9786031692128E-14,1.31204837798793E-14,
-1.));
#3216=DIRECTION('ref_axis',(1.81457692663032E-13,1.,1.31204837798684E-14));
#3217=DIRECTION('',(-7.88281352686858E-17,-1.,0.));
#3218=DIRECTION('center_axis',(0.,0.,-1.));
#3219=DIRECTION('ref_axis',(-1.,0.,0.));
#3220=DIRECTION('',(-0.5,-0.866025403784439,0.));
#3221=DIRECTION('center_axis',(0.,0.,-1.));
#3222=DIRECTION('ref_axis',(-1.,0.,0.));
#3223=DIRECTION('center_axis',(0.,0.,-1.));
#3224=DIRECTION('ref_axis',(-1.,0.,0.));
#3225=DIRECTION('',(-0.499999999999999,0.866025403784439,0.));
#3226=DIRECTION('center_axis',(0.,0.,-1.));
#3227=DIRECTION('ref_axis',(-1.,0.,0.));
#3228=DIRECTION('',(1.,0.,0.));
#3229=DIRECTION('',(-5.59588218057034E-17,1.,0.));
#3230=DIRECTION('center_axis',(0.,0.,1.));
#3231=DIRECTION('ref_axis',(1.,0.,0.));
#3232=DIRECTION('',(1.,0.,0.));
#3233=DIRECTION('center_axis',(0.,0.,1.));
#3234=DIRECTION('ref_axis',(1.,0.,0.));
#3235=DIRECTION('',(5.59588218057034E-17,-1.,0.));
#3236=DIRECTION('center_axis',(0.,0.,-1.));
#3237=DIRECTION('ref_axis',(1.,0.,0.));
#3238=DIRECTION('',(1.,0.,0.));
#3239=DIRECTION('center_axis',(0.,0.,-1.));
#3240=DIRECTION('ref_axis',(1.,0.,0.));
#3241=DIRECTION('',(0.,-1.,0.));
#3242=DIRECTION('center_axis',(0.,0.,-1.));
#3243=DIRECTION('ref_axis',(1.,0.,0.));
#3244=DIRECTION('',(1.,1.11917643611408E-16,0.));
#3245=DIRECTION('center_axis',(0.,0.,1.));
#3246=DIRECTION('ref_axis',(1.,0.,0.));
#3247=DIRECTION('',(0.,-1.,0.));
#3248=DIRECTION('center_axis',(0.,0.,1.));
#3249=DIRECTION('ref_axis',(1.,0.,0.));
#3250=DIRECTION('',(-1.,-1.11917643611408E-16,0.));
#3251=DIRECTION('center_axis',(0.,0.,-1.));
#3252=DIRECTION('ref_axis',(1.,0.,0.));
#3253=DIRECTION('',(0.,-1.,0.));
#3254=DIRECTION('center_axis',(0.,0.,-1.));
#3255=DIRECTION('ref_axis',(1.,0.,0.));
#3256=DIRECTION('',(-1.,0.,0.));
#3257=DIRECTION('center_axis',(0.,0.,-1.));
#3258=DIRECTION('ref_axis',(1.,0.,0.));
#3259=DIRECTION('',(-1.,0.,0.));
#3260=DIRECTION('center_axis',(0.,0.,-1.));
#3261=DIRECTION('ref_axis',(1.,0.,0.));
#3262=DIRECTION('',(-1.,0.,0.));
#3263=DIRECTION('center_axis',(0.,0.,-1.));
#3264=DIRECTION('ref_axis',(1.,0.,0.));
#3265=DIRECTION('',(0.,1.,0.));
#3266=DIRECTION('center_axis',(0.,0.,-1.));
#3267=DIRECTION('ref_axis',(1.,0.,0.));
#3268=DIRECTION('',(-1.,0.,0.));
#3269=DIRECTION('center_axis',(0.,0.,1.));
#3270=DIRECTION('ref_axis',(1.,0.,0.));
#3271=DIRECTION('',(0.,1.,0.));
#3272=DIRECTION('center_axis',(0.,0.,1.));
#3273=DIRECTION('ref_axis',(1.,0.,0.));
#3274=DIRECTION('',(1.,0.,0.));
#3275=DIRECTION('center_axis',(0.,0.,-1.));
#3276=DIRECTION('ref_axis',(1.,0.,0.));
#3277=DIRECTION('',(0.,1.,0.));
#3278=DIRECTION('center_axis',(0.,0.,-1.));
#3279=DIRECTION('ref_axis',(1.,0.,0.));
#3280=DIRECTION('',(1.,0.,0.));
#3281=DIRECTION('center_axis',(0.,0.,-1.));
#3282=DIRECTION('ref_axis',(1.,0.,0.));
#3283=DIRECTION('center_axis',(-0.866025403784439,0.5,0.));
#3284=DIRECTION('ref_axis',(-0.5,-0.866025403784439,0.));
#3285=DIRECTION('',(-0.5,-0.866025403784438,0.));
#3286=DIRECTION('',(0.,0.,1.));
#3287=DIRECTION('center_axis',(0.866025403784439,-0.5,0.));
#3288=DIRECTION('ref_axis',(-0.5,-0.866025403784439,0.));
#3289=DIRECTION('center_axis',(0.866025403784446,-0.499999999999988,0.));
#3290=DIRECTION('ref_axis',(0.499999999999988,0.866025403784446,0.));
#3291=DIRECTION('',(0.,0.,-1.));
#3292=DIRECTION('',(0.499999999999982,0.866025403784449,0.));
#3293=DIRECTION('center_axis',(0.866025403784446,-0.499999999999988,0.));
#3294=DIRECTION('ref_axis',(0.499999999999988,0.866025403784446,0.));
#3295=DIRECTION('',(0.499999999999983,0.866025403784449,-3.64348483363473E-17));
#3296=DIRECTION('center_axis',(0.866025403784446,-0.499999999999988,0.));
#3297=DIRECTION('ref_axis',(0.499999999999988,0.866025403784446,0.));
#3298=DIRECTION('',(0.499999999999982,0.866025403784449,4.97999138461095E-17));
#3299=DIRECTION('center_axis',(5.32635234137727E-15,1.,0.));
#3300=DIRECTION('ref_axis',(-1.,5.32635234137727E-15,0.));
#3301=DIRECTION('center_axis',(0.,1.,0.));
#3302=DIRECTION('ref_axis',(0.,0.,-1.));
#3303=DIRECTION('',(5.32635234137727E-15,1.,0.));
#3304=DIRECTION('center_axis',(5.32635234137727E-15,1.,0.));
#3305=DIRECTION('ref_axis',(-1.,5.32635234137727E-15,0.));
#3306=DIRECTION('center_axis',(0.866025403784446,-0.499999999999988,0.));
#3307=DIRECTION('ref_axis',(0.499999999999988,0.866025403784446,0.));
#3308=DIRECTION('center_axis',(0.866025403784439,-0.5,0.));
#3309=DIRECTION('ref_axis',(0.5,0.866025403784439,0.));
#3310=DIRECTION('',(0.866025403784446,-0.499999999999988,0.));
#3311=DIRECTION('center_axis',(0.866025403784449,-0.499999999999983,0.));
#3312=DIRECTION('ref_axis',(-0.499999999999982,-0.866025403784449,0.));
#3313=DIRECTION('',(-0.866025403784449,0.499999999999983,0.));
#3314=DIRECTION('center_axis',(0.866025403784446,-0.499999999999988,0.));
#3315=DIRECTION('ref_axis',(0.499999999999988,0.866025403784446,0.));
#3316=DIRECTION('',(-0.866025403784449,0.499999999999983,0.));
#3317=DIRECTION('center_axis',(0.866025403784449,-0.499999999999983,0.));
#3318=DIRECTION('ref_axis',(-0.499999999999982,-0.866025403784449,0.));
#3319=DIRECTION('',(-0.866025403784449,0.499999999999983,0.));
#3320=DIRECTION('',(-0.866025403784449,0.499999999999983,0.));
#3321=DIRECTION('center_axis',(0.866025403784449,-0.499999999999983,0.));
#3322=DIRECTION('ref_axis',(-0.499999999999982,-0.866025403784449,0.));
#3323=DIRECTION('center_axis',(0.866025403784446,-0.499999999999988,0.));
#3324=DIRECTION('ref_axis',(0.499999999999988,0.866025403784446,0.));
#3325=DIRECTION('',(0.866025403784446,-0.499999999999988,0.));
#3326=DIRECTION('center_axis',(0.866025403784449,-0.499999999999983,0.));
#3327=DIRECTION('ref_axis',(-0.499999999999982,-0.866025403784449,0.));
#3328=DIRECTION('',(-0.866025403784449,0.499999999999983,0.));
#3329=DIRECTION('center_axis',(0.866025403784446,-0.499999999999988,0.));
#3330=DIRECTION('ref_axis',(0.499999999999988,0.866025403784446,0.));
#3331=DIRECTION('',(-0.866025403784449,0.499999999999983,0.));
#3332=DIRECTION('center_axis',(0.866025403784449,-0.499999999999983,0.));
#3333=DIRECTION('ref_axis',(-0.499999999999982,-0.866025403784449,0.));
#3334=DIRECTION('',(-0.866025403784449,0.499999999999983,0.));
#3335=DIRECTION('',(-0.866025403784449,0.499999999999983,0.));
#3336=DIRECTION('center_axis',(0.866025403784449,-0.499999999999983,0.));
#3337=DIRECTION('ref_axis',(-0.499999999999982,-0.866025403784449,0.));
#3338=DIRECTION('center_axis',(-0.866025403784449,-0.499999999999983,0.));
#3339=DIRECTION('ref_axis',(0.499999999999982,-0.866025403784449,0.));
#3340=DIRECTION('center_axis',(-0.866025403784437,-0.500000000000002,0.));
#3341=DIRECTION('ref_axis',(0.500000000000002,-0.866025403784437,0.));
#3342=DIRECTION('',(-0.866025403784449,-0.499999999999982,0.));
#3343=DIRECTION('center_axis',(0.866025403784449,0.499999999999983,0.));
#3344=DIRECTION('ref_axis',(0.499999999999982,-0.866025403784449,0.));
#3345=DIRECTION('',(0.866025403784449,0.499999999999983,0.));
#3346=DIRECTION('center_axis',(-0.866025403784449,-0.499999999999983,0.));
#3347=DIRECTION('ref_axis',(0.499999999999982,-0.866025403784449,0.));
#3348=DIRECTION('',(0.866025403784449,0.499999999999983,0.));
#3349=DIRECTION('center_axis',(0.866025403784449,0.499999999999983,0.));
#3350=DIRECTION('ref_axis',(0.499999999999982,-0.866025403784449,0.));
#3351=DIRECTION('',(0.866025403784449,0.499999999999983,0.));
#3352=DIRECTION('',(0.866025403784449,0.499999999999983,0.));
#3353=DIRECTION('center_axis',(0.866025403784449,0.499999999999983,0.));
#3354=DIRECTION('ref_axis',(0.499999999999982,-0.866025403784449,0.));
#3355=DIRECTION('center_axis',(-0.866025403784449,-0.499999999999983,0.));
#3356=DIRECTION('ref_axis',(0.499999999999982,-0.866025403784449,0.));
#3357=DIRECTION('',(-0.866025403784449,-0.499999999999982,0.));
#3358=DIRECTION('center_axis',(0.866025403784449,0.499999999999983,0.));
#3359=DIRECTION('ref_axis',(0.499999999999982,-0.866025403784449,0.));
#3360=DIRECTION('',(0.866025403784449,0.499999999999983,0.));
#3361=DIRECTION('center_axis',(-0.866025403784449,-0.499999999999983,0.));
#3362=DIRECTION('ref_axis',(0.499999999999982,-0.866025403784449,0.));
#3363=DIRECTION('',(0.866025403784449,0.499999999999983,0.));
#3364=DIRECTION('center_axis',(0.866025403784449,0.499999999999983,0.));
#3365=DIRECTION('ref_axis',(0.499999999999982,-0.866025403784449,0.));
#3366=DIRECTION('',(0.866025403784449,0.499999999999983,0.));
#3367=DIRECTION('',(0.866025403784449,0.499999999999983,0.));
#3368=DIRECTION('center_axis',(0.866025403784449,0.499999999999983,0.));
#3369=DIRECTION('ref_axis',(0.499999999999982,-0.866025403784449,0.));
#3370=DIRECTION('center_axis',(0.,0.,-1.));
#3371=DIRECTION('ref_axis',(-1.,0.,0.));
#3372=DIRECTION('',(0.,0.,1.));
#3373=DIRECTION('center_axis',(0.,0.,1.));
#3374=DIRECTION('ref_axis',(-1.,0.,0.));
#3375=DIRECTION('',(0.,0.,1.));
#3376=DIRECTION('center_axis',(0.,-1.,0.));
#3377=DIRECTION('ref_axis',(0.,0.,-1.));
#3378=DIRECTION('center_axis',(-0.492403876506103,0.757465936915131,0.428700101253831));
#3379=DIRECTION('ref_axis',(-0.571287528594026,-0.65287468507615,0.49737833211716));
#3380=DIRECTION('',(8.73631234189069E-17,0.700783475566439,-0.713374039598458));
#3381=DIRECTION('center_axis',(0.,-1.,0.));
#3382=DIRECTION('ref_axis',(0.,0.,-1.));
#3383=DIRECTION('center_axis',(0.492403876506105,0.757465936915126,0.428700101253838));
#3384=DIRECTION('ref_axis',(0.571287526052813,-0.652874685076157,0.497378335035982));
#3385=DIRECTION('center_axis',(0.,0.309016994374949,-0.951056516295153));
#3386=DIRECTION('ref_axis',(0.,0.951056516295153,0.309016994374949));
#3387=DIRECTION('',(0.,-0.309016994374949,0.951056516295153));
#3388=DIRECTION('center_axis',(0.,0.,-1.));
#3389=DIRECTION('ref_axis',(-6.40207100397729E-12,1.,0.));
#3390=DIRECTION('',(0.,0.309016994374949,-0.951056516295153));
#3391=DIRECTION('center_axis',(0.,-0.309016994374949,0.951056516295153));
#3392=DIRECTION('ref_axis',(0.,0.951056516295153,0.309016994374949));
#3393=DIRECTION('center_axis',(0.,0.,-1.));
#3394=DIRECTION('ref_axis',(-6.40207100397729E-12,1.,0.));
#3395=DIRECTION('',(0.,0.309016994374949,-0.951056516295153));
#3396=DIRECTION('center_axis',(-5.89254079188999E-15,1.,4.09499644177238E-15));
#3397=DIRECTION('ref_axis',(-7.83314079160422E-16,-4.09499644177239E-15,
1.));
#3398=DIRECTION('center_axis',(0.,1.,0.));
#3399=DIRECTION('ref_axis',(0.,0.,1.));
#3400=DIRECTION('center_axis',(0.,-1.,0.));
#3401=DIRECTION('ref_axis',(0.,0.,1.));
#3402=DIRECTION('',(8.00199383797555E-17,-0.757002151436719,0.653412383353866));
#3403=DIRECTION('center_axis',(0.,1.,0.));
#3404=DIRECTION('ref_axis',(0.,0.,1.));
#3405=DIRECTION('center_axis',(0.,1.,0.));
#3406=DIRECTION('ref_axis',(0.,0.,1.));
#3407=DIRECTION('',(0.,1.,0.));
#3408=DIRECTION('center_axis',(0.,-1.,0.));
#3409=DIRECTION('ref_axis',(0.,0.,1.));
#3410=DIRECTION('center_axis',(0.,0.,1.));
#3411=DIRECTION('ref_axis',(1.,0.,0.));
#3412=DIRECTION('center_axis',(0.,0.,-1.));
#3413=DIRECTION('ref_axis',(1.,1.89977461911827E-15,0.));
#3414=DIRECTION('',(0.,0.,1.));
#3415=DIRECTION('center_axis',(0.,1.,0.));
#3416=DIRECTION('ref_axis',(0.,0.,1.));
#3417=DIRECTION('center_axis',(0.,1.,0.));
#3418=DIRECTION('ref_axis',(0.,0.,1.));
#3419=DIRECTION('',(0.,1.,0.));
#3420=DIRECTION('center_axis',(0.,-1.,0.));
#3421=DIRECTION('ref_axis',(0.,0.,1.));
#3422=DIRECTION('center_axis',(0.,1.,0.));
#3423=DIRECTION('ref_axis',(0.,0.,1.));
#3424=DIRECTION('center_axis',(0.,1.,0.));
#3425=DIRECTION('ref_axis',(0.,0.,1.));
#3426=DIRECTION('',(0.,1.,0.));
#3427=DIRECTION('center_axis',(0.,1.,0.));
#3428=DIRECTION('ref_axis',(0.,0.,1.));
#3429=DIRECTION('center_axis',(0.,1.,0.));
#3430=DIRECTION('ref_axis',(0.,0.,1.));
#3431=DIRECTION('center_axis',(0.,1.,0.));
#3432=DIRECTION('ref_axis',(0.,0.,1.));
#3433=DIRECTION('center_axis',(-0.866025403784449,-0.499999999999982,0.));
#3434=DIRECTION('ref_axis',(0.499999999999982,-0.866025403784449,0.));
#3435=DIRECTION('',(0.499999999999982,-0.866025403784449,-3.64348484459583E-17));
#3436=DIRECTION('',(0.499999999999982,-0.866025403784449,4.97999139996909E-17));
#3437=DIRECTION('',(0.499999999999982,-0.866025403784449,0.));
#3438=DIRECTION('',(0.,0.,-1.));
#3439=DIRECTION('',(0.499999999999983,-0.866025403784449,0.));
#3440=DIRECTION('center_axis',(-0.499999999999983,0.866025403784448,0.));
#3441=DIRECTION('ref_axis',(-0.866025403784448,-0.499999999999983,0.));
#3442=DIRECTION('',(0.,0.,1.));
#3443=DIRECTION('',(0.866025403784449,0.499999999999983,0.));
#3444=DIRECTION('',(-0.866025403784448,-0.499999999999983,0.));
#3445=DIRECTION('',(0.,0.,1.));
#3446=DIRECTION('',(-0.61237243569436,-0.35355339059243,0.707106781188212));
#3447=DIRECTION('',(-0.866025403784448,-0.499999999999983,0.));
#3448=DIRECTION('',(-0.612372435695572,-0.35355339059313,-0.707106781186812));
#3449=DIRECTION('',(0.,0.,-1.));
#3450=DIRECTION('',(-0.866025403784448,-0.499999999999983,0.));
#3451=DIRECTION('',(0.,0.,-1.));
#3452=DIRECTION('',(0.,0.,-1.));
#3453=DIRECTION('',(0.612372435693637,0.353553390592013,-0.707106781189046));
#3454=DIRECTION('',(0.866025403784448,0.499999999999983,0.));
#3455=DIRECTION('',(0.612372435691012,0.353553390590497,0.707106781192078));
#3456=DIRECTION('',(0.,0.,1.));
#3457=DIRECTION('',(0.866025403784449,0.499999999999983,0.));
#3458=DIRECTION('center_axis',(0.,-1.,0.));
#3459=DIRECTION('ref_axis',(0.,0.,-1.));
#3460=DIRECTION('',(1.,0.,0.));
#3461=DIRECTION('',(0.,0.,1.));
#3462=DIRECTION('',(0.,0.,-1.));
#3463=DIRECTION('center_axis',(0.866025403784439,-0.5,0.));
#3464=DIRECTION('ref_axis',(0.5,0.866025403784439,0.));
#3465=DIRECTION('',(0.,0.,-1.));
#3466=DIRECTION('',(0.,0.,1.));
#3467=DIRECTION('',(0.5,0.866025403784439,0.));
#3468=DIRECTION('center_axis',(0.,0.,-1.));
#3469=DIRECTION('ref_axis',(0.866025403784438,0.5,0.));
#3470=DIRECTION('',(0.,0.,1.));
#3471=DIRECTION('center_axis',(0.,0.,1.));
#3472=DIRECTION('ref_axis',(-1.,0.,0.));
#3473=DIRECTION('center_axis',(0.,1.,0.));
#3474=DIRECTION('ref_axis',(0.,0.,1.));
#3475=DIRECTION('',(-1.,0.,0.));
#3476=DIRECTION('center_axis',(-0.866025403784437,-0.500000000000002,0.));
#3477=DIRECTION('ref_axis',(0.500000000000002,-0.866025403784437,0.));
#3478=DIRECTION('',(0.,0.,1.));
#3479=DIRECTION('',(0.500000000000002,-0.866025403784437,0.));
#3480=DIRECTION('center_axis',(0.,0.,-1.));
#3481=DIRECTION('ref_axis',(-1.,0.,0.));
#3482=DIRECTION('center_axis',(0.,0.,1.));
#3483=DIRECTION('ref_axis',(-1.,1.15648231731786E-15,0.));
#3484=DIRECTION('center_axis',(0.,0.,-1.));
#3485=DIRECTION('ref_axis',(-1.,0.,0.));
#3486=DIRECTION('center_axis',(0.,0.,1.));
#3487=DIRECTION('ref_axis',(-1.,0.,0.));
#3488=DIRECTION('center_axis',(0.866025403784446,-0.499999999999988,0.));
#3489=DIRECTION('ref_axis',(0.499999999999988,0.866025403784446,0.));
#3490=DIRECTION('',(-0.499999999999982,-0.866025403784449,-3.64348484459583E-17));
#3491=DIRECTION('',(-0.499999999999983,-0.866025403784449,0.));
#3492=DIRECTION('',(0.,0.,-1.));
#3493=DIRECTION('',(0.499999999999988,0.866025403784446,0.));
#3494=DIRECTION('',(-0.499999999999982,-0.866025403784449,4.97999139996909E-17));
#3495=DIRECTION('center_axis',(0.499999999999984,0.866025403784448,0.));
#3496=DIRECTION('ref_axis',(-0.866025403784448,0.499999999999984,0.));
#3497=DIRECTION('',(-0.866025403784449,0.499999999999983,0.));
#3498=DIRECTION('',(0.,0.,1.));
#3499=DIRECTION('',(-0.866025403784449,0.499999999999983,0.));
#3500=DIRECTION('',(0.,0.,-1.));
#3501=DIRECTION('',(0.612372435690857,-0.353553390590408,-0.707106781192257));
#3502=DIRECTION('',(0.866025403784448,-0.499999999999984,0.));
#3503=DIRECTION('',(0.612372435695583,-0.353553390593136,0.707106781186799));
#3504=DIRECTION('',(0.,0.,1.));
#3505=DIRECTION('',(0.,0.,-1.));
#3506=DIRECTION('',(-0.866025403784448,0.499999999999984,0.));
#3507=DIRECTION('',(0.,0.,1.));
#3508=DIRECTION('',(-0.612372435699717,0.353553390595523,0.707106781182026));
#3509=DIRECTION('',(-0.866025403784448,0.499999999999984,0.));
#3510=DIRECTION('',(-0.61237243569607,0.353553390593417,-0.707106781186237));
#3511=DIRECTION('',(0.,0.,-1.));
#3512=DIRECTION('',(-0.866025403784448,0.499999999999984,0.));
#3513=DIRECTION('center_axis',(-0.866025403784448,0.499999999999984,0.));
#3514=DIRECTION('ref_axis',(-0.499999999999983,-0.866025403784448,0.));
#3515=DIRECTION('',(-0.499999999999983,-0.866025403784448,0.));
#3516=DIRECTION('',(0.,0.,1.));
#3517=DIRECTION('center_axis',(-0.86602540378443,-0.500000000000015,0.));
#3518=DIRECTION('ref_axis',(0.500000000000015,-0.86602540378443,0.));
#3519=DIRECTION('',(0.500000000000015,-0.86602540378443,0.));
#3520=DIRECTION('',(0.,0.,1.));
#3521=DIRECTION('center_axis',(1.25192883228097E-16,-1.,0.));
#3522=DIRECTION('ref_axis',(1.,1.25192883228097E-16,0.));
#3523=DIRECTION('',(1.,1.25192883228097E-16,0.));
#3524=DIRECTION('',(0.,0.,1.));
#3525=DIRECTION('center_axis',(0.866025403784448,-0.499999999999984,0.));
#3526=DIRECTION('ref_axis',(0.499999999999984,0.866025403784448,0.));
#3527=DIRECTION('',(0.499999999999984,0.866025403784448,0.));
#3528=DIRECTION('center_axis',(0.,0.,1.));
#3529=DIRECTION('ref_axis',(1.,0.,0.));
#3530=DIRECTION('center_axis',(0.,0.,1.));
#3531=DIRECTION('ref_axis',(1.,0.,0.));
#3532=DIRECTION('center_axis',(-0.866025403784448,-0.499999999999983,0.));
#3533=DIRECTION('ref_axis',(0.499999999999983,-0.866025403784448,0.));
#3534=DIRECTION('',(0.499999999999983,-0.866025403784448,0.));
#3535=DIRECTION('',(0.,0.,1.));
#3536=DIRECTION('center_axis',(2.50385766456195E-16,-1.,0.));
#3537=DIRECTION('ref_axis',(1.,2.50385766456195E-16,0.));
#3538=DIRECTION('',(1.,2.50385766456195E-16,0.));
#3539=DIRECTION('',(0.,0.,1.));
#3540=DIRECTION('center_axis',(0.866025403784424,-0.500000000000025,0.));
#3541=DIRECTION('ref_axis',(0.500000000000025,0.866025403784424,0.));
#3542=DIRECTION('',(0.500000000000025,0.866025403784424,0.));
#3543=DIRECTION('',(0.,0.,1.));
#3544=DIRECTION('center_axis',(0.866025403784437,0.500000000000002,0.));
#3545=DIRECTION('ref_axis',(-0.500000000000002,0.866025403784437,0.));
#3546=DIRECTION('',(-0.500000000000002,0.866025403784437,0.));
#3547=DIRECTION('center_axis',(0.,0.,1.));
#3548=DIRECTION('ref_axis',(1.,0.,0.));
#3549=DIRECTION('',(0.,0.,1.));
#3550=DIRECTION('center_axis',(0.,0.,1.));
#3551=DIRECTION('ref_axis',(1.,0.,0.));
#3552=DIRECTION('center_axis',(5.32635234137727E-15,1.,0.));
#3553=DIRECTION('ref_axis',(-1.,5.32635234137727E-15,0.));
#3554=DIRECTION('',(0.,0.,-1.));
#3555=DIRECTION('',(-1.,5.32635234137727E-15,0.));
#3556=DIRECTION('center_axis',(0.,0.,1.));
#3557=DIRECTION('ref_axis',(1.,0.,0.));
#3558=DIRECTION('center_axis',(0.,0.,1.));
#3559=DIRECTION('ref_axis',(1.,0.,0.));
#3560=DIRECTION('center_axis',(0.,-1.,0.));
#3561=DIRECTION('ref_axis',(0.,0.,-1.));
#3562=DIRECTION('',(0.,0.,1.));
#3563=DIRECTION('',(1.,0.,0.));
#3564=DIRECTION('',(0.,0.,-1.));
#3565=DIRECTION('center_axis',(0.,0.,1.));
#3566=DIRECTION('ref_axis',(1.,0.,0.));
#3567=DIRECTION('center_axis',(0.,1.,0.));
#3568=DIRECTION('ref_axis',(0.,0.,1.));
#3569=DIRECTION('',(-1.,0.,0.));
#3570=DIRECTION('',(0.,0.,1.));
#3571=DIRECTION('',(0.,0.,-1.));
#3572=DIRECTION('center_axis',(-1.,1.90106682298828E-15,0.));
#3573=DIRECTION('ref_axis',(-1.90106682298828E-15,-1.,0.));
#3574=DIRECTION('',(0.,0.,-1.));
#3575=DIRECTION('',(-1.90106682298828E-15,-1.,0.));
#3576=DIRECTION('',(0.,0.,1.));
#3577=DIRECTION('center_axis',(-1.,0.,0.));
#3578=DIRECTION('ref_axis',(0.,0.,1.));
#3579=DIRECTION('',(0.,-1.,0.));
#3580=DIRECTION('',(0.,0.,1.));
#3581=DIRECTION('',(0.,0.,-1.));
#3582=DIRECTION('center_axis',(-1.,0.,0.));
#3583=DIRECTION('ref_axis',(0.,0.,1.));
#3584=DIRECTION('',(0.,-1.,0.));
#3585=DIRECTION('',(0.,0.,1.));
#3586=DIRECTION('',(0.,0.,-1.));
#3587=DIRECTION('center_axis',(0.,-1.,0.));
#3588=DIRECTION('ref_axis',(0.,0.,-1.));
#3589=DIRECTION('',(0.,0.,-1.));
#3590=DIRECTION('',(1.,0.,0.));
#3591=DIRECTION('',(0.,0.,1.));
#3592=DIRECTION('center_axis',(0.,-1.,0.));
#3593=DIRECTION('ref_axis',(0.,0.,-1.));
#3594=DIRECTION('',(0.,0.,1.));
#3595=DIRECTION('',(0.,0.,-1.));
#3596=DIRECTION('center_axis',(0.,-1.,0.));
#3597=DIRECTION('ref_axis',(0.,0.,-1.));
#3598=DIRECTION('',(1.,0.,0.));
#3599=DIRECTION('',(0.,0.,1.));
#3600=DIRECTION('',(0.,0.,-1.));
#3601=DIRECTION('center_axis',(1.,0.,0.));
#3602=DIRECTION('ref_axis',(0.,0.,-1.));
#3603=DIRECTION('',(0.,0.,-1.));
#3604=DIRECTION('',(0.,1.,0.));
#3605=DIRECTION('',(0.,0.,1.));
#3606=DIRECTION('center_axis',(1.,0.,0.));
#3607=DIRECTION('ref_axis',(0.,0.,-1.));
#3608=DIRECTION('',(0.,1.,0.));
#3609=DIRECTION('',(0.,0.,1.));
#3610=DIRECTION('',(0.,0.,-1.));
#3611=DIRECTION('center_axis',(1.,0.,0.));
#3612=DIRECTION('ref_axis',(0.,0.,-1.));
#3613=DIRECTION('',(0.,1.,0.));
#3614=DIRECTION('',(0.,0.,1.));
#3615=DIRECTION('',(0.,0.,-1.));
#3616=DIRECTION('center_axis',(0.,1.,0.));
#3617=DIRECTION('ref_axis',(0.,0.,1.));
#3618=DIRECTION('',(0.,0.,-1.));
#3619=DIRECTION('',(-1.,0.,0.));
#3620=DIRECTION('',(0.,0.,1.));
#3621=DIRECTION('center_axis',(-1.79454152687256E-15,1.,0.));
#3622=DIRECTION('ref_axis',(-1.,-1.79454152687256E-15,0.));
#3623=DIRECTION('',(0.,0.,-1.));
#3624=DIRECTION('',(-1.,-1.79454152687256E-15,0.));
#3625=DIRECTION('',(0.,0.,1.));
#3626=DIRECTION('center_axis',(0.,0.,1.));
#3627=DIRECTION('ref_axis',(1.,0.,0.));
#3628=DIRECTION('',(0.499999999999984,0.866025403784448,0.));
#3629=DIRECTION('',(-0.500000000000016,0.86602540378443,0.));
#3630=DIRECTION('',(-1.,0.,0.));
#3631=DIRECTION('',(-0.499999999999984,-0.866025403784448,0.));
#3632=DIRECTION('',(-0.499999999999983,0.866025403784449,0.));
#3633=DIRECTION('',(-1.,0.,0.));
#3634=DIRECTION('',(-0.500000000000025,-0.866025403784424,0.));
#3635=DIRECTION('',(0.500000000000002,-0.866025403784437,0.));
#3636=DIRECTION('',(-0.0544073272614824,-0.998518824429596,0.));
#3637=DIRECTION('',(-0.054407327260961,0.998518824429624,0.));
#3638=DIRECTION('',(-0.869003878221903,0.494805274461876,0.));
#3639=DIRECTION('',(-0.869003878221903,-0.494805274461875,0.));
#3640=DIRECTION('center_axis',(0.,0.,-1.));
#3641=DIRECTION('ref_axis',(1.,0.,0.));
#3642=DIRECTION('',(-5.59588218057034E-17,1.,0.));
#3643=DIRECTION('center_axis',(0.,0.,1.));
#3644=DIRECTION('ref_axis',(1.,0.,0.));
#3645=DIRECTION('center_axis',(0.,0.,1.));
#3646=DIRECTION('ref_axis',(1.,0.,0.));
#3647=DIRECTION('center_axis',(0.,0.,1.));
#3648=DIRECTION('ref_axis',(1.,0.,0.));
#3649=DIRECTION('',(1.,0.,0.));
#3650=DIRECTION('center_axis',(0.,0.,-1.));
#3651=DIRECTION('ref_axis',(1.,0.,0.));
#3652=DIRECTION('center_axis',(0.,0.,-1.));
#3653=DIRECTION('ref_axis',(1.,0.,0.));
#3654=DIRECTION('',(-1.,0.,0.));
#3655=DIRECTION('center_axis',(0.,0.,1.));
#3656=DIRECTION('ref_axis',(1.,0.,0.));
#3657=DIRECTION('center_axis',(0.,0.,1.));
#3658=DIRECTION('ref_axis',(1.,0.,0.));
#3659=DIRECTION('center_axis',(0.,0.,1.));
#3660=DIRECTION('ref_axis',(1.,0.,0.));
#3661=DIRECTION('center_axis',(0.,0.,1.));
#3662=DIRECTION('ref_axis',(1.,0.,0.));
#3663=DIRECTION('center_axis',(0.,0.,1.));
#3664=DIRECTION('ref_axis',(1.,0.,0.));
#3665=DIRECTION('center_axis',(0.,0.,1.));
#3666=DIRECTION('ref_axis',(1.,0.,0.));
#3667=DIRECTION('',(-1.,-1.11917643611408E-16,0.));
#3668=DIRECTION('center_axis',(0.,0.,-1.));
#3669=DIRECTION('ref_axis',(1.,0.,0.));
#3670=DIRECTION('center_axis',(0.,0.,-1.));
#3671=DIRECTION('ref_axis',(1.,1.73472347597681E-15,0.));
#3672=DIRECTION('',(1.,1.11917643611408E-16,0.));
#3673=DIRECTION('center_axis',(0.,0.,1.));
#3674=DIRECTION('ref_axis',(1.,0.,0.));
#3675=DIRECTION('center_axis',(0.,0.,1.));
#3676=DIRECTION('ref_axis',(1.,0.,0.));
#3677=DIRECTION('center_axis',(0.,0.,1.));
#3678=DIRECTION('ref_axis',(1.,0.,0.));
#3679=DIRECTION('',(5.59588218057034E-17,-1.,0.));
#3680=DIRECTION('center_axis',(0.,0.,-1.));
#3681=DIRECTION('ref_axis',(1.,0.,0.));
#3682=DIRECTION('center_axis',(-0.492403876506104,0.75746593691513,0.428700101253832));
#3683=DIRECTION('ref_axis',(-0.838417811913057,-0.545028047596563,2.57178456762377E-17));
#3684=DIRECTION('',(1.69503578576102E-16,0.492551054851867,-0.870283550553676));
#3685=DIRECTION('',(0.866025403784439,0.475528258147576,0.154508497187474));
#3686=DIRECTION('',(0.172782012866211,-0.39767770672783,0.901109770006737));
#3687=DIRECTION('center_axis',(0.,1.,0.));
#3688=DIRECTION('ref_axis',(0.,0.,1.));
#3689=DIRECTION('center_axis',(0.492403876506104,0.75746593691513,0.428700101253832));
#3690=DIRECTION('ref_axis',(-0.838417811913057,0.545028047596563,1.36862577187711E-17));
#3691=DIRECTION('',(0.17278201286621,0.39767770672783,-0.901109770006737));
#3692=DIRECTION('',(0.866025403784439,-0.475528258147576,-0.154508497187474));
#3693=DIRECTION('center_axis',(0.612372435698847,-0.353553390595021,-0.70710678118303));
#3694=DIRECTION('ref_axis',(-0.755928946015228,3.90313800529772E-17,-0.654653670711702));
#3695=DIRECTION('',(-0.499999999998213,-0.86602540378547,5.18187839705819E-12));
#3696=DIRECTION('',(-0.755928946015228,0.,-0.654653670711702));
#3697=DIRECTION('',(0.500000000000129,0.866025403784364,0.));
#3698=DIRECTION('center_axis',(-1.25192883228097E-16,7.22801448323671E-17,
1.));
#3699=DIRECTION('ref_axis',(1.,1.95297682609737E-49,1.25192883228097E-16));
#3700=DIRECTION('',(0.499999999997011,0.866025403786165,-1.58138378812815E-16));
#3701=DIRECTION('',(1.,0.,1.25192883228097E-16));
#3702=DIRECTION('',(0.500000000003845,-0.866025403782219,2.14616371245719E-16));
#3703=DIRECTION('center_axis',(-0.612372435691885,0.353553390591001,-0.707106781191069));
#3704=DIRECTION('ref_axis',(-0.755928946022594,-4.44922623974436E-18,0.654653670703197));
#3705=DIRECTION('',(-0.377964473025714,0.6546536706977,0.654653670708736));
#3706=DIRECTION('',(-0.499999999999984,-0.866025403784448,0.));
#3707=DIRECTION('center_axis',(0.866025403784448,-0.499999999999984,0.));
#3708=DIRECTION('ref_axis',(0.499999999999984,0.866025403784448,0.));
#3709=DIRECTION('',(0.,0.,-1.));
#3710=DIRECTION('center_axis',(-0.612372435693784,0.353553390592097,0.707106781188877));
#3711=DIRECTION('ref_axis',(0.755928946020586,-2.81632256453933E-17,0.654653670705516));
#3712=DIRECTION('',(0.377964473002872,-0.654653670724697,0.654653670694927));
#3713=DIRECTION('',(-0.500000000004043,-0.866025403782105,-5.18187839703806E-12));
#3714=DIRECTION('center_axis',(0.,0.,-1.));
#3715=DIRECTION('ref_axis',(-1.,0.,0.));
#3716=DIRECTION('',(0.499999999994928,0.866025403787367,0.));
#3717=DIRECTION('',(-0.499999999997754,0.866025403785735,0.));
#3718=DIRECTION('',(-1.,0.,0.));
#3719=DIRECTION('center_axis',(0.612372435700746,-0.353553390596117,0.707106781180838));
#3720=DIRECTION('ref_axis',(0.755928946013219,1.35392793770304E-17,-0.654653670714022));
#3721=DIRECTION('',(0.755928946013219,0.,-0.654653670714022));
#3722=DIRECTION('center_axis',(-0.866025403784448,0.499999999999984,0.));
#3723=DIRECTION('ref_axis',(-0.499999999999983,-0.866025403784448,0.));
#3724=DIRECTION('',(0.,0.,1.));
#3725=DIRECTION('center_axis',(0.612372435685068,0.353553390587095,0.707106781198926));
#3726=DIRECTION('ref_axis',(0.7559289460298,1.7916363876794E-17,-0.654653670694876));
#3727=DIRECTION('',(0.377964473032063,0.654653670701279,-0.654653670701491));
#3728=DIRECTION('center_axis',(-8.85247366868975E-17,0.707106781186662,
0.707106781186433));
#3729=DIRECTION('ref_axis',(2.92353864276836E-33,-0.707106781186433,0.707106781186662));
#3730=DIRECTION('center_axis',(-0.612372435693762,-0.353553390592084,0.707106781188903));
#3731=DIRECTION('ref_axis',(0.755928946020609,-9.15124320313584E-18,0.65465367070549));
#3732=DIRECTION('',(-0.499999999995067,0.866025403787286,0.));
#3733=DIRECTION('',(0.377964473014775,0.654653670702654,0.654653670710097));
#3734=DIRECTION('',(0.500000000006283,-0.866025403780811,8.20464079524073E-12));
#3735=DIRECTION('center_axis',(-1.25192883228097E-16,-7.22801448323671E-17,
-1.));
#3736=DIRECTION('ref_axis',(-1.,1.95297682609737E-49,1.25192883228097E-16));
#3737=DIRECTION('',(-1.,0.,1.25192883228097E-16));
#3738=DIRECTION('',(0.500000000001498,-0.866025403783574,-1.58138378814234E-16));
#3739=DIRECTION('',(-0.499999999999386,-0.866025403784793,2.14616371249843E-16));
#3740=DIRECTION('center_axis',(0.612372435697235,0.353553390594107,0.707106781184883));
#3741=DIRECTION('ref_axis',(0.75592894601693,2.37794109491948E-17,-0.654653670709738));
#3742=DIRECTION('',(-0.500000000000002,0.866025403784438,-1.25192883228098E-16));
#3743=DIRECTION('',(0.75592894601693,0.,-0.654653670709738));
#3744=DIRECTION('center_axis',(0.866025403784437,0.500000000000002,0.));
#3745=DIRECTION('ref_axis',(-0.500000000000002,0.866025403784437,0.));
#3746=DIRECTION('',(0.,0.,-1.));
#3747=DIRECTION('center_axis',(0.612372435701438,0.353553390596534,-0.70710678118003));
#3748=DIRECTION('ref_axis',(-0.755928946012483,4.59565523642034E-17,-0.654653670714873));
#3749=DIRECTION('',(-0.499999999995669,0.866025403786939,5.18187839700497E-12));
#3750=DIRECTION('',(-0.755928946012482,0.,-0.654653670714873));
#3751=DIRECTION('center_axis',(0.,0.,1.));
#3752=DIRECTION('ref_axis',(1.,0.,0.));
#3753=DIRECTION('',(0.499999999999386,0.866025403784793,0.));
#3754=DIRECTION('',(0.499999999993726,-0.866025403788061,0.));
#3755=DIRECTION('',(1.,0.,0.));
#3756=DIRECTION('center_axis',(-0.612372435697965,-0.353553390594511,-0.707106781184049));
#3757=DIRECTION('ref_axis',(-0.755928946016162,-2.06881343877179E-17,0.654653670710625));
#3758=DIRECTION('',(-0.377964473010424,-0.654653670703746,0.654653670711517));
#3759=DIRECTION('center_axis',(-0.866025403784448,-0.499999999999983,0.));
#3760=DIRECTION('ref_axis',(0.499999999999983,-0.866025403784448,0.));
#3761=DIRECTION('',(0.,0.,1.));
#3762=DIRECTION('center_axis',(1.77049473374817E-16,-0.707106781190745,
-0.707106781182351));
#3763=DIRECTION('ref_axis',(3.08597041123481E-35,0.707106781182351,-0.707106781190745));
#3764=DIRECTION('',(0.377964473006188,-0.654653670704969,0.65465367071274));
#3765=DIRECTION('center_axis',(0.612372435696207,-0.353553390593536,-0.707106781186059));
#3766=DIRECTION('ref_axis',(-0.755928946018012,1.41667215669248E-17,-0.654653670708488));
#3767=DIRECTION('center_axis',(1.,-7.88281352686858E-17,0.));
#3768=DIRECTION('ref_axis',(7.88281352686858E-17,1.,0.));
#3769=DIRECTION('',(7.88281352686858E-17,1.,0.));
#3770=DIRECTION('center_axis',(0.,0.,-1.));
#3771=DIRECTION('ref_axis',(-1.,0.,0.));
#3772=DIRECTION('center_axis',(0.,0.,-1.));
#3773=DIRECTION('ref_axis',(1.,-1.89977461911827E-15,0.));
#3774=DIRECTION('',(0.,1.,0.));
#3775=DIRECTION('center_axis',(-1.,-1.57656270537372E-16,0.));
#3776=DIRECTION('ref_axis',(1.57656270537372E-16,-1.,0.));
#3777=DIRECTION('',(0.,0.,-1.));
#3778=DIRECTION('center_axis',(1.60246890531964E-17,-0.309016994374949,
0.951056516295153));
#3779=DIRECTION('ref_axis',(-5.40040339915707E-34,-0.951056516295153,-0.309016994374949));
#3780=DIRECTION('',(0.,0.951056516295153,0.309016994374949));
#3781=DIRECTION('',(0.866025403784439,0.475528258147576,0.154508497187474));
#3782=DIRECTION('',(0.866025403784438,-0.475528258147577,-0.154508497187475));
#3783=DIRECTION('',(0.,-0.951056516295153,-0.309016994374949));
#3784=DIRECTION('center_axis',(0.,0.,1.));
#3785=DIRECTION('ref_axis',(-0.928485314114247,0.371369117555794,0.));
#3786=DIRECTION('center_axis',(0.492403876506104,-0.864786412797774,-0.098401639428006));
#3787=DIRECTION('ref_axis',(0.869003878221903,0.494805274461876,-5.37218854046039E-18));
#3788=DIRECTION('',(-0.17278201286621,-0.207931010479755,0.96276220891286));
#3789=DIRECTION('',(3.11830209788001E-16,0.113057662355717,-0.993588428365921));
#3790=DIRECTION('center_axis',(0.984807753012208,-0.0536602379413219,0.165149230912913));
#3791=DIRECTION('ref_axis',(0.165387512714845,-1.04991205616812E-18,-0.986228660422114));
#3792=DIRECTION('center_axis',(-0.984807753012208,-0.0536602379413223,0.165149230912913));
#3793=DIRECTION('ref_axis',(0.165387512714845,5.31103102630152E-20,0.986228660422114));
#3794=DIRECTION('',(0.17278201286621,-0.207931010479754,0.96276220891286));
#3795=DIRECTION('center_axis',(-0.492403876506104,-0.864786412797774,-0.098401639428006));
#3796=DIRECTION('ref_axis',(0.869003878221903,-0.494805274461876,-2.5049380994098E-18));
#3797=DIRECTION('center_axis',(-0.86602540378443,-0.500000000000015,0.));
#3798=DIRECTION('ref_axis',(0.500000000000015,-0.86602540378443,0.));
#3799=DIRECTION('',(-0.500000000000015,0.86602540378443,0.));
#3800=DIRECTION('',(0.,0.,1.));
#3801=DIRECTION('center_axis',(1.25192883228097E-16,-1.,0.));
#3802=DIRECTION('ref_axis',(1.,1.25192883228097E-16,0.));
#3803=DIRECTION('',(-1.,-1.25192883228097E-16,0.));
#3804=DIRECTION('center_axis',(2.50385766456195E-16,-1.,0.));
#3805=DIRECTION('ref_axis',(1.,2.50385766456195E-16,0.));
#3806=DIRECTION('',(-1.,-2.50385766456195E-16,0.));
#3807=DIRECTION('',(0.,0.,1.));
#3808=DIRECTION('center_axis',(0.866025403784424,-0.500000000000025,0.));
#3809=DIRECTION('ref_axis',(0.500000000000025,0.866025403784424,0.));
#3810=DIRECTION('',(-0.500000000000025,-0.866025403784424,0.));
#3811=DIRECTION('center_axis',(0.,-1.,0.));
#3812=DIRECTION('ref_axis',(0.,0.,-1.));
#3813=DIRECTION('center_axis',(0.61237243568317,0.353553390585999,-0.707106781201118));
#3814=DIRECTION('ref_axis',(-0.755928946031809,-1.68922512231552E-17,-0.654653670692557));
#3815=DIRECTION('',(-0.377964473044117,-0.654653670692386,-0.654653670703424));
#3816=DIRECTION('center_axis',(-1.49313293729483E-27,0.707106781192509,
-0.707106781180586));
#3817=DIRECTION('ref_axis',(7.24118422245552E-44,0.707106781180586,0.707106781192509));
#3818=DIRECTION('center_axis',(0.,1.,0.));
#3819=DIRECTION('ref_axis',(0.,0.,1.));
#3820=DIRECTION('center_axis',(2.65574210060567E-16,-0.707106781185891,
0.707106781187204));
#3821=DIRECTION('ref_axis',(-1.06905854049638E-32,-0.707106781187204,-0.707106781185891));
#3822=DIRECTION('',(-0.377964472995653,0.654653670712503,0.654653670711288));
#3823=DIRECTION('center_axis',(0.612372435702447,-0.353553390597138,0.707106781178854));
#3824=DIRECTION('ref_axis',(0.75592894601141,-1.72267464365798E-17,-0.654653670716111));
#3825=DIRECTION('center_axis',(1.2518018244434E-16,-1.,0.));
#3826=DIRECTION('ref_axis',(1.,1.2518018244434E-16,0.));
#3827=DIRECTION('center_axis',(-1.11917643611408E-16,1.,0.));
#3828=DIRECTION('ref_axis',(-1.,-1.11917643611408E-16,0.));
#3829=DIRECTION('',(0.,0.,-1.));
#3830=DIRECTION('',(0.,0.,1.));
#3831=DIRECTION('center_axis',(0.,1.,0.));
#3832=DIRECTION('ref_axis',(0.,0.,1.));
#3833=DIRECTION('',(0.,0.,1.));
#3834=DIRECTION('',(0.,0.,-1.));
#3835=DIRECTION('center_axis',(0.,-1.,0.));
#3836=DIRECTION('ref_axis',(0.,0.,-1.));
#3837=DIRECTION('',(0.,0.,-1.));
#3838=DIRECTION('',(0.,0.,1.));
#3839=DIRECTION('center_axis',(1.,5.59588218057034E-17,0.));
#3840=DIRECTION('ref_axis',(-5.59588218057034E-17,1.,0.));
#3841=DIRECTION('',(0.,0.,1.));
#3842=DIRECTION('',(0.,0.,-1.));
#3843=DIRECTION('center_axis',(-1.,-5.59588218057033E-17,0.));
#3844=DIRECTION('ref_axis',(5.59588218057033E-17,-1.,0.));
#3845=DIRECTION('',(0.,0.,-1.));
#3846=DIRECTION('',(0.,0.,1.));
#3847=DIRECTION('center_axis',(1.11917643611408E-16,-1.,0.));
#3848=DIRECTION('ref_axis',(1.,1.11917643611408E-16,0.));
#3849=DIRECTION('',(0.,0.,1.));
#3850=DIRECTION('',(0.,0.,-1.));
#3851=DIRECTION('center_axis',(0.,0.,1.));
#3852=DIRECTION('ref_axis',(1.,0.,0.));
#3853=DIRECTION('center_axis',(0.,0.,-1.));
#3854=DIRECTION('ref_axis',(-1.,0.,0.));
#3855=DIRECTION('center_axis',(0.,0.,-1.));
#3856=DIRECTION('ref_axis',(-1.,0.,0.));
#3857=DIRECTION('center_axis',(0.,0.,1.));
#3858=DIRECTION('ref_axis',(1.,0.,0.));
#3859=DIRECTION('center_axis',(0.,0.,-1.));
#3860=DIRECTION('ref_axis',(-1.,0.,0.));
#3861=DIRECTION('center_axis',(0.,0.,1.));
#3862=DIRECTION('ref_axis',(1.,0.,0.));
#3863=DIRECTION('center_axis',(0.,0.,-1.));
#3864=DIRECTION('ref_axis',(-1.,0.,0.));
#3865=DIRECTION('center_axis',(0.,0.,-1.));
#3866=DIRECTION('ref_axis',(-1.,0.,0.));
#3867=DIRECTION('center_axis',(0.,0.,-1.));
#3868=DIRECTION('ref_axis',(-1.,0.,0.));
#3869=DIRECTION('center_axis',(0.,0.,-1.));
#3870=DIRECTION('ref_axis',(-1.,0.,0.));
#3871=DIRECTION('center_axis',(0.,0.,-1.));
#3872=DIRECTION('ref_axis',(-1.,0.,0.));
#3873=DIRECTION('center_axis',(0.,0.,-1.));
#3874=DIRECTION('ref_axis',(-1.,0.,0.));
#3875=DIRECTION('center_axis',(0.,0.,-1.));
#3876=DIRECTION('ref_axis',(-1.,0.,0.));
#3877=DIRECTION('center_axis',(0.,0.,-1.));
#3878=DIRECTION('ref_axis',(-1.,0.,0.));
#3879=DIRECTION('center_axis',(0.,0.,-1.));
#3880=DIRECTION('ref_axis',(-1.,0.,0.));
#3881=DIRECTION('center_axis',(0.,0.,-1.));
#3882=DIRECTION('ref_axis',(-1.,0.,0.));
#3883=DIRECTION('center_axis',(0.,0.,-1.));
#3884=DIRECTION('ref_axis',(-1.,0.,0.));
#3885=DIRECTION('center_axis',(0.,0.,-1.));
#3886=DIRECTION('ref_axis',(-1.,0.,0.));
#3887=DIRECTION('center_axis',(0.,0.,1.));
#3888=DIRECTION('ref_axis',(1.,0.,0.));
#3889=DIRECTION('',(0.499999999999983,-0.866025403784449,0.));
#3890=DIRECTION('center_axis',(0.,0.,-1.));
#3891=DIRECTION('ref_axis',(-1.,0.,0.));
#3892=DIRECTION('',(-0.499999999999982,0.866025403784449,0.));
#3893=DIRECTION('center_axis',(-0.866025403784449,-0.499999999999982,0.));
#3894=DIRECTION('ref_axis',(0.499999999999982,-0.866025403784449,0.));
#3895=DIRECTION('center_axis',(-2.48999569998446E-17,4.31279906300131E-17,
1.));
#3896=DIRECTION('ref_axis',(0.,-1.,4.31279906300131E-17));
#3897=DIRECTION('',(0.499999999999982,-0.866025403784449,4.97999139996909E-17));
#3898=DIRECTION('center_axis',(-2.48999569230539E-17,4.31279904970078E-17,
-1.));
#3899=DIRECTION('ref_axis',(0.,1.,4.31279904970078E-17));
#3900=DIRECTION('',(-0.499999999999982,0.866025403784449,4.97999138461095E-17));
#3901=DIRECTION('center_axis',(0.866025403784449,0.499999999999982,0.));
#3902=DIRECTION('ref_axis',(-0.499999999999982,0.866025403784449,0.));
#3903=DIRECTION('center_axis',(1.82174242229785E-17,-3.15535043372362E-17,
1.));
#3904=DIRECTION('ref_axis',(0.,-1.,-3.15535043372362E-17));
#3905=DIRECTION('',(0.499999999999982,-0.866025403784449,-3.64348484459583E-17));
#3906=DIRECTION('center_axis',(1.8217424168173E-17,-3.15535042423103E-17,
-1.));
#3907=DIRECTION('ref_axis',(0.,1.,-3.15535042423103E-17));
#3908=DIRECTION('',(-0.499999999999983,0.866025403784449,-3.64348483363473E-17));
#3909=DIRECTION('center_axis',(-0.866025403784449,-0.499999999999982,0.));
#3910=DIRECTION('ref_axis',(0.499999999999982,-0.866025403784449,0.));
#3911=DIRECTION('center_axis',(0.,0.,-1.));
#3912=DIRECTION('ref_axis',(-1.,0.,0.));
#3913=DIRECTION('',(-0.499999999999983,-0.866025403784449,0.));
#3914=DIRECTION('center_axis',(0.,0.,1.));
#3915=DIRECTION('ref_axis',(1.,0.,0.));
#3916=DIRECTION('',(0.499999999999982,0.866025403784449,0.));
#3917=DIRECTION('center_axis',(0.866025403784449,-0.499999999999982,0.));
#3918=DIRECTION('ref_axis',(-0.499999999999982,-0.866025403784449,0.));
#3919=DIRECTION('center_axis',(-2.48999569230539E-17,-4.31279904970078E-17,
1.));
#3920=DIRECTION('ref_axis',(0.,-1.,-4.31279904970078E-17));
#3921=DIRECTION('',(0.499999999999982,0.866025403784449,4.97999138461095E-17));
#3922=DIRECTION('center_axis',(-2.48999569998446E-17,-4.31279906300131E-17,
-1.));
#3923=DIRECTION('ref_axis',(0.,1.,-4.31279906300131E-17));
#3924=DIRECTION('',(-0.499999999999982,-0.866025403784449,4.97999139996909E-17));
#3925=DIRECTION('center_axis',(-0.866025403784449,0.499999999999982,0.));
#3926=DIRECTION('ref_axis',(0.499999999999982,0.866025403784449,0.));
#3927=DIRECTION('center_axis',(1.8217424168173E-17,3.15535042423103E-17,
1.));
#3928=DIRECTION('ref_axis',(0.,-1.,3.15535042423103E-17));
#3929=DIRECTION('',(0.499999999999983,0.866025403784449,-3.64348483363473E-17));
#3930=DIRECTION('center_axis',(1.82174242229785E-17,3.15535043372362E-17,
-1.));
#3931=DIRECTION('ref_axis',(0.,1.,3.15535043372362E-17));
#3932=DIRECTION('',(-0.499999999999982,-0.866025403784449,-3.64348484459583E-17));
#3933=DIRECTION('center_axis',(0.866025403784449,-0.499999999999982,0.));
#3934=DIRECTION('ref_axis',(-0.499999999999982,-0.866025403784449,0.));
#3935=CARTESIAN_POINT('',(0.,0.,0.));
#3936=CARTESIAN_POINT('Origin',(-38.5383474723431,60.7499614376808,-10.));
#3937=CARTESIAN_POINT('',(-38.5383474723431,60.7499614376808,10.));
#3938=CARTESIAN_POINT('',(-38.5383474723431,60.7499614376808,-10.));
#3939=CARTESIAN_POINT('Origin',(-38.5383474723431,60.7499614376808,0.));
#3940=CARTESIAN_POINT('',(-30.5997908989492,46.9999781138021,10.));
#3941=CARTESIAN_POINT('',(-30.5997908989492,46.999978113802,10.));
#3942=CARTESIAN_POINT('',(-30.5997908989492,46.9999781138021,-10.));
#3943=CARTESIAN_POINT('',(-30.5997908989492,46.999978113802,-10.));
#3944=CARTESIAN_POINT('',(-38.5383474723431,60.7499614376808,-10.));
#3945=CARTESIAN_POINT('',(-35.4732884564114,55.4411234938897,-1.23072539287506E-8));
#3946=CARTESIAN_POINT('Origin',(-34.0982884564114,53.0595536334825,-1.23072535919728E-8));
#3947=CARTESIAN_POINT('Origin',(-19.1734307413058,71.9303013251794,0.));
#3948=CARTESIAN_POINT('',(-43.3018584151159,57.9997471125833,-10.));
#3949=CARTESIAN_POINT('',(-43.3018584151159,57.9997471125833,-10.));
#3950=CARTESIAN_POINT('',(-48.143087597875,66.3850020282076,-2.5));
#3951=CARTESIAN_POINT('Origin',(-43.3018584151159,57.9997471125833,0.));
#3952=CARTESIAN_POINT('',(-49.0091130016595,65.8850020282077,-2.5));
#3953=CARTESIAN_POINT('',(-49.0091130016595,65.8850020282077,-2.5));
#3954=CARTESIAN_POINT('',(-49.0091130016595,65.8850020282077,2.5));
#3955=CARTESIAN_POINT('Origin',(-44.1678838189007,57.4997471125838,0.));
#3956=CARTESIAN_POINT('',(-48.143087597875,66.3850020282076,2.5));
#3957=CARTESIAN_POINT('',(-49.0091130016595,65.8850020282077,2.5));
#3958=CARTESIAN_POINT('',(-43.3018584151159,57.9997471125833,10.));
#3959=CARTESIAN_POINT('Origin',(-43.3018584151159,57.9997471125833,0.));
#3960=CARTESIAN_POINT('',(-19.1734307413058,71.9303013251794,10.));
#3961=CARTESIAN_POINT('Origin',(-43.3018584151159,57.9997471125833,-10.));
#3962=CARTESIAN_POINT('',(-39.4346213476254,51.3014960267757,2.5));
#3963=CARTESIAN_POINT('',(-39.4346213476254,51.3014960267757,2.5));
#3964=CARTESIAN_POINT('',(-38.2889774507431,49.3171825899943,2.5));
#3965=CARTESIAN_POINT('Origin',(-38.8617993991842,50.309339308385,-1.23072535919728E-8));
#3966=CARTESIAN_POINT('',(-20.4346063419077,18.3925046923,2.5));
#3967=CARTESIAN_POINT('',(-20.4346063419077,18.3925046923,2.5));
#3968=CARTESIAN_POINT('',(-19.2889624450254,16.4081912555186,2.5));
#3969=CARTESIAN_POINT('Origin',(-19.8617843934665,17.4003479739093,-1.23072535919728E-8));
#3970=CARTESIAN_POINT('',(-15.1560159262078,9.24971789996136,2.5));
#3971=CARTESIAN_POINT('',(-15.1560159262078,9.24971789996136,2.5));
#3972=CARTESIAN_POINT('',(-15.1560159262079,9.24971789996137,10.));
#3973=CARTESIAN_POINT('',(-15.1560159262079,9.24971789996138,-10.));
#3974=CARTESIAN_POINT('',(-43.3018584151159,57.9997471125833,10.));
#3975=CARTESIAN_POINT('Origin',(19.1734307413063,71.9303013251792,0.));
#3976=CARTESIAN_POINT('',(48.143087597875,66.3850020282076,2.5));
#3977=CARTESIAN_POINT('',(43.3018584151166,57.9997471125829,10.));
#3978=CARTESIAN_POINT('Origin',(43.3018584151166,57.9997471125829,0.));
#3979=CARTESIAN_POINT('',(49.0091130016595,65.8850020282077,2.5));
#3980=CARTESIAN_POINT('',(49.0091130016595,65.8850020282077,2.5));
#3981=CARTESIAN_POINT('',(49.0091130016595,65.8850020282077,-2.5));
#3982=CARTESIAN_POINT('Origin',(44.1678838189007,57.4997471125838,0.));
#3983=CARTESIAN_POINT('',(48.143087597875,66.3850020282076,-2.5));
#3984=CARTESIAN_POINT('',(49.0091130016595,65.8850020282077,-2.5));
#3985=CARTESIAN_POINT('',(43.3018584151166,57.9997471125829,-10.));
#3986=CARTESIAN_POINT('Origin',(43.3018584151166,57.9997471125829,0.));
#3987=CARTESIAN_POINT('',(38.5383474723434,60.7499614376806,-10.));
#3988=CARTESIAN_POINT('',(43.3018584151166,57.9997471125829,-10.));
#3989=CARTESIAN_POINT('',(38.5383474723434,60.7499614376806,10.));
#3990=CARTESIAN_POINT('Origin',(38.5383474723434,60.7499614376806,0.));
#3991=CARTESIAN_POINT('',(19.1734307413063,71.9303013251792,10.));
#3992=CARTESIAN_POINT('Origin',(-25.4035824996142,50.0000104319234,10.));
#3993=CARTESIAN_POINT('',(-18.7067200817241,7.19971789996129,10.));
#3994=CARTESIAN_POINT('',(-15.1560159262079,9.24971789996137,10.));
#3995=CARTESIAN_POINT('',(-15.2426184665863,1.19971789996132,10.));
#3996=CARTESIAN_POINT('',(-18.7067200817241,7.19971789996123,10.));
#3997=CARTESIAN_POINT('',(-18.7067200817243,-4.80028210003867,10.));
#3998=CARTESIAN_POINT('',(-15.2426184665863,1.19971789996132,10.));
#3999=CARTESIAN_POINT('',(-25.6349233119998,-4.80028210003867,10.));
#4000=CARTESIAN_POINT('',(-25.4035824996142,-4.80028210003867,10.));
#4001=CARTESIAN_POINT('',(-29.0990249271375,1.19971789996161,10.));
#4002=CARTESIAN_POINT('',(-25.6349233119998,-4.80028210003867,10.));
#4003=CARTESIAN_POINT('',(-32.6497290826539,-0.850282100038386,10.));
#4004=CARTESIAN_POINT('',(-29.0990249271375,1.19971789996161,10.));
#4005=CARTESIAN_POINT('',(32.6497290826534,-0.850282100038844,10.));
#4006=CARTESIAN_POINT('Origin',(-9.71445146547012E-14,21.383034932552,10.));
#4007=CARTESIAN_POINT('',(29.0990249271374,1.19971789996097,10.));
#4008=CARTESIAN_POINT('',(32.6497290826534,-0.850282100038846,10.));
#4009=CARTESIAN_POINT('',(25.634923312,-4.80028210003867,10.));
#4010=CARTESIAN_POINT('',(29.0990249271374,1.19971789996097,10.));
#4011=CARTESIAN_POINT('',(18.7067200817245,-4.80028210003867,10.));
#4012=CARTESIAN_POINT('',(-25.4035824996142,-4.80028210003867,10.));
#4013=CARTESIAN_POINT('',(15.2426184665866,1.19971789996123,10.));
#4014=CARTESIAN_POINT('',(18.7067200817245,-4.80028210003867,10.));
#4015=CARTESIAN_POINT('',(18.706720081724,7.19971789996078,10.));
#4016=CARTESIAN_POINT('',(15.2426184665866,1.19971789996123,10.));
#4017=CARTESIAN_POINT('',(15.1560159262079,9.24971789996062,10.));
#4018=CARTESIAN_POINT('',(18.706720081724,7.19971789996077,10.));
#4019=CARTESIAN_POINT('',(15.1560159262079,9.24971789996062,10.));
#4020=CARTESIAN_POINT('',(30.5997908989493,46.999978113802,10.));
#4021=CARTESIAN_POINT('',(28.2181735607428,42.8748958798414,10.));
#4022=CARTESIAN_POINT('',(25.4035824996143,43.9999457956804,10.));
#4023=CARTESIAN_POINT('Origin',(25.4035824996143,50.0000104319234,10.));
#4024=CARTESIAN_POINT('',(-25.4035824996142,43.9999457956805,10.));
#4025=CARTESIAN_POINT('',(-25.4035824996142,43.9999457956804,10.));
#4026=CARTESIAN_POINT('Origin',(-25.4035824996142,50.0000104319234,10.));
#4027=CARTESIAN_POINT('',(1.82499999999989,4.25439789996133,10.));
#4028=CARTESIAN_POINT('',(-1.82500000000011,4.25439789996133,10.));
#4029=CARTESIAN_POINT('',(-25.4035824996142,4.25439789996133,10.));
#4030=CARTESIAN_POINT('',(-1.82500000000012,5.89041997332422,10.));
#4031=CARTESIAN_POINT('',(-1.82500000000012,7.00519789996133,10.));
#4032=CARTESIAN_POINT('',(-1.3512528506224,8.30104611893809,10.0000000000001));
#4033=CARTESIAN_POINT('Origin',(-1.29896093881143E-13,6.75067737609618,
10.0000000000001));
#4034=CARTESIAN_POINT('',(1.35125285062055,8.30104611893987,10.0000000000001));
#4035=CARTESIAN_POINT('Origin',(-1.14491749414469E-13,7.07252132194274,
10.));
#4036=CARTESIAN_POINT('',(1.82499999999989,5.89041997332368,10.));
#4037=CARTESIAN_POINT('Origin',(-6.77236045021345E-14,6.75067737609615,
10.0000000000001));
#4038=CARTESIAN_POINT('',(1.82499999999989,4.25439789996133,10.));
#4039=CARTESIAN_POINT('',(16.1665104729445,39.9999457956804,10.));
#4040=CARTESIAN_POINT('',(21.3626628956511,30.9999457956804,10.));
#4041=CARTESIAN_POINT('Origin',(16.1665104729445,33.9999457956804,10.));
#4042=CARTESIAN_POINT('',(12.1250585886171,14.9999457956804,10.));
#4043=CARTESIAN_POINT('',(21.3626628956511,30.9999457956804,10.));
#4044=CARTESIAN_POINT('',(9.5516655685568,12.6035457812428,10.0000000000002));
#4045=CARTESIAN_POINT('Origin',(6.92890616591047,17.9999457956804,10.));
#4046=CARTESIAN_POINT('',(-6.12323399573677E-16,16.3647205556987,10.));
#4047=CARTESIAN_POINT('Ctrl Pts',(0.,16.3647205556987,10.));
#4048=CARTESIAN_POINT('Ctrl Pts',(4.00846277467308,16.3647205556987,10.));
#4049=CARTESIAN_POINT('Ctrl Pts',(9.55166556855687,12.6035457812429,10.));
#4050=CARTESIAN_POINT('',(-9.55166556855771,12.6035457812424,10.));
#4051=CARTESIAN_POINT('Ctrl Pts',(-9.55166556822291,12.6035457814695,10.));
#4052=CARTESIAN_POINT('Ctrl Pts',(-4.00846277457173,16.3647205556987,10.));
#4053=CARTESIAN_POINT('Ctrl Pts',(0.,16.3647205556987,10.));
#4054=CARTESIAN_POINT('',(-12.1250585886174,14.9999457956804,10.));
#4055=CARTESIAN_POINT('Origin',(-6.92890616591067,17.9999457956804,10.));
#4056=CARTESIAN_POINT('',(-21.3626628956514,30.9999457956803,10.));
#4057=CARTESIAN_POINT('',(-12.1250585886174,14.9999457956804,10.));
#4058=CARTESIAN_POINT('',(-16.1665104729447,39.9999457956804,10.));
#4059=CARTESIAN_POINT('Origin',(-16.1665104729447,33.9999457956804,10.));
#4060=CARTESIAN_POINT('',(-25.4035824996142,39.9999457956804,10.));
#4061=CARTESIAN_POINT('',(-2.45,4.92268689664484,10.));
#4062=CARTESIAN_POINT('',(-2.45,6.12268689664484,10.));
#4063=CARTESIAN_POINT('',(-2.45,50.0000104319234,10.));
#4064=CARTESIAN_POINT('',(-1.45,3.92268689664483,10.));
#4065=CARTESIAN_POINT('Origin',(-1.45,4.92268689664483,10.));
#4066=CARTESIAN_POINT('',(1.45,3.92268689664483,10.));
#4067=CARTESIAN_POINT('',(-25.4035824996142,3.92268689664483,10.));
#4068=CARTESIAN_POINT('',(2.45,4.92268689664484,10.));
#4069=CARTESIAN_POINT('Origin',(1.45,4.92268689664484,10.));
#4070=CARTESIAN_POINT('',(2.45,6.12268689664486,10.));
#4071=CARTESIAN_POINT('',(2.45,7.12268689664486,10.));
#4072=CARTESIAN_POINT('',(3.45,7.12268689664486,10.));
#4073=CARTESIAN_POINT('Origin',(3.45,6.12268689664486,10.));
#4074=CARTESIAN_POINT('',(9.1999999999999,7.12268689664486,10.));
#4075=CARTESIAN_POINT('',(-25.4035824996142,7.12268689664486,10.));
#4076=CARTESIAN_POINT('',(10.1999999999999,6.12268689664486,10.));
#4077=CARTESIAN_POINT('Origin',(9.1999999999999,6.12268689664486,10.));
#4078=CARTESIAN_POINT('',(10.1999999999999,0.372686896644839,10.));
#4079=CARTESIAN_POINT('',(10.1999999999999,50.0000104319234,10.));
#4080=CARTESIAN_POINT('',(9.19999999999991,-0.627313103355165,10.));
#4081=CARTESIAN_POINT('Origin',(9.1999999999999,0.372686896644841,10.));
#4082=CARTESIAN_POINT('',(7.99999999999989,-0.627313103355165,10.));
#4083=CARTESIAN_POINT('',(-25.4035824996142,-0.627313103355169,10.));
#4084=CARTESIAN_POINT('',(6.99999999999989,-1.62731310335516,10.));
#4085=CARTESIAN_POINT('Origin',(7.99999999999989,-1.62731310335516,10.));
#4086=CARTESIAN_POINT('',(6.99999999999989,-4.52731310335516,10.));
#4087=CARTESIAN_POINT('',(6.99999999999989,50.0000104319234,10.));
#4088=CARTESIAN_POINT('',(7.99999999999989,-5.52731310335516,10.));
#4089=CARTESIAN_POINT('Origin',(7.99999999999989,-4.52731310335516,10.));
#4090=CARTESIAN_POINT('',(9.1999999999999,-5.52731310335516,10.));
#4091=CARTESIAN_POINT('',(10.1999999999999,-5.52731310335516,10.));
#4092=CARTESIAN_POINT('',(10.1999999999999,-6.52731310335517,10.));
#4093=CARTESIAN_POINT('Origin',(9.1999999999999,-6.52731310335516,10.));
#4094=CARTESIAN_POINT('',(10.1999999999999,-12.2773131033552,10.));
#4095=CARTESIAN_POINT('',(10.1999999999999,50.0000104319234,10.));
#4096=CARTESIAN_POINT('',(9.1999999999999,-13.2773131033552,10.));
#4097=CARTESIAN_POINT('Origin',(9.1999999999999,-12.2773131033552,10.));
#4098=CARTESIAN_POINT('',(3.45,-13.2773131033552,10.));
#4099=CARTESIAN_POINT('',(-25.4035824996142,-13.2773131033552,10.));
#4100=CARTESIAN_POINT('',(2.45,-12.2773131033552,10.));
#4101=CARTESIAN_POINT('Origin',(3.45,-12.2773131033552,10.));
#4102=CARTESIAN_POINT('',(-2.45,-12.2773131033552,10.));
#4103=CARTESIAN_POINT('',(-25.4035824996142,-12.2773131033552,10.));
#4104=CARTESIAN_POINT('',(-3.45,-13.2773131033552,10.));
#4105=CARTESIAN_POINT('Origin',(-3.45,-12.2773131033552,10.));
#4106=CARTESIAN_POINT('',(-9.2000000000001,-13.2773131033552,10.));
#4107=CARTESIAN_POINT('',(-25.4035824996142,-13.2773131033552,10.));
#4108=CARTESIAN_POINT('',(-10.2000000000001,-12.2773131033552,10.));
#4109=CARTESIAN_POINT('Origin',(-9.2000000000001,-12.2773131033552,10.));
#4110=CARTESIAN_POINT('',(-10.2000000000001,-6.52731310335517,10.));
#4111=CARTESIAN_POINT('',(-10.2000000000001,50.0000104319234,10.));
#4112=CARTESIAN_POINT('',(-9.2000000000001,-5.52731310335516,10.));
#4113=CARTESIAN_POINT('Origin',(-9.2000000000001,-6.52731310335516,10.));
#4114=CARTESIAN_POINT('',(-8.00000000000009,-5.52731310335516,10.));
#4115=CARTESIAN_POINT('',(-25.4035824996142,-5.52731310335516,10.));
#4116=CARTESIAN_POINT('',(-7.0000000000001,-4.52731310335516,10.));
#4117=CARTESIAN_POINT('Origin',(-8.0000000000001,-4.52731310335516,10.));
#4118=CARTESIAN_POINT('',(-7.0000000000001,-1.62731310335516,10.));
#4119=CARTESIAN_POINT('',(-7.0000000000001,50.0000104319234,10.));
#4120=CARTESIAN_POINT('',(-8.0000000000001,-0.627313103355161,10.));
#4121=CARTESIAN_POINT('Origin',(-8.0000000000001,-1.62731310335516,10.));
#4122=CARTESIAN_POINT('',(-9.20000000000011,-0.627313103355161,10.));
#4123=CARTESIAN_POINT('',(-10.2000000000001,-0.627313103355161,10.));
#4124=CARTESIAN_POINT('',(-10.2000000000001,0.372686896644839,10.));
#4125=CARTESIAN_POINT('Origin',(-9.20000000000011,0.372686896644839,10.));
#4126=CARTESIAN_POINT('',(-10.2000000000001,6.12268689664484,10.));
#4127=CARTESIAN_POINT('',(-10.2000000000001,50.0000104319234,10.));
#4128=CARTESIAN_POINT('',(-9.2000000000001,7.12268689664485,10.));
#4129=CARTESIAN_POINT('Origin',(-9.2000000000001,6.12268689664484,10.));
#4130=CARTESIAN_POINT('',(-3.45,7.12268689664485,10.));
#4131=CARTESIAN_POINT('',(-25.4035824996142,7.12268689664485,10.));
#4132=CARTESIAN_POINT('Origin',(-3.45,6.12268689664484,10.));
#4133=CARTESIAN_POINT('Origin',(38.5383474723434,60.7499614376806,-10.));
#4134=CARTESIAN_POINT('',(30.5997908989493,46.999978113802,-10.));
#4135=CARTESIAN_POINT('',(38.5383474723434,60.7499614376806,-10.));
#4136=CARTESIAN_POINT('',(30.5997908989493,46.999978113802,-10.));
#4137=CARTESIAN_POINT('',(32.7232884564116,50.6779837730752,-1.23072539287506E-8));
#4138=CARTESIAN_POINT('Origin',(34.0982884564116,53.0595536334824,-1.23072535919728E-8));
#4139=CARTESIAN_POINT('Origin',(43.3018584151166,57.9997471125829,-10.));
#4140=CARTESIAN_POINT('',(15.1560159262078,9.24971789996136,2.5));
#4141=CARTESIAN_POINT('',(15.1560159262079,9.24971789996062,-10.));
#4142=CARTESIAN_POINT('',(19.2889624450254,16.4081912555186,2.5));
#4143=CARTESIAN_POINT('',(15.1560159262078,9.24971789996136,2.5));
#4144=CARTESIAN_POINT('',(20.4346063419081,18.3925046922998,2.49999999999999));
#4145=CARTESIAN_POINT('Origin',(19.8617843934669,17.4003479739091,-1.23072535919728E-8));
#4146=CARTESIAN_POINT('',(38.2889774507431,49.3171825899943,2.5));
#4147=CARTESIAN_POINT('',(20.4346063419077,18.3925046923,2.5));
#4148=CARTESIAN_POINT('',(39.434621347626,51.3014960267753,2.50000000000001));
#4149=CARTESIAN_POINT('Origin',(38.8617993991848,50.3093393083846,-1.23072535919728E-8));
#4150=CARTESIAN_POINT('',(39.4346213476254,51.3014960267757,2.5));
#4151=CARTESIAN_POINT('Origin',(1.62896340960609E-13,30.5830952442187,-1.11749020422204E-16));
#4152=CARTESIAN_POINT('',(1.65000000000019,35.2500000000499,-3.13815742281518E-16));
#4153=CARTESIAN_POINT('Origin',(1.87753920033815E-13,35.2500000000499,-1.11749020422204E-16));
#4154=CARTESIAN_POINT('',(1.65000000000023,43.9999457956804,-3.13815742281518E-16));
#4155=CARTESIAN_POINT('',(1.65000000000016,30.5830952442187,-3.13815742281518E-16));
#4156=CARTESIAN_POINT('Origin',(2.34359214309296E-13,43.9999457956804,-1.11749020422204E-16));
#4157=CARTESIAN_POINT('Origin',(8.36217665803943,24.039649595533,-1.23072535919728E-8));
#4158=CARTESIAN_POINT('',(13.7236446726523,17.7687781135019,-1.23072539287506E-8));
#4159=CARTESIAN_POINT('Origin',(15.0986446726523,20.1503479739091,-1.23072535919728E-8));
#4160=CARTESIAN_POINT('',(19.352809797251,14.5187781135021,-1.23072539287506E-8));
#4161=CARTESIAN_POINT('',(6.98717665803946,21.6580797351258,-1.23072539287506E-8));
#4162=CARTESIAN_POINT('',(20.1549878219532,15.9081912090016,-2.5));
#4163=CARTESIAN_POINT('Origin',(20.727809797251,16.9003479739093,-1.23072535919728E-8));
#4164=CARTESIAN_POINT('',(19.2889624181691,16.4081912090013,-2.5));
#4165=CARTESIAN_POINT('',(20.1549878219532,15.9081912090016,-2.5));
#4166=CARTESIAN_POINT('',(20.4346063687643,18.3925047388171,-2.5));
#4167=CARTESIAN_POINT('Origin',(19.8617843934669,17.4003479739091,-1.23072535919728E-8));
#4168=CARTESIAN_POINT('',(21.3006317725488,17.8925047388171,-2.5));
#4169=CARTESIAN_POINT('',(21.3006317725488,17.8925047388171,-2.5));
#4170=CARTESIAN_POINT('',(21.3006317456921,17.8925046923,2.5));
#4171=CARTESIAN_POINT('Origin',(20.727809797251,16.9003479739093,-1.23072535919728E-8));
#4172=CARTESIAN_POINT('',(21.3006317456921,17.8925046923,2.5));
#4173=CARTESIAN_POINT('',(20.1549878488098,15.9081912555186,2.5));
#4174=CARTESIAN_POINT('',(20.1549878488098,15.9081912555186,2.5));
#4175=CARTESIAN_POINT('Origin',(20.727809797251,16.9003479739093,-1.23072535919728E-8));
#4176=CARTESIAN_POINT('Origin',(27.3621916637573,56.9486409300086,-1.23072535919728E-8));
#4177=CARTESIAN_POINT('',(38.3528248029687,47.4277694479777,-1.23072539287506E-8));
#4178=CARTESIAN_POINT('',(25.9871916637574,54.5670710696013,-1.23072539287506E-8));
#4179=CARTESIAN_POINT('',(39.1550028276709,48.8171825434773,-2.5));
#4180=CARTESIAN_POINT('Origin',(39.7278248029687,49.809339308385,-1.23072535919728E-8));
#4181=CARTESIAN_POINT('',(38.2889774238865,49.3171825434773,-2.5));
#4182=CARTESIAN_POINT('',(39.1550028276709,48.8171825434773,-2.5));
#4183=CARTESIAN_POINT('',(39.434621374482,51.3014960732927,-2.5));
#4184=CARTESIAN_POINT('Origin',(38.8617993991848,50.3093393083846,-1.23072535919728E-8));
#4185=CARTESIAN_POINT('',(40.3006467782664,50.8014960732927,-2.5));
#4186=CARTESIAN_POINT('',(40.3006467782664,50.8014960732927,-2.5));
#4187=CARTESIAN_POINT('',(40.3006467514098,50.8014960267757,2.5));
#4188=CARTESIAN_POINT('Origin',(39.7278248029687,49.809339308385,-1.23072535919728E-8));
#4189=CARTESIAN_POINT('',(40.3006467514098,50.8014960267757,2.5));
#4190=CARTESIAN_POINT('',(39.1550028545276,48.8171825899943,2.5));
#4191=CARTESIAN_POINT('',(39.1550028545276,48.8171825899943,2.5));
#4192=CARTESIAN_POINT('Origin',(39.7278248029687,49.809339308385,-1.23072535919728E-8));
#4193=CARTESIAN_POINT('Origin',(-8.36217665803989,24.0396495955327,-1.23072535919728E-8));
#4194=CARTESIAN_POINT('',(-16.4736446726524,22.5319178343162,-1.23072539287506E-8));
#4195=CARTESIAN_POINT('Origin',(-15.0986446726525,20.150347973909,-1.23072535919728E-8));
#4196=CARTESIAN_POINT('',(-22.1028097972509,19.2819178343166,-1.23072539287506E-8));
#4197=CARTESIAN_POINT('',(-9.73717665803985,26.4212194559399,-1.23072539287506E-8));
#4198=CARTESIAN_POINT('',(-21.3006317725488,17.8925047388171,-2.5));
#4199=CARTESIAN_POINT('Origin',(-20.727809797251,16.9003479739093,-1.23072535919728E-8));
#4200=CARTESIAN_POINT('',(-20.4346063687643,18.3925047388171,-2.5));
#4201=CARTESIAN_POINT('',(-21.3006317725488,17.8925047388171,-2.5));
#4202=CARTESIAN_POINT('',(-19.2889624181688,16.4081912090016,-2.5));
#4203=CARTESIAN_POINT('Origin',(-19.8617843934665,17.4003479739093,-1.23072535919728E-8));
#4204=CARTESIAN_POINT('',(-20.1549878219532,15.9081912090016,-2.5));
#4205=CARTESIAN_POINT('',(-20.1549878219532,15.9081912090016,-2.5));
#4206=CARTESIAN_POINT('',(-20.1549878488098,15.9081912555186,2.5));
#4207=CARTESIAN_POINT('Origin',(-20.727809797251,16.9003479739093,-1.23072535919728E-8));
#4208=CARTESIAN_POINT('',(-20.1549878488098,15.9081912555186,2.5));
#4209=CARTESIAN_POINT('',(-21.3006317456921,17.8925046923,2.5));
#4210=CARTESIAN_POINT('',(-21.3006317456921,17.8925046923,2.5));
#4211=CARTESIAN_POINT('Origin',(-20.727809797251,16.9003479739093,-1.23072535919728E-8));
#4212=CARTESIAN_POINT('Origin',(-27.3621916637576,56.9486409300083,-1.23072535919728E-8));
#4213=CARTESIAN_POINT('',(-41.1028248029686,52.1909091687922,-1.23072539287506E-8));
#4214=CARTESIAN_POINT('',(-28.7371916637575,59.3302107904156,-1.23072539287506E-8));
#4215=CARTESIAN_POINT('',(-40.3006467782664,50.8014960732927,-2.5));
#4216=CARTESIAN_POINT('Origin',(-39.7278248029687,49.809339308385,-1.23072535919728E-8));
#4217=CARTESIAN_POINT('',(-39.434621374482,51.3014960732927,-2.5));
#4218=CARTESIAN_POINT('',(-40.3006467782664,50.8014960732927,-2.5));
#4219=CARTESIAN_POINT('',(-38.2889774238865,49.3171825434773,-2.5));
#4220=CARTESIAN_POINT('Origin',(-38.8617993991842,50.309339308385,-1.23072535919728E-8));
#4221=CARTESIAN_POINT('',(-39.1550028276709,48.8171825434773,-2.5));
#4222=CARTESIAN_POINT('',(-39.1550028276709,48.8171825434773,-2.5));
#4223=CARTESIAN_POINT('',(-39.1550028545276,48.8171825899943,2.5));
#4224=CARTESIAN_POINT('Origin',(-39.7278248029687,49.809339308385,-1.23072535919728E-8));
#4225=CARTESIAN_POINT('',(-39.1550028545276,48.8171825899943,2.5));
#4226=CARTESIAN_POINT('',(-40.3006467514098,50.8014960267757,2.5));
#4227=CARTESIAN_POINT('',(-40.3006467514098,50.8014960267757,2.5));
#4228=CARTESIAN_POINT('Origin',(-39.7278248029687,49.809339308385,-1.23072535919728E-8));
#4229=CARTESIAN_POINT('Origin',(-16.1665104729447,33.9999457956804,10.));
#4230=CARTESIAN_POINT('',(-21.3626628956514,30.9999457956803,-10.));
#4231=CARTESIAN_POINT('',(-21.3626628956513,30.9999457956803,10.));
#4232=CARTESIAN_POINT('',(-16.1665104729447,39.9999457956804,-10.));
#4233=CARTESIAN_POINT('Origin',(-16.1665104729447,33.9999457956804,-10.));
#4234=CARTESIAN_POINT('',(-16.1665104729447,39.9999457956804,10.));
#4235=CARTESIAN_POINT('Origin',(0.,12.5426670559295,0.));
#4236=CARTESIAN_POINT('',(1.7347234759768E-15,18.1981561264194,-8.13362417204349));
#4237=CARTESIAN_POINT('',(-4.66155222117548,15.8831775409786,-9.39755893269618));
#4238=CARTESIAN_POINT('Origin',(-36.8586007572788,-28.5276798411126,32.0900920654399));
#4239=CARTESIAN_POINT('',(-4.73191696398216,15.3204343106591,-9.99999999999409));
#4240=CARTESIAN_POINT('Ctrl Pts',(-4.66155222217345,15.8831775432016,-9.39755893211096));
#4241=CARTESIAN_POINT('Ctrl Pts',(-4.69586300908484,15.610046594177,-9.69090453480181));
#4242=CARTESIAN_POINT('Ctrl Pts',(-4.73191696398376,15.3204343106555,-9.99999999999729));
#4243=CARTESIAN_POINT('',(-9.55166556295075,12.6035457815255,-10.000000001596));
#4244=CARTESIAN_POINT('Ctrl Pts',(-4.73191696395636,15.3204343106647,-10.));
#4245=CARTESIAN_POINT('Ctrl Pts',(-6.87403268541605,14.4203736379041,-10.));
#4246=CARTESIAN_POINT('Ctrl Pts',(-9.55166556080813,12.6035457865006,-10.));
#4247=CARTESIAN_POINT('Ctrl Pts',(-9.55166556649695,12.6035457802408,-10.0000000033783));
#4248=CARTESIAN_POINT('Ctrl Pts',(-9.73451167993581,12.6924126843825,-9.70025176961017));
#4249=CARTESIAN_POINT('Ctrl Pts',(-9.9030522384335,12.7857434782382,-9.39066833180457));
#4250=CARTESIAN_POINT('Ctrl Pts',(-10.4996296482603,13.1505554295867,-8.17474931801379));
#4251=CARTESIAN_POINT('Ctrl Pts',(-10.8410926847054,13.436047677027,-7.21058452524222));
#4252=CARTESIAN_POINT('Ctrl Pts',(-11.3675489727535,13.9462079522134,-5.20454622963963));
#4253=CARTESIAN_POINT('Ctrl Pts',(-11.5512836001877,14.1696709590186,-4.16350929707647));
#4254=CARTESIAN_POINT('Ctrl Pts',(-11.7882812779429,14.4751972706826,-2.07120367962033));
#4255=CARTESIAN_POINT('Ctrl Pts',(-11.8417255653156,14.5555001873378,-1.01969884602346));
#4256=CARTESIAN_POINT('Ctrl Pts',(-11.8417255653156,14.5555001873378,1.01969884602346));
#4257=CARTESIAN_POINT('Ctrl Pts',(-11.7882812779429,14.4751972706826,2.07120367962033));
#4258=CARTESIAN_POINT('Ctrl Pts',(-11.5512836001877,14.1696709590186,4.16350929707647));
#4259=CARTESIAN_POINT('Ctrl Pts',(-11.3675489727535,13.9462079522134,5.20454622963963));
#4260=CARTESIAN_POINT('Ctrl Pts',(-10.8410926847054,13.436047677027,7.21058452524222));
#4261=CARTESIAN_POINT('Ctrl Pts',(-10.4996296482603,13.1505554295867,8.17474931801379));
#4262=CARTESIAN_POINT('Ctrl Pts',(-9.90305223901976,12.7857434785967,9.39066833060966));
#4263=CARTESIAN_POINT('Ctrl Pts',(-9.73451168120163,12.692412685084,9.70025176728382));
#4264=CARTESIAN_POINT('Ctrl Pts',(-9.55166556855771,12.6035457812424,10.));
#4265=CARTESIAN_POINT('',(-4.28626379701573E-16,22.7500000000499,3.5));
#4266=CARTESIAN_POINT('',(-1.70112283383711E-15,12.5426670559295,13.8907220842899));
#4267=CARTESIAN_POINT('Origin',(0.,22.7500000000499,0.));
#4268=CARTESIAN_POINT('',(9.55166557020858,12.6035457810856,-9.99999999957957));
#4269=CARTESIAN_POINT('Ctrl Pts',(9.55166556855733,12.6035457812423,10.0000000000004));
#4270=CARTESIAN_POINT('Ctrl Pts',(9.74521556330302,12.6976149879808,9.68270438989234));
#4271=CARTESIAN_POINT('Ctrl Pts',(9.91864182343151,12.7947440956915,9.36075138124227));
#4272=CARTESIAN_POINT('Ctrl Pts',(10.7065276680764,13.2793936425449,7.74497415094259));
#4273=CARTESIAN_POINT('Ctrl Pts',(11.158163665139,13.7223441523633,6.2399117607064));
#4274=CARTESIAN_POINT('Ctrl Pts',(11.7243649909195,14.3684074562281,3.11790074239822));
#4275=CARTESIAN_POINT('Ctrl Pts',(11.8417255653155,14.5555001873379,1.49816568982767));
#4276=CARTESIAN_POINT('Ctrl Pts',(11.8417255653155,14.5555001873379,-1.49816568982767));
#4277=CARTESIAN_POINT('Ctrl Pts',(11.7243649909195,14.3684074562281,-3.11790074239822));
#4278=CARTESIAN_POINT('Ctrl Pts',(11.158163665139,13.7223441523633,-6.2399117607064));
#4279=CARTESIAN_POINT('Ctrl Pts',(10.7065276680764,13.2793936425449,-7.74497415094259));
#4280=CARTESIAN_POINT('Ctrl Pts',(9.9186418235845,12.7947440957856,-9.36075138092853));
#4281=CARTESIAN_POINT('Ctrl Pts',(9.745215563648,12.697614988174,-9.68270438925232));
#4282=CARTESIAN_POINT('Ctrl Pts',(9.5516655691346,12.6035457815229,-9.99999999905409));
#4283=CARTESIAN_POINT('',(4.73191696446254,15.3204343092081,-10.0000000007322));
#4284=CARTESIAN_POINT('Ctrl Pts',(9.55166557102878,12.6035457795657,-10.));
#4285=CARTESIAN_POINT('Ctrl Pts',(6.87403269013417,14.4203736357194,-10.));
#4286=CARTESIAN_POINT('Ctrl Pts',(4.73191696525817,15.3204343101177,-10.));
#4287=CARTESIAN_POINT('',(4.6615522225689,15.8831775400536,-9.39755893549188));
#4288=CARTESIAN_POINT('Ctrl Pts',(4.73191696424028,15.320434308595,-10.0000000021964));
#4289=CARTESIAN_POINT('Ctrl Pts',(4.69586300941667,15.6100465915203,-9.69090453764381));
#4290=CARTESIAN_POINT('Ctrl Pts',(4.6615522225732,15.8831775400193,-9.39755893552872));
#4291=CARTESIAN_POINT('Origin',(36.8586058762568,-28.5276858591013,32.0900968189173));
#4292=CARTESIAN_POINT('Origin',(0.,10.8497761010143,-2.61572866293656));
#4293=CARTESIAN_POINT('Ctrl Pts',(-1.35125285062286,8.30104611893757,10.0000000000003));
#4294=CARTESIAN_POINT('Ctrl Pts',(-1.32553857117412,8.32932922196636,9.98921188917192));
#4295=CARTESIAN_POINT('Ctrl Pts',(-1.2986000423012,8.35716612791841,9.97940062501618));
#4296=CARTESIAN_POINT('Ctrl Pts',(-1.16224973951564,8.48924240351227,9.93590634923731));
#4297=CARTESIAN_POINT('Ctrl Pts',(-1.03737327587687,8.58230760964479,9.91456289533727));
#4298=CARTESIAN_POINT('Ctrl Pts',(-0.750197078721208,8.7482196242074,9.88113679454209));
#4299=CARTESIAN_POINT('Ctrl Pts',(-0.537411717691129,8.82816579212087,9.87017762691059));
#4300=CARTESIAN_POINT('Ctrl Pts',(-0.242816357010259,8.88592555247558,9.86254421193406));
#4301=CARTESIAN_POINT('Ctrl Pts',(-0.110657830369174,8.89876266501525,9.86100922484505));
#4302=CARTESIAN_POINT('Ctrl Pts',(0.110657830368948,8.89876266501525,9.86100922484509));
#4303=CARTESIAN_POINT('Ctrl Pts',(0.242816357010036,8.88592555247558,9.86254421193414));
#4304=CARTESIAN_POINT('Ctrl Pts',(0.537411717690909,8.82816579212087,9.87017762691078));
#4305=CARTESIAN_POINT('Ctrl Pts',(0.750197078720984,8.74821962420739,9.88113679454239));
#4306=CARTESIAN_POINT('Ctrl Pts',(1.03737327587664,8.58230760964479,9.91456289533771));
#4307=CARTESIAN_POINT('Ctrl Pts',(1.1622497395154,8.48924240351228,9.93590634923783));
#4308=CARTESIAN_POINT('Ctrl Pts',(1.29860004230037,8.35716612791899,9.97940062501662));
#4309=CARTESIAN_POINT('Ctrl Pts',(1.32553857117275,8.32932922196754,9.98921188917216));
#4310=CARTESIAN_POINT('Ctrl Pts',(1.35125285062101,8.30104611893935,10.0000000000003));
#4311=CARTESIAN_POINT('',(-1.82500000000012,7.00519789996133,6.5690663275826));
#4312=CARTESIAN_POINT('',(-1.82500000000012,10.0716659704386,-2.86855197019896));
#4313=CARTESIAN_POINT('',(-1.2751824894367,8.37983423849394,0.));
#4314=CARTESIAN_POINT('Ctrl Pts',(-1.27518248943671,8.37983423849393,-3.30227702227775E-16));
#4315=CARTESIAN_POINT('Ctrl Pts',(-1.38681480588623,8.27094556051222,0.634108805679185));
#4316=CARTESIAN_POINT('Ctrl Pts',(-1.47334511839108,8.15869931027777,1.27674370715343));
#4317=CARTESIAN_POINT('Ctrl Pts',(-1.62120963282257,7.92672903584381,2.56812184486331));
#4318=CARTESIAN_POINT('Ctrl Pts',(-1.69064155325602,7.78297260568624,3.34929100941048));
#4319=CARTESIAN_POINT('Ctrl Pts',(-1.79139867006268,7.46480557198843,4.90523878829076));
#4320=CARTESIAN_POINT('Ctrl Pts',(-1.82624134307263,7.29664623440604,5.68105946955342));
#4321=CARTESIAN_POINT('Ctrl Pts',(-1.82624134307263,7.05141600153357,6.43580052008267));
#4322=CARTESIAN_POINT('Ctrl Pts',(-1.82587840567991,7.02900967777125,6.50212196490278));
#4323=CARTESIAN_POINT('Ctrl Pts',(-1.82500000000012,7.00519789996133,6.5690663275826));
#4324=CARTESIAN_POINT('',(-2.44929359829925E-16,7.89694988994873,0.));
#4325=CARTESIAN_POINT('Origin',(-1.32359048705891E-12,9.99987433842138,
0.));
#4326=CARTESIAN_POINT('',(-2.44929359829471E-16,8.94766306842402,-3.23376265168646));
#4327=CARTESIAN_POINT('',(-2.44929359829471E-16,8.94766306842402,-3.23376265168646));
#4328=CARTESIAN_POINT('Origin',(0.,10.8497761010143,-2.61572866293656));
#4329=CARTESIAN_POINT('',(1.27518248943658,8.37983423849383,9.89805562627557E-17));
#4330=CARTESIAN_POINT('Origin',(-1.32359048705891E-12,9.99987433842138,
0.));
#4331=CARTESIAN_POINT('',(1.8250000000001,7.00519789996174,6.56906632758108));
#4332=CARTESIAN_POINT('Ctrl Pts',(1.2751824894365,8.37983423849391,-4.81753010458032E-13));
#4333=CARTESIAN_POINT('Ctrl Pts',(1.38681480588598,8.27094556051224,0.634108805678399));
#4334=CARTESIAN_POINT('Ctrl Pts',(1.47334511839081,8.15869931027783,1.27674370715232));
#4335=CARTESIAN_POINT('Ctrl Pts',(1.62120963282231,7.92672903584388,2.56812184486188));
#4336=CARTESIAN_POINT('Ctrl Pts',(1.69064155325577,7.78297260568631,3.349291009409));
#4337=CARTESIAN_POINT('Ctrl Pts',(1.79139867006245,7.46480557198845,4.90523878828919));
#4338=CARTESIAN_POINT('Ctrl Pts',(1.8262413430724,7.29664623440603,5.6810594695518));
#4339=CARTESIAN_POINT('Ctrl Pts',(1.8262413430724,7.07252132194274,6.37084502291089));
#4340=CARTESIAN_POINT('Ctrl Pts',(1.8262413430724,7.05141600153357,6.43580052008101));
#4341=CARTESIAN_POINT('Ctrl Pts',(1.82587840567968,7.02900967777125,6.50212196490112));
#4342=CARTESIAN_POINT('Ctrl Pts',(1.82499999999989,7.00519789996134,6.56906632758094));
#4343=CARTESIAN_POINT('',(1.82499999999989,10.0716659704382,-2.86855197019911));
#4344=CARTESIAN_POINT('',(-1.05877130469991,11.9999457956804,-0.664747878469997));
#4345=CARTESIAN_POINT('',(1.05861033193704,11.9999457956804,-0.664422862093492));
#4346=CARTESIAN_POINT('Origin',(-3.33066907387547E-15,11.9999457956804,
-6.15558699716854));
#4347=CARTESIAN_POINT('',(-0.00018249970071096,12.5089483984379,-1.25));
#4348=CARTESIAN_POINT('Ctrl Pts',(1.05861033193622,11.9999457956814,-0.664422862094793));
#4349=CARTESIAN_POINT('Ctrl Pts',(1.01052307194149,12.0563879860655,-0.741052444067573));
#4350=CARTESIAN_POINT('Ctrl Pts',(0.954835759045686,12.1125734001564,-0.811115486217826));
#4351=CARTESIAN_POINT('Ctrl Pts',(0.790983892007558,12.2532840830384,-0.979039841631181));
#4352=CARTESIAN_POINT('Ctrl Pts',(0.656756212150409,12.3431140269848,-1.0767477607332));
#4353=CARTESIAN_POINT('Ctrl Pts',(0.425073703645927,12.4393703777092,-1.17846122566442));
#4354=CARTESIAN_POINT('Ctrl Pts',(0.342807643470393,12.4652031873565,-1.20514242149961));
#4355=CARTESIAN_POINT('Ctrl Pts',(0.173381803984751,12.4999974474686,-1.24090981241254));
#4356=CARTESIAN_POINT('Ctrl Pts',(0.0862224138455817,12.508956688624,-1.25));
#4357=CARTESIAN_POINT('Ctrl Pts',(-0.000182499700710961,12.5089483984379,
-1.25));
#4358=CARTESIAN_POINT('Ctrl Pts',(-0.000182499700710961,12.5089483984379,
-1.25));
#4359=CARTESIAN_POINT('Ctrl Pts',(-0.0850685101925061,12.5089402539842,
-1.25));
#4360=CARTESIAN_POINT('Ctrl Pts',(-0.170821403810128,12.500274290373,-1.24122291130649));
#4361=CARTESIAN_POINT('Ctrl Pts',(-0.337742072488862,12.466530502489,-1.20657902799207));
#4362=CARTESIAN_POINT('Ctrl Pts',(-0.418909661666496,12.4414550198273,-1.18070905708985));
#4363=CARTESIAN_POINT('Ctrl Pts',(-0.647836509340381,12.3478570063077,-1.08197457872651));
#4364=CARTESIAN_POINT('Ctrl Pts',(-0.780951437192827,12.2603190497523,-0.98699801547425));
#4365=CARTESIAN_POINT('Ctrl Pts',(-0.948661670805605,12.1189274352147,-0.819287781861471));
#4366=CARTESIAN_POINT('Ctrl Pts',(-1.00799007300107,12.0595391399033,-0.745615294706236));
#4367=CARTESIAN_POINT('Ctrl Pts',(-1.0587713046995,11.9999457956809,-0.66474787847065));
#4368=CARTESIAN_POINT('Origin',(0.,39.9999457955005,0.));
#4369=CARTESIAN_POINT('',(-9.30725837615362E-16,39.999945795671,-7.59995321314986));
#4370=CARTESIAN_POINT('Origin',(0.,39.999945795671,0.));
#4371=CARTESIAN_POINT('',(-4.28626379702503E-16,35.2500000000191,-3.50000000000759));
#4372=CARTESIAN_POINT('',(-9.30725837597336E-16,39.9999457955005,-7.59995321300266));
#4373=CARTESIAN_POINT('Origin',(0.,35.2500000000191,0.));
#4374=CARTESIAN_POINT('Origin',(-8.98483846052895E-14,-18.1179168970225,
5.00000000119282E-6));
#4375=CARTESIAN_POINT('',(-8.92360612057158E-14,-18.1179168970225,-4.999995));
#4376=CARTESIAN_POINT('Ctrl Pts',(-5.00000000000009,-17.8001910122622,5.00000000056011E-6));
#4377=CARTESIAN_POINT('Ctrl Pts',(-5.00000000000009,-17.8001910122622,0.628543332294447));
#4378=CARTESIAN_POINT('Ctrl Pts',(-4.87424825433753,-17.8168751361917,1.2985110381551));
#4379=CARTESIAN_POINT('Ctrl Pts',(-4.36377148547145,-17.8769796294121,2.53020517764457));
#4380=CARTESIAN_POINT('Ctrl Pts',(-3.97908301638549,-17.9195148373148,3.09198979548008));
#4381=CARTESIAN_POINT('Ctrl Pts',(-3.09198869322312,-17.999234205977,3.97908411864245));
#4382=CARTESIAN_POINT('Ctrl Pts',(-2.5302023817001,-18.0416202390095,4.36377564181692));
#4383=CARTESIAN_POINT('Ctrl Pts',(-1.29850250395709,-18.1013828892248,4.87425464927068));
#4384=CARTESIAN_POINT('Ctrl Pts',(-0.628532808935801,-18.1179168970225,
5.000005));
#4385=CARTESIAN_POINT('Ctrl Pts',(0.628532808935621,-18.1179168970225,5.000005));
#4386=CARTESIAN_POINT('Ctrl Pts',(1.29850250395691,-18.1013828892248,4.87425464927068));
#4387=CARTESIAN_POINT('Ctrl Pts',(2.53020238169992,-18.0416202390095,4.36377564181692));
#4388=CARTESIAN_POINT('Ctrl Pts',(3.09198869322294,-17.999234205977,3.97908411864245));
#4389=CARTESIAN_POINT('Ctrl Pts',(3.97908301638531,-17.9195148373148,3.09198979548008));
#4390=CARTESIAN_POINT('Ctrl Pts',(4.36377148547127,-17.8769796294121,2.53020517764457));
#4391=CARTESIAN_POINT('Ctrl Pts',(4.87424825433735,-17.8168751361917,1.2985110381551));
#4392=CARTESIAN_POINT('Ctrl Pts',(4.99999999999991,-17.8001910122622,0.628543332294447));
#4393=CARTESIAN_POINT('Ctrl Pts',(4.99999999999991,-17.8001910122622,-0.628533332294445));
#4394=CARTESIAN_POINT('Ctrl Pts',(4.87424825433735,-17.8168751361917,-1.2985010381551));
#4395=CARTESIAN_POINT('Ctrl Pts',(4.36377148547127,-17.8769796294121,-2.53019517764457));
#4396=CARTESIAN_POINT('Ctrl Pts',(3.97908301638531,-17.9195148373148,-3.09197979548008));
#4397=CARTESIAN_POINT('Ctrl Pts',(3.09198869322294,-17.999234205977,-3.97907411864244));
#4398=CARTESIAN_POINT('Ctrl Pts',(2.53020238169992,-18.0416202390095,-4.36376564181691));
#4399=CARTESIAN_POINT('Ctrl Pts',(1.29850250395691,-18.1013828892248,-4.87424464927068));
#4400=CARTESIAN_POINT('Ctrl Pts',(0.628532808935622,-18.1179168970225,-4.999995));
#4401=CARTESIAN_POINT('Ctrl Pts',(-0.628532808935801,-18.1179168970225,
-4.999995));
#4402=CARTESIAN_POINT('Ctrl Pts',(-1.29850250395709,-18.1013828892248,-4.87424464927068));
#4403=CARTESIAN_POINT('Ctrl Pts',(-2.5302023817001,-18.0416202390095,-4.36376564181692));
#4404=CARTESIAN_POINT('Ctrl Pts',(-3.09198869322312,-17.999234205977,-3.97907411864244));
#4405=CARTESIAN_POINT('Ctrl Pts',(-3.97908301638548,-17.9195148373148,-3.09197979548008));
#4406=CARTESIAN_POINT('Ctrl Pts',(-4.36377148547145,-17.8769796294121,-2.53019517764457));
#4407=CARTESIAN_POINT('Ctrl Pts',(-4.87424825433753,-17.8168751361917,-1.2985010381551));
#4408=CARTESIAN_POINT('Ctrl Pts',(-5.00000000000009,-17.8001910122622,-0.628533332294445));
#4409=CARTESIAN_POINT('Ctrl Pts',(-5.00000000000009,-17.8001910122622,5.00000000083767E-6));
#4410=CARTESIAN_POINT('',(-9.04607080048631E-14,-17.0773131033551,-4.999995));
#4411=CARTESIAN_POINT('',(-9.04607080048631E-14,-18.1179168970225,-4.999995));
#4412=CARTESIAN_POINT('Origin',(-8.98483846052895E-14,-17.0773131033551,
5.00000000119282E-6));
#4413=CARTESIAN_POINT('Origin',(-1.14491749414469E-13,7.07252132194274,
0.));
#4414=CARTESIAN_POINT('',(1.82499999999989,7.00519789996134,0.));
#4415=CARTESIAN_POINT('Origin',(-1.14491749414469E-13,7.07252132194274,
0.));
#4416=CARTESIAN_POINT('',(1.82499999999989,7.00519789996133,0.));
#4417=CARTESIAN_POINT('Origin',(-0.000182499700710806,6.06024883371341,
3.11106394927026E-15));
#4418=CARTESIAN_POINT('Origin',(-0.000182499700710806,11.9999457956804,
3.11106394927026E-15));
#4419=CARTESIAN_POINT('',(-0.00018249970071096,22.7500000000499,-1.25));
#4420=CARTESIAN_POINT('',(-0.00018249970071096,6.06024883371341,-1.25));
#4421=CARTESIAN_POINT('Origin',(-0.000182499700710806,22.7500000000499,
3.11106394927026E-15));
#4422=CARTESIAN_POINT('Origin',(-8.98483846052895E-14,-18.1179168970225,
5.00000000119282E-6));
#4423=CARTESIAN_POINT('',(-9.01545463050763E-14,-17.0773131033551,-2.499995));
#4424=CARTESIAN_POINT('Origin',(-8.98483846052895E-14,-17.0773131033551,
5.00000000119282E-6));
#4425=CARTESIAN_POINT('',(-9.01545463050763E-14,-12.2773131033552,-2.499995));
#4426=CARTESIAN_POINT('',(-9.01545463050763E-14,-18.1179168970225,-2.499995));
#4427=CARTESIAN_POINT('',(-2.45,-12.2773131033552,-0.49748871855376));
#4428=CARTESIAN_POINT('Origin',(-8.98483846052895E-14,-12.2773131033552,
5.00000000119282E-6));
#4429=CARTESIAN_POINT('',(-2.45,-12.2773131033552,0.497498718553762));
#4430=CARTESIAN_POINT('Ctrl Pts',(-2.45,-12.2773131033552,-0.497488718553762));
#4431=CARTESIAN_POINT('Ctrl Pts',(-2.45,-12.3131058666213,-0.497488718553762));
#4432=CARTESIAN_POINT('Ctrl Pts',(-2.45208949463471,-12.3498298944963,-0.487435087722408));
#4433=CARTESIAN_POINT('Ctrl Pts',(-2.45902058100602,-12.4153120332118,-0.451169756054484));
#4434=CARTESIAN_POINT('Ctrl Pts',(-2.46374556169695,-12.4441651955823,-0.425107707604544));
#4435=CARTESIAN_POINT('Ctrl Pts',(-2.47354279387369,-12.4948971332117,-0.364327434298144));
#4436=CARTESIAN_POINT('Ctrl Pts',(-2.47992757675276,-12.5207509976179,-0.318760699625614));
#4437=CARTESIAN_POINT('Ctrl Pts',(-2.49369470160256,-12.5718316346622,-0.195888717075526));
#4438=CARTESIAN_POINT('Ctrl Pts',(-2.50000000000009,-12.5895630032754,-0.0897903642039685));
#4439=CARTESIAN_POINT('Ctrl Pts',(-2.50000000000009,-12.5895630032754,0.0898003642039699));
#4440=CARTESIAN_POINT('Ctrl Pts',(-2.49369470160256,-12.5718316346622,0.195898717075527));
#4441=CARTESIAN_POINT('Ctrl Pts',(-2.47992757675276,-12.5207509976179,0.318770699625616));
#4442=CARTESIAN_POINT('Ctrl Pts',(-2.47354279387369,-12.4948971332117,0.364337434298146));
#4443=CARTESIAN_POINT('Ctrl Pts',(-2.46374556169695,-12.4441651955823,0.425117707604547));
#4444=CARTESIAN_POINT('Ctrl Pts',(-2.45902058100602,-12.4153120332118,0.451179756054487));
#4445=CARTESIAN_POINT('Ctrl Pts',(-2.45208949463471,-12.3498298944963,0.487445087722411));
#4446=CARTESIAN_POINT('Ctrl Pts',(-2.45,-12.3131058666213,0.497498718553764));
#4447=CARTESIAN_POINT('Ctrl Pts',(-2.45,-12.2773131033552,0.497498718553764));
#4448=CARTESIAN_POINT('',(2.45,-12.2773131033552,0.497498718552872));
#4449=CARTESIAN_POINT('Origin',(-8.98483846052895E-14,-12.2773131033552,
5.00000000119282E-6));
#4450=CARTESIAN_POINT('',(2.45,-12.2773131033552,-0.497488718552869));
#4451=CARTESIAN_POINT('Ctrl Pts',(2.45,-12.2773131033552,0.497498718552873));
#4452=CARTESIAN_POINT('Ctrl Pts',(2.45,-12.3131058666212,0.497498718552873));
#4453=CARTESIAN_POINT('Ctrl Pts',(2.4520894946347,-12.3498298944962,0.487445087721536));
#4454=CARTESIAN_POINT('Ctrl Pts',(2.45902058100599,-12.4153120332116,0.451179756053678));
#4455=CARTESIAN_POINT('Ctrl Pts',(2.4637455616969,-12.444165195582,0.425117707603782));
#4456=CARTESIAN_POINT('Ctrl Pts',(2.4735427938736,-12.4948971332113,0.364337434297489));
#4457=CARTESIAN_POINT('Ctrl Pts',(2.47992757675265,-12.5207509976174,0.31877069962504));
#4458=CARTESIAN_POINT('Ctrl Pts',(2.4936947016024,-12.5718316346617,0.195898717075172));
#4459=CARTESIAN_POINT('Ctrl Pts',(2.49999999999991,-12.5895630032748,0.0898003642038068));
#4460=CARTESIAN_POINT('Ctrl Pts',(2.49999999999991,-12.5895630032748,-0.0897903642038056));
#4461=CARTESIAN_POINT('Ctrl Pts',(2.4936947016024,-12.5718316346617,-0.19588871707517));
#4462=CARTESIAN_POINT('Ctrl Pts',(2.47992757675265,-12.5207509976174,-0.318760699625038));
#4463=CARTESIAN_POINT('Ctrl Pts',(2.4735427938736,-12.4948971332113,-0.364327434297487));
#4464=CARTESIAN_POINT('Ctrl Pts',(2.4637455616969,-12.444165195582,-0.42510770760378));
#4465=CARTESIAN_POINT('Ctrl Pts',(2.45902058100599,-12.4153120332116,-0.451169756053675));
#4466=CARTESIAN_POINT('Ctrl Pts',(2.4520894946347,-12.3498298944962,-0.487435087721534));
#4467=CARTESIAN_POINT('Ctrl Pts',(2.45,-12.3131058666212,-0.497488718552871));
#4468=CARTESIAN_POINT('Ctrl Pts',(2.45,-12.2773131033552,-0.497488718552871));
#4469=CARTESIAN_POINT('Origin',(-8.98483846052895E-14,-12.2773131033552,
5.00000000119282E-6));
#4470=CARTESIAN_POINT('Origin',(-43.3018584151159,57.9997471125833,-10.));
#4471=CARTESIAN_POINT('',(-20.4346063687643,18.3925047388171,-2.5));
#4472=CARTESIAN_POINT('',(-39.434621374482,51.3014960732927,-2.5));
#4473=CARTESIAN_POINT('',(-15.1560159262079,9.24971789996137,-10.));
#4474=CARTESIAN_POINT('',(-43.3018584151159,57.9997471125833,-10.));
#4475=CARTESIAN_POINT('',(-15.1560159262078,9.24971789996136,-2.5));
#4476=CARTESIAN_POINT('',(-15.1560159262079,9.24971789996138,-10.));
#4477=CARTESIAN_POINT('',(-15.1560159262078,9.24971789996136,-2.5));
#4478=CARTESIAN_POINT('Origin',(-15.1560159262079,9.24971789996138,-10.));
#4479=CARTESIAN_POINT('',(-16.0220413299923,8.74971789996138,-2.5));
#4480=CARTESIAN_POINT('',(-16.0220413299923,8.74971789996138,2.5));
#4481=CARTESIAN_POINT('',(-16.0220413299923,8.74971789996138,-2.5));
#4482=CARTESIAN_POINT('',(-16.0220413299923,8.74971789996138,-2.5));
#4483=CARTESIAN_POINT('',(-18.7067200817241,7.19971789996134,-10.));
#4484=CARTESIAN_POINT('',(-15.1560159262079,9.24971789996138,-10.));
#4485=CARTESIAN_POINT('',(-18.7067200817241,7.19971789996127,-6.50000000000949));
#4486=CARTESIAN_POINT('',(-18.7067200817242,7.19971789996141,-10.));
#4487=CARTESIAN_POINT('',(-20.8717835911849,5.9497178999634,-4.));
#4488=CARTESIAN_POINT('',(-18.7067200817242,7.19971789996141,-6.5000000000095));
#4489=CARTESIAN_POINT('',(-26.9339614176243,2.44971790003344,-3.99999999999767));
#4490=CARTESIAN_POINT('',(-15.1560159262079,9.24971789996138,-4.));
#4491=CARTESIAN_POINT('',(-29.099024927125,1.19971789996882,-6.50000000006447));
#4492=CARTESIAN_POINT('',(-26.9339614176334,2.44971789998642,-4.));
#4493=CARTESIAN_POINT('',(-29.0990249271375,1.19971789996161,-10.));
#4494=CARTESIAN_POINT('',(-29.0990249271375,1.19971789996161,-10.));
#4495=CARTESIAN_POINT('',(-32.6497290826539,-0.850282100038386,-10.));
#4496=CARTESIAN_POINT('',(-15.1560159262079,9.24971789996138,-10.));
#4497=CARTESIAN_POINT('',(-32.6497290826539,-0.850282100038385,-10.));
#4498=CARTESIAN_POINT('',(-29.0990249271375,1.19971789996161,6.50000000004382));
#4499=CARTESIAN_POINT('',(-29.0990249271375,1.19971789996161,-10.));
#4500=CARTESIAN_POINT('',(-26.9339614176443,2.44971789998011,4.));
#4501=CARTESIAN_POINT('',(-29.0990249271375,1.19971789996161,6.50000000004382));
#4502=CARTESIAN_POINT('',(-20.8717835912124,5.94971789994581,4.00000000000637));
#4503=CARTESIAN_POINT('',(-15.1560159262079,9.24971789996138,4.));
#4504=CARTESIAN_POINT('',(-18.7067200817242,7.19971789996141,6.50000000006991));
#4505=CARTESIAN_POINT('',(-20.8717835912233,5.94971789993952,4.));
#4506=CARTESIAN_POINT('',(-18.7067200817242,7.19971789996141,-10.));
#4507=CARTESIAN_POINT('',(-16.0220413299923,8.74971789996138,2.5));
#4508=CARTESIAN_POINT('Origin',(-2.90000000000009,-12.2773131033552,-10.));
#4509=CARTESIAN_POINT('',(-2.45,-12.2773131033552,-10.));
#4510=CARTESIAN_POINT('',(2.45,-12.2773131033552,-10.));
#4511=CARTESIAN_POINT('',(-2.90000000000009,-12.2773131033552,-10.));
#4512=CARTESIAN_POINT('',(-2.45,-12.2773131033552,-10.));
#4513=CARTESIAN_POINT('',(2.45,-12.2773131033552,-10.));
#4514=CARTESIAN_POINT('Origin',(12.1250585886171,14.9999457956804,10.));
#4515=CARTESIAN_POINT('',(12.1250585886171,14.9999457956804,-10.));
#4516=CARTESIAN_POINT('',(12.1250585886171,14.9999457956804,10.));
#4517=CARTESIAN_POINT('',(21.3626628956511,30.9999457956804,-10.));
#4518=CARTESIAN_POINT('',(21.3626628956511,30.9999457956804,10.));
#4519=CARTESIAN_POINT('',(12.1250585886171,14.9999457956804,-10.));
#4520=CARTESIAN_POINT('Origin',(16.1665104729445,33.9999457956804,10.));
#4521=CARTESIAN_POINT('',(16.1665104729445,39.9999457956804,-10.));
#4522=CARTESIAN_POINT('',(16.1665104729445,39.9999457956804,10.));
#4523=CARTESIAN_POINT('Origin',(16.1665104729445,33.9999457956804,-10.));
#4524=CARTESIAN_POINT('Origin',(16.1665104729445,39.9999457956804,10.));
#4525=CARTESIAN_POINT('',(16.1665104729445,39.9999457956804,-10.));
#4526=CARTESIAN_POINT('Origin',(-21.3626628956514,30.9999457956803,10.));
#4527=CARTESIAN_POINT('',(-12.1250585886174,14.9999457956804,-10.));
#4528=CARTESIAN_POINT('',(-12.1250585886174,14.9999457956804,10.));
#4529=CARTESIAN_POINT('',(-21.3626628956514,30.9999457956803,-10.));
#4530=CARTESIAN_POINT('Origin',(-6.92890616591067,17.9999457956804,10.));
#4531=CARTESIAN_POINT('Origin',(-6.92890616591067,17.9999457956804,-10.));
#4532=CARTESIAN_POINT('Origin',(6.92890616591047,17.9999457956804,10.));
#4533=CARTESIAN_POINT('Origin',(6.92890616591047,17.9999457956804,-10.));
#4534=CARTESIAN_POINT('Origin',(43.3018584151166,57.9997471125829,-10.));
#4535=CARTESIAN_POINT('',(20.4346063687643,18.3925047388171,-2.5));
#4536=CARTESIAN_POINT('',(15.1560159262078,9.24971789996136,-2.5));
#4537=CARTESIAN_POINT('',(15.1560159262078,9.24971789996136,-2.5));
#4538=CARTESIAN_POINT('',(15.1560159262079,9.24971789996062,-10.));
#4539=CARTESIAN_POINT('',(15.1560159262079,9.24971789996062,-10.));
#4540=CARTESIAN_POINT('',(43.3018584151166,57.9997471125829,-10.));
#4541=CARTESIAN_POINT('',(39.434621374482,51.3014960732927,-2.5));
#4542=CARTESIAN_POINT('Origin',(15.1560159262079,9.24971789996062,-10.));
#4543=CARTESIAN_POINT('',(16.0220413299923,8.74971789996138,-2.5));
#4544=CARTESIAN_POINT('',(16.0220413299923,8.74971789996138,-2.5));
#4545=CARTESIAN_POINT('',(16.0220413299923,8.74971789996138,2.5));
#4546=CARTESIAN_POINT('',(16.0220413299923,8.74971789996138,-2.5));
#4547=CARTESIAN_POINT('',(16.0220413299923,8.74971789996138,2.5));
#4548=CARTESIAN_POINT('',(18.706720081724,7.19971789996077,6.50000000000969));
#4549=CARTESIAN_POINT('',(18.706720081724,7.19971789996078,-10.));
#4550=CARTESIAN_POINT('',(20.8717835911535,5.94971789997903,4.));
#4551=CARTESIAN_POINT('',(18.706720081724,7.19971789996077,6.50000000000968));
#4552=CARTESIAN_POINT('',(26.9339614176574,2.44971789997182,3.99999999999689));
#4553=CARTESIAN_POINT('',(15.1560159262079,9.24971789996062,4.));
#4554=CARTESIAN_POINT('',(29.0990249271374,1.19971789996097,6.50000000001088));
#4555=CARTESIAN_POINT('',(26.9339614176678,2.44971789996578,4.));
#4556=CARTESIAN_POINT('',(29.0990249271374,1.19971789996097,-10.));
#4557=CARTESIAN_POINT('',(32.6497290826534,-0.850282100038843,-10.));
#4558=CARTESIAN_POINT('',(32.6497290826534,-0.850282100038843,-10.));
#4559=CARTESIAN_POINT('',(29.0990249271374,1.19971789996097,-10.));
#4560=CARTESIAN_POINT('',(15.1560159262079,9.24971789996062,-10.));
#4561=CARTESIAN_POINT('',(29.0990249271374,1.19971789996097,-6.49999999999417));
#4562=CARTESIAN_POINT('',(29.0990249271374,1.19971789996097,-10.));
#4563=CARTESIAN_POINT('',(26.9339614176467,2.44971789997866,-4.));
#4564=CARTESIAN_POINT('',(29.0990249271374,1.19971789996097,-6.49999999999417));
#4565=CARTESIAN_POINT('',(20.8717835912581,5.94971789994143,-4.00000000000477));
#4566=CARTESIAN_POINT('',(15.1560159262079,9.24971789996062,-4.));
#4567=CARTESIAN_POINT('',(18.7067200817287,7.19971789995805,-6.50000000007312));
#4568=CARTESIAN_POINT('',(20.8717835912497,5.94971789992354,-4.));
#4569=CARTESIAN_POINT('',(18.706720081724,7.19971789996077,-10.));
#4570=CARTESIAN_POINT('',(18.706720081724,7.19971789996077,-10.));
#4571=CARTESIAN_POINT('',(15.1560159262079,9.24971789996062,-10.));
#4572=CARTESIAN_POINT('Origin',(18.706720081724,7.19971789996077,-10.));
#4573=CARTESIAN_POINT('',(15.2426184665866,1.19971789996123,6.50000000000968));
#4574=CARTESIAN_POINT('',(18.706720081724,7.19971789996077,6.50000000000968));
#4575=CARTESIAN_POINT('',(15.2426184665866,1.19971789996123,-10.));
#4576=CARTESIAN_POINT('Origin',(15.2426184665866,1.19971789996123,-10.));
#4577=CARTESIAN_POINT('',(18.7067200817245,-4.80028210003867,6.50000000000968));
#4578=CARTESIAN_POINT('',(15.2426184665866,1.19971789996123,6.50000000000968));
#4579=CARTESIAN_POINT('',(18.7067200817245,-4.80028210003867,-10.));
#4580=CARTESIAN_POINT('Origin',(18.7067200817245,-4.80028210003867,-10.));
#4581=CARTESIAN_POINT('',(25.6349233120172,-4.80028210000229,6.49999999999726));
#4582=CARTESIAN_POINT('',(18.7067200817245,-4.80028210003867,6.50000000000968));
#4583=CARTESIAN_POINT('',(25.634923312,-4.80028210003867,-10.));
#4584=CARTESIAN_POINT('Origin',(25.634923312,-4.80028210003867,-10.));
#4585=CARTESIAN_POINT('',(25.634923312,-4.80028210003867,6.50000000000968));
#4586=CARTESIAN_POINT('Origin',(-9.71445146547012E-14,21.383034932552,-10.));
#4587=CARTESIAN_POINT('Origin',(-9.71445146547012E-14,21.383034932552,-10.));
#4588=CARTESIAN_POINT('Origin',(-29.0990249271375,1.1997178999616,-10.));
#4589=CARTESIAN_POINT('',(-25.6349233119998,-4.80028210003867,6.50000000004382));
#4590=CARTESIAN_POINT('',(-29.0990249271375,1.1997178999616,6.50000000004382));
#4591=CARTESIAN_POINT('',(-25.6349233119998,-4.80028210003867,-10.));
#4592=CARTESIAN_POINT('Origin',(-25.6349233119998,-4.80028210003867,-10.));
#4593=CARTESIAN_POINT('',(-18.7067200817354,-4.80028210003164,6.50000000003679));
#4594=CARTESIAN_POINT('',(-25.6349233119998,-4.80028210003867,6.50000000004382));
#4595=CARTESIAN_POINT('',(-18.7067200817243,-4.80028210003867,-10.));
#4596=CARTESIAN_POINT('Origin',(-18.7067200817243,-4.80028210003867,-10.));
#4597=CARTESIAN_POINT('',(-15.2426184666256,1.19971789999065,6.50000000002997));
#4598=CARTESIAN_POINT('',(-18.7067200817243,-4.80028210003867,6.50000000004383));
#4599=CARTESIAN_POINT('',(-15.2426184665863,1.19971789996131,-10.));
#4600=CARTESIAN_POINT('Origin',(-15.2426184665863,1.19971789996131,-10.));
#4601=CARTESIAN_POINT('',(-15.2426184665863,1.19971789996131,6.50000000004383));
#4602=CARTESIAN_POINT('Origin',(-25.4035824996142,50.0000104319234,-10.));
#4603=CARTESIAN_POINT('',(-25.4035824996143,43.9999457956806,-10.));
#4604=CARTESIAN_POINT('',(-25.4035824996142,43.9999457956806,-10.));
#4605=CARTESIAN_POINT('Origin',(-25.4035824996142,50.0000104319234,-10.));
#4606=CARTESIAN_POINT('Origin',(-25.4035824996142,43.9999457956806,-10.));
#4607=CARTESIAN_POINT('',(25.4035824996143,43.9999457956803,-10.));
#4608=CARTESIAN_POINT('',(25.4035824996142,43.9999457956803,-10.));
#4609=CARTESIAN_POINT('',(-25.4035824996142,43.9999457956806,-10.));
#4610=CARTESIAN_POINT('Origin',(25.4035824996143,50.0000104319234,-10.));
#4611=CARTESIAN_POINT('Origin',(25.4035824996143,50.0000104319234,-10.));
#4612=CARTESIAN_POINT('Origin',(-1.82500000000011,4.25439789996133,0.));
#4613=CARTESIAN_POINT('',(1.82499999999989,4.25439789996133,0.));
#4614=CARTESIAN_POINT('',(1.82499999999989,4.25439789996133,0.));
#4615=CARTESIAN_POINT('',(-1.82500000000011,4.25439789996133,0.));
#4616=CARTESIAN_POINT('',(-1.82500000000011,4.25439789996133,0.));
#4617=CARTESIAN_POINT('',(-1.82500000000011,4.25439789996133,0.));
#4618=CARTESIAN_POINT('Origin',(-1.14491749414469E-13,7.07252132194274,
0.));
#4619=CARTESIAN_POINT('Origin',(-2.90000000000009,7.12268689664485,10.));
#4620=CARTESIAN_POINT('',(-3.45,7.12268689664485,-10.));
#4621=CARTESIAN_POINT('',(-9.2000000000001,7.12268689664485,-10.));
#4622=CARTESIAN_POINT('',(-2.90000000000009,7.12268689664485,-10.));
#4623=CARTESIAN_POINT('',(-3.45,7.12268689664485,10.));
#4624=CARTESIAN_POINT('',(-9.2000000000001,7.12268689664485,-10.));
#4625=CARTESIAN_POINT('Origin',(-10.2000000000001,7.12268689664485,10.));
#4626=CARTESIAN_POINT('',(-10.2000000000001,0.372686896644841,-10.));
#4627=CARTESIAN_POINT('',(-10.2000000000001,0.372686896644841,-10.));
#4628=CARTESIAN_POINT('',(-10.2000000000001,6.12268689664485,-10.));
#4629=CARTESIAN_POINT('',(-10.2000000000001,7.12268689664485,-10.));
#4630=CARTESIAN_POINT('',(-10.2000000000001,6.12268689664485,10.));
#4631=CARTESIAN_POINT('Origin',(-7.0000000000001,-0.17731310335516,10.));
#4632=CARTESIAN_POINT('',(-7.0000000000001,-1.62731310335516,-10.));
#4633=CARTESIAN_POINT('',(-7.0000000000001,-4.52731310335516,-10.));
#4634=CARTESIAN_POINT('',(-7.0000000000001,-0.17731310335516,-10.));
#4635=CARTESIAN_POINT('',(-7.0000000000001,-1.62731310335516,10.));
#4636=CARTESIAN_POINT('',(-7.0000000000001,-4.52731310335516,10.));
#4637=CARTESIAN_POINT('Origin',(-10.2000000000001,-5.97731310335516,10.));
#4638=CARTESIAN_POINT('',(-10.2000000000001,-6.52731310335516,-10.));
#4639=CARTESIAN_POINT('',(-10.2000000000001,-12.2773131033552,-10.));
#4640=CARTESIAN_POINT('',(-10.2000000000001,-5.97731310335516,-10.));
#4641=CARTESIAN_POINT('',(-10.2000000000001,-6.52731310335516,10.));
#4642=CARTESIAN_POINT('',(-10.2000000000001,-12.2773131033552,-10.));
#4643=CARTESIAN_POINT('Origin',(-10.2000000000001,-13.2773131033552,10.));
#4644=CARTESIAN_POINT('',(-3.45,-13.2773131033552,-10.));
#4645=CARTESIAN_POINT('',(-3.45,-13.2773131033552,0.497498718553762));
#4646=CARTESIAN_POINT('',(-9.2000000000001,-13.2773131033552,-10.));
#4647=CARTESIAN_POINT('',(-10.2000000000001,-13.2773131033552,-10.));
#4648=CARTESIAN_POINT('',(-9.2000000000001,-13.2773131033552,10.));
#4649=CARTESIAN_POINT('Origin',(-2.90000000000009,-12.2773131033552,-10.));
#4650=CARTESIAN_POINT('',(-2.45,-12.2773131033552,-10.));
#4651=CARTESIAN_POINT('',(2.45,-12.2773131033552,-10.));
#4652=CARTESIAN_POINT('Origin',(2.8999999999999,-13.2773131033552,10.));
#4653=CARTESIAN_POINT('',(3.45,-13.2773131033552,-10.));
#4654=CARTESIAN_POINT('',(9.1999999999999,-13.2773131033552,-10.));
#4655=CARTESIAN_POINT('',(2.8999999999999,-13.2773131033552,-10.));
#4656=CARTESIAN_POINT('',(3.45,-13.2773131033552,10.));
#4657=CARTESIAN_POINT('',(9.1999999999999,-13.2773131033552,-10.));
#4658=CARTESIAN_POINT('Origin',(10.1999999999999,-13.2773131033552,10.));
#4659=CARTESIAN_POINT('',(10.1999999999999,-6.52731310335516,-10.));
#4660=CARTESIAN_POINT('',(10.1999999999999,-6.52731310335516,-10.));
#4661=CARTESIAN_POINT('',(10.1999999999999,-12.2773131033552,-10.));
#4662=CARTESIAN_POINT('',(10.1999999999999,-13.2773131033552,-10.));
#4663=CARTESIAN_POINT('',(10.1999999999999,-12.2773131033552,10.));
#4664=CARTESIAN_POINT('Origin',(6.99999999999989,-5.97731310335515,10.));
#4665=CARTESIAN_POINT('',(6.99999999999989,-4.52731310335516,-10.));
#4666=CARTESIAN_POINT('',(6.99999999999989,-1.62731310335516,-10.));
#4667=CARTESIAN_POINT('',(6.99999999999989,-5.97731310335515,-10.));
#4668=CARTESIAN_POINT('',(6.99999999999989,-4.52731310335516,10.));
#4669=CARTESIAN_POINT('',(6.99999999999989,-1.62731310335516,10.));
#4670=CARTESIAN_POINT('Origin',(10.1999999999999,-0.17731310335516,10.));
#4671=CARTESIAN_POINT('',(10.1999999999999,0.372686896644841,-10.));
#4672=CARTESIAN_POINT('',(10.1999999999999,6.12268689664486,-10.));
#4673=CARTESIAN_POINT('',(10.1999999999999,-0.17731310335516,-10.));
#4674=CARTESIAN_POINT('',(10.1999999999999,0.372686896644841,10.));
#4675=CARTESIAN_POINT('',(10.1999999999999,6.12268689664486,-10.));
#4676=CARTESIAN_POINT('Origin',(10.1999999999999,7.12268689664486,10.));
#4677=CARTESIAN_POINT('',(3.45,7.12268689664486,-10.));
#4678=CARTESIAN_POINT('',(3.45,7.12268689664486,-10.));
#4679=CARTESIAN_POINT('',(9.1999999999999,7.12268689664486,-10.));
#4680=CARTESIAN_POINT('',(10.1999999999999,7.12268689664486,-10.));
#4681=CARTESIAN_POINT('',(9.1999999999999,7.12268689664486,10.));
#4682=CARTESIAN_POINT('Origin',(2.8999999999999,3.92268689664484,10.));
#4683=CARTESIAN_POINT('',(-1.45,3.92268689664483,-10.));
#4684=CARTESIAN_POINT('',(-1.45,3.92268689664483,10.));
#4685=CARTESIAN_POINT('',(1.45,3.92268689664484,-10.));
#4686=CARTESIAN_POINT('',(2.8999999999999,3.92268689664484,-10.));
#4687=CARTESIAN_POINT('',(1.45,3.92268689664484,10.));
#4688=CARTESIAN_POINT('Origin',(-25.4035824996142,50.0000104319234,-10.));
#4689=CARTESIAN_POINT('',(15.2426184665866,1.19971789996123,-10.));
#4690=CARTESIAN_POINT('',(15.2426184665866,1.19971789996123,-10.));
#4691=CARTESIAN_POINT('',(18.7067200817245,-4.80028210003867,-10.));
#4692=CARTESIAN_POINT('',(18.7067200817245,-4.80028210003867,-10.));
#4693=CARTESIAN_POINT('',(25.634923312,-4.80028210003867,-10.));
#4694=CARTESIAN_POINT('',(-25.4035824996142,-4.80028210003867,-10.));
#4695=CARTESIAN_POINT('',(29.0990249271374,1.19971789996097,-10.));
#4696=CARTESIAN_POINT('',(-25.6349233119998,-4.80028210003867,-10.));
#4697=CARTESIAN_POINT('',(-25.6349233119998,-4.80028210003867,-10.));
#4698=CARTESIAN_POINT('',(-18.7067200817243,-4.80028210003867,-10.));
#4699=CARTESIAN_POINT('',(-25.4035824996142,-4.80028210003867,-10.));
#4700=CARTESIAN_POINT('',(-15.2426184665863,1.19971789996132,-10.));
#4701=CARTESIAN_POINT('',(-15.2426184665863,1.19971789996132,-10.));
#4702=CARTESIAN_POINT('',(-18.7067200817241,7.19971789996123,-10.));
#4703=CARTESIAN_POINT('',(4.47115725052524,10.5348016459542,-10.));
#4704=CARTESIAN_POINT('',(4.73191696398408,15.320434310653,-10.));
#4705=CARTESIAN_POINT('',(-4.47115725052524,10.5348016459542,-10.));
#4706=CARTESIAN_POINT('',(-4.47115725052524,10.5348016459542,-10.));
#4707=CARTESIAN_POINT('',(2.52351331622624E-15,7.98895317973662,-10.));
#4708=CARTESIAN_POINT('',(3.46944695195361E-15,7.98895317973662,-10.));
#4709=CARTESIAN_POINT('',(4.47115725052525,10.5348016459542,-10.));
#4710=CARTESIAN_POINT('',(-2.45,4.92268689664484,-10.));
#4711=CARTESIAN_POINT('Origin',(-1.45,4.92268689664483,-10.));
#4712=CARTESIAN_POINT('',(-2.45,6.12268689664484,-10.));
#4713=CARTESIAN_POINT('',(-2.45,50.0000104319234,-10.));
#4714=CARTESIAN_POINT('Origin',(-3.45,6.12268689664484,-10.));
#4715=CARTESIAN_POINT('Origin',(-9.2000000000001,6.12268689664484,-10.));
#4716=CARTESIAN_POINT('',(-9.20000000000011,-0.627313103355162,-10.));
#4717=CARTESIAN_POINT('Origin',(-9.20000000000011,0.372686896644839,-10.));
#4718=CARTESIAN_POINT('',(-8.00000000000009,-0.627313103355162,-10.));
#4719=CARTESIAN_POINT('',(-25.4035824996142,-0.627313103355162,-10.));
#4720=CARTESIAN_POINT('Origin',(-8.0000000000001,-1.62731310335516,-10.));
#4721=CARTESIAN_POINT('',(-8.00000000000009,-5.52731310335516,-10.));
#4722=CARTESIAN_POINT('Origin',(-8.0000000000001,-4.52731310335516,-10.));
#4723=CARTESIAN_POINT('',(-9.2000000000001,-5.52731310335516,-10.));
#4724=CARTESIAN_POINT('',(-25.4035824996142,-5.52731310335516,-10.));
#4725=CARTESIAN_POINT('Origin',(-9.2000000000001,-6.52731310335516,-10.));
#4726=CARTESIAN_POINT('Origin',(-9.2000000000001,-12.2773131033552,-10.));
#4727=CARTESIAN_POINT('Origin',(-3.45,-12.2773131033552,-10.));
#4728=CARTESIAN_POINT('Origin',(3.45,-12.2773131033552,-10.));
#4729=CARTESIAN_POINT('Origin',(9.1999999999999,-12.2773131033552,-10.));
#4730=CARTESIAN_POINT('',(9.19999999999991,-5.52731310335517,-10.));
#4731=CARTESIAN_POINT('Origin',(9.1999999999999,-6.52731310335516,-10.));
#4732=CARTESIAN_POINT('',(7.99999999999989,-5.52731310335517,-10.));
#4733=CARTESIAN_POINT('',(-25.4035824996142,-5.52731310335517,-10.));
#4734=CARTESIAN_POINT('Origin',(7.99999999999989,-4.52731310335516,-10.));
#4735=CARTESIAN_POINT('',(7.99999999999989,-0.627313103355165,-10.));
#4736=CARTESIAN_POINT('Origin',(7.99999999999989,-1.62731310335516,-10.));
#4737=CARTESIAN_POINT('',(9.19999999999991,-0.627313103355165,-10.));
#4738=CARTESIAN_POINT('',(-25.4035824996142,-0.627313103355169,-10.));
#4739=CARTESIAN_POINT('Origin',(9.1999999999999,0.372686896644841,-10.));
#4740=CARTESIAN_POINT('Origin',(9.1999999999999,6.12268689664486,-10.));
#4741=CARTESIAN_POINT('',(2.45,6.12268689664486,-10.));
#4742=CARTESIAN_POINT('Origin',(3.45,6.12268689664486,-10.));
#4743=CARTESIAN_POINT('',(2.45,4.92268689664484,-10.));
#4744=CARTESIAN_POINT('',(2.45,50.0000104319234,-10.));
#4745=CARTESIAN_POINT('Origin',(1.45,4.92268689664484,-10.));
#4746=CARTESIAN_POINT('Origin',(4.34145574716867E-16,14.4188788830484,-1.45605687117401));
#4747=CARTESIAN_POINT('',(2.60877736148393E-16,14.4188788830484,-1.45605687117401));
#4748=CARTESIAN_POINT('',(4.34145574716867E-16,14.4188788830484,-1.45605687117401));
#4749=CARTESIAN_POINT('',(-3.25,12.6343274920314,-2.03589276705528));
#4750=CARTESIAN_POINT('',(-3.25,12.6343274920314,-2.03589276705528));
#4751=CARTESIAN_POINT('',(-4.6615522225689,15.8831775400536,-9.39755893549188));
#4752=CARTESIAN_POINT('Origin',(1.9,22.7500000000499,0.));
#4753=CARTESIAN_POINT('Origin',(3.25,12.6343274920314,-2.03589276705528));
#4754=CARTESIAN_POINT('',(3.25,12.6343274920314,-2.03589276705528));
#4755=CARTESIAN_POINT('',(3.25,12.6343274920314,-2.03589276705528));
#4756=CARTESIAN_POINT('',(1.0842021724855E-16,14.4188788830484,-1.45605687117401));
#4757=CARTESIAN_POINT('Origin',(-288654.955468665,-499995.250000006,-4.));
#4758=CARTESIAN_POINT('',(18.1293698126637,1.19971790006304,-3.99999999998431));
#4759=CARTESIAN_POINT('',(20.8717835912893,5.94971790002319,-4.0000000000191));
#4760=CARTESIAN_POINT('',(15.2426184666268,1.19971790002149,-6.50000000003392));
#4761=CARTESIAN_POINT('',(18.1293698126637,1.19971790006304,-3.99999999998431));
#4762=CARTESIAN_POINT('',(15.2426184666723,1.19971790007867,-6.50000000007367));
#4763=CARTESIAN_POINT('Origin',(-288646.728227339,-500000.,-4.));
#4764=CARTESIAN_POINT('',(24.1915476389631,-2.30028210006952,-3.99999999999668));
#4765=CARTESIAN_POINT('',(24.1915476389636,-2.30028210006594,-4.));
#4766=CARTESIAN_POINT('',(20.1500957548402,-2.30028210005894,-3.9999999999943));
#4767=CARTESIAN_POINT('',(20.1500957548402,-2.30028210005894,-3.9999999999943));
#4768=CARTESIAN_POINT('',(18.129369812641,1.19971789996498,-4.));
#4769=CARTESIAN_POINT('Origin',(25.634923312,-4.80028210003867,-6.49999999999417));
#4770=CARTESIAN_POINT('',(25.634923312,-4.80028210003867,-6.49999999999417));
#4771=CARTESIAN_POINT('',(25.634923312,-4.80028210003867,-6.49999999999417));
#4772=CARTESIAN_POINT('',(29.0990249271374,1.19971789996097,-6.49999999999417));
#4773=CARTESIAN_POINT('Origin',(25.634923312,-4.80028210003867,-10.));
#4774=CARTESIAN_POINT('',(25.634923312,-4.80028210003867,-10.));
#4775=CARTESIAN_POINT('Origin',(-288648.893290838,-499998.750000006,4.));
#4776=CARTESIAN_POINT('',(24.1915476390678,-2.30028209985752,3.99999999997484));
#4777=CARTESIAN_POINT('',(24.1915476390915,-2.30028209978173,3.99999999996226));
#4778=CARTESIAN_POINT('',(26.9339614177397,2.4497179001628,3.99999999999068));
#4779=CARTESIAN_POINT('Origin',(-288646.728227339,-500000.,4.));
#4780=CARTESIAN_POINT('',(18.1293698125608,1.19971790003097,4.));
#4781=CARTESIAN_POINT('',(18.1293698125842,1.19971790007867,4.));
#4782=CARTESIAN_POINT('',(20.1500957547928,-2.300282100016,4.));
#4783=CARTESIAN_POINT('',(20.1500957547864,-2.3002821000091,4.));
#4784=CARTESIAN_POINT('',(24.1915476390678,-2.30028209985752,3.99999999997484));
#4785=CARTESIAN_POINT('Origin',(18.706720081724,7.19971789996077,6.50000000000968));
#4786=CARTESIAN_POINT('',(17.2221051037806,1.19971789996123,4.78571428572021));
#4787=CARTESIAN_POINT('Origin',(18.706720081724,7.19971789996077,-10.));
#4788=CARTESIAN_POINT('',(15.2426184665866,1.19971789996123,-10.));
#4789=CARTESIAN_POINT('Origin',(15.2426184665866,1.19971789996123,6.50000000000968));
#4790=CARTESIAN_POINT('',(18.7067200817245,-4.80028210003867,6.50000000000968));
#4791=CARTESIAN_POINT('Origin',(18.7067200817245,-4.80028210003867,6.50000000000968));
#4792=CARTESIAN_POINT('Origin',(288648.893290838,-499998.750000006,-4.));
#4793=CARTESIAN_POINT('',(-24.1915476389458,-2.30028209999455,-3.99999999999767));
#4794=CARTESIAN_POINT('',(-24.1915476389636,-2.30028209989541,-3.99999999999068));
#4795=CARTESIAN_POINT('',(-25.6349233119893,-4.80028209997425,-6.50000000002151));
#4796=CARTESIAN_POINT('',(-25.6349233119693,-4.80028209989314,-6.50000000001683));
#4797=CARTESIAN_POINT('',(-29.0990249271488,1.19971790007867,-6.50000000007367));
#4798=CARTESIAN_POINT('Origin',(288646.728227339,-500000.,-4.));
#4799=CARTESIAN_POINT('',(-20.1500957546759,-2.30028210001902,-3.99999999999448));
#4800=CARTESIAN_POINT('',(-20.1500957546759,-2.30028210001902,-3.99999999999448));
#4801=CARTESIAN_POINT('',(-18.1293698125128,1.19971789995656,-3.99999999999589));
#4802=CARTESIAN_POINT('',(-20.8717835911898,5.94971789996634,-4.));
#4803=CARTESIAN_POINT('',(-18.1293698125273,1.19971789996498,-4.));
#4804=CARTESIAN_POINT('Origin',(-15.2426184665863,1.19971789996131,-6.50000000000949));
#4805=CARTESIAN_POINT('',(-15.2426184665848,1.19971789995524,-6.50000000000776));
#4806=CARTESIAN_POINT('',(-15.2426184665863,1.19971789996131,-6.50000000000949));
#4807=CARTESIAN_POINT('',(-15.2426184665803,1.19971789993701,-6.50000000000255));
#4808=CARTESIAN_POINT('Origin',(-15.2426184665863,1.19971789996131,-10.));
#4809=CARTESIAN_POINT('',(-15.2426184665863,1.19971789996131,-10.));
#4810=CARTESIAN_POINT('Origin',(288654.955468676,-499995.25,4.));
#4811=CARTESIAN_POINT('',(-18.1293698126211,1.19971790005894,3.99999999998431));
#4812=CARTESIAN_POINT('',(-18.129369812641,1.19971790007867,3.99999999999068));
#4813=CARTESIAN_POINT('',(-15.2426184666256,1.19971789999065,6.50000000002997));
#4814=CARTESIAN_POINT('Origin',(288646.728227339,-500000.,4.));
#4815=CARTESIAN_POINT('',(-20.1500957547303,-2.30028209999666,3.99999999999063));
#4816=CARTESIAN_POINT('',(-20.1500957547296,-2.3002821000091,4.));
#4817=CARTESIAN_POINT('',(-24.1915476390149,-2.3002821000141,4.));
#4818=CARTESIAN_POINT('',(-26.9339614176261,2.44971789999227,4.));
#4819=CARTESIAN_POINT('',(-24.1915476390149,-2.3002821000141,4.));
#4820=CARTESIAN_POINT('Origin',(-29.0990249271375,1.1997178999616,6.50000000004382));
#4821=CARTESIAN_POINT('',(-24.1915476390037,-2.30028210002453,4.));
#4822=CARTESIAN_POINT('Origin',(-29.0990249271375,1.1997178999616,-10.));
#4823=CARTESIAN_POINT('',(-25.6349233119998,-4.80028210003867,-10.));
#4824=CARTESIAN_POINT('Origin',(288646.728227339,-2.30028209995226,4.));
#4825=CARTESIAN_POINT('',(-20.1500957547296,-2.30028210002453,4.));
#4826=CARTESIAN_POINT('Origin',(-144358.785409724,-250004.150141033,4.));
#4827=CARTESIAN_POINT('Origin',(1.82499999999989,4.25439789996133,0.));
#4828=CARTESIAN_POINT('',(1.82499999999989,4.25439789996133,0.));
#4829=CARTESIAN_POINT('Origin',(-1.14491749414469E-13,7.07252132194274,
0.));
#4830=CARTESIAN_POINT('',(-1.82500000000011,7.00519789996133,0.));
#4831=CARTESIAN_POINT('Origin',(-1.14491749414469E-13,7.07252132194274,
0.));
#4832=CARTESIAN_POINT('',(-1.82500000000011,7.07252132194274,0.));
#4833=CARTESIAN_POINT('Origin',(-1.82500000000012,7.00519789996133,0.));
#4834=CARTESIAN_POINT('',(-1.82500000000012,7.00519789996133,0.));
#4835=CARTESIAN_POINT('Origin',(7.5905769717052E-16,14.4188788830484,-1.45605687117401));
#4836=CARTESIAN_POINT('',(3.25,9.06522470999728,-3.19556455881783));
#4837=CARTESIAN_POINT('',(3.25,14.4188788830484,-1.45605687117401));
#4838=CARTESIAN_POINT('',(-5.09151074711286E-16,7.28067331898023,-3.7754004546991));
#4839=CARTESIAN_POINT('',(-5.44080641698412E-16,7.28067331898023,-3.7754004546991));
#4840=CARTESIAN_POINT('',(-3.25,9.06522470999728,-3.19556455881783));
#4841=CARTESIAN_POINT('',(-3.25,9.06522470999728,-3.19556455881783));
#4842=CARTESIAN_POINT('',(-3.25,14.4188788830484,-1.45605687117401));
#4843=CARTESIAN_POINT('Origin',(-1.14491749414469E-13,7.07252132194274,
0.));
#4844=CARTESIAN_POINT('Origin',(-5.44080641698412E-16,7.28067331898023,
-3.7754004546991));
#4845=CARTESIAN_POINT('',(4.47115725052524,10.5348016459542,-10.));
#4846=CARTESIAN_POINT('',(-5.44080641698412E-16,7.28067331898023,-3.7754004546991));
#4847=CARTESIAN_POINT('Origin',(3.25,9.06522470999728,-3.19556455881783));
#4848=CARTESIAN_POINT('Origin',(-3.25,12.6343274920314,-2.03589276705528));
#4849=CARTESIAN_POINT('',(-4.47115725052524,10.5348016459542,-10.));
#4850=CARTESIAN_POINT('Origin',(-3.25,9.06522470999728,-3.19556455881783));
#4851=CARTESIAN_POINT('Origin',(15.2426184665866,1.19971789996123,-10.));
#4852=CARTESIAN_POINT('',(18.7067200817245,-4.80028210003867,-6.49999999999417));
#4853=CARTESIAN_POINT('',(15.2426184665866,1.19971789996123,-6.49999999999417));
#4854=CARTESIAN_POINT('',(18.7067200817245,-4.80028210003867,-10.));
#4855=CARTESIAN_POINT('Origin',(18.7067200817245,-4.80028210003867,-10.));
#4856=CARTESIAN_POINT('',(18.7067200817245,-4.80028210003867,-6.49999999999417));
#4857=CARTESIAN_POINT('Origin',(-25.6349233119998,-4.80028210003867,-10.));
#4858=CARTESIAN_POINT('',(-18.7067200817303,-4.8002821000404,-6.50000000001123));
#4859=CARTESIAN_POINT('',(-25.6349233119998,-4.80028210003867,-6.50000000000949));
#4860=CARTESIAN_POINT('',(-18.7067200817243,-4.80028210003867,-10.));
#4861=CARTESIAN_POINT('Origin',(-18.7067200817243,-4.80028210003867,-10.));
#4862=CARTESIAN_POINT('',(-18.7067200817243,-4.80028210003867,-6.50000000000949));
#4863=CARTESIAN_POINT('Origin',(1.9,35.2500000000499,0.));
#4864=CARTESIAN_POINT('Origin',(15.2426184665866,1.19971789996123,-6.49999999999417));
#4865=CARTESIAN_POINT('',(20.1500957548385,-2.30028210008665,-4.));
#4866=CARTESIAN_POINT('Origin',(18.7067200817245,-4.80028210003867,-6.49999999999417));
#4867=CARTESIAN_POINT('Origin',(-8.98483846052895E-14,-17.0773131033551,
5.00000000119282E-6));
#4868=CARTESIAN_POINT('Origin',(288646.728227339,-2.30028209995226,-4.00000000003614));
#4869=CARTESIAN_POINT('',(-18.7067200817523,-4.80028210003867,-6.50000000000949));
#4870=CARTESIAN_POINT('Origin',(-144358.785409724,-250004.150141033,-3.99999999996386));
#4871=CARTESIAN_POINT('Origin',(6.92890616591047,11.9999457956804,10.));
#4872=CARTESIAN_POINT('Origin',(10.1999999999999,-5.52731310335516,-10.000103077641));
#4873=CARTESIAN_POINT('',(7.99999999999989,-5.52731310335516,-10.000103077641));
#4874=CARTESIAN_POINT('',(9.1999999999999,-5.52731310335516,10.));
#4875=CARTESIAN_POINT('Origin',(-10.2000000000001,-5.52731310335516,-10.000103077641));
#4876=CARTESIAN_POINT('',(-8.0000000000001,-5.52731310335516,-10.000103077641));
#4877=CARTESIAN_POINT('',(-9.2000000000001,-5.52731310335516,-10.));
#4878=CARTESIAN_POINT('Origin',(-10.2000000000001,-0.627313103355161,-10.000103077641));
#4879=CARTESIAN_POINT('',(-8.0000000000001,-0.627313103355161,-10.000103077641));
#4880=CARTESIAN_POINT('',(-9.20000000000011,-0.627313103355161,10.));
#4881=CARTESIAN_POINT('Origin',(-2.45,7.12268689664485,-10.000103077641));
#4882=CARTESIAN_POINT('',(-2.45,4.92268689664483,-10.000103077641));
#4883=CARTESIAN_POINT('',(-2.45,6.12268689664484,-10.));
#4884=CARTESIAN_POINT('Origin',(2.45,7.12268689664486,-10.000103077641));
#4885=CARTESIAN_POINT('',(2.45,4.92268689664484,-10.000103077641));
#4886=CARTESIAN_POINT('',(2.45,6.12268689664486,10.));
#4887=CARTESIAN_POINT('Origin',(10.1999999999999,-0.627313103355159,-10.000103077641));
#4888=CARTESIAN_POINT('',(7.99999999999989,-0.627313103355159,-10.000103077641));
#4889=CARTESIAN_POINT('',(9.1999999999999,-0.627313103355159,-10.));
#4890=CARTESIAN_POINT('Origin',(-1.45,4.92268689664483,-10.000103077641));
#4891=CARTESIAN_POINT('Origin',(1.45,4.92268689664484,-10.000103077641));
#4892=CARTESIAN_POINT('Origin',(7.99999999999989,-4.52731310335516,-10.000103077641));
#4893=CARTESIAN_POINT('Origin',(7.99999999999989,-1.62731310335516,-10.000103077641));
#4894=CARTESIAN_POINT('Origin',(-8.0000000000001,-1.62731310335516,-10.000103077641));
#4895=CARTESIAN_POINT('Origin',(-8.0000000000001,-4.52731310335516,-10.000103077641));
#4896=CARTESIAN_POINT('Origin',(-3.45,6.12268689664484,10.));
#4897=CARTESIAN_POINT('Origin',(3.45,6.12268689664486,-10.000103077641));
#4898=CARTESIAN_POINT('Origin',(9.1999999999999,-6.52731310335516,-10.000103077641));
#4899=CARTESIAN_POINT('Origin',(9.1999999999999,0.372686896644841,10.));
#4900=CARTESIAN_POINT('Origin',(-9.2000000000001,-6.52731310335516,10.));
#4901=CARTESIAN_POINT('Origin',(-9.20000000000011,0.372686896644839,-10.000103077641));
#4902=CARTESIAN_POINT('Origin',(-3.45,-12.2773131033552,-10.000103077641));
#4903=CARTESIAN_POINT('Origin',(3.45,-12.2773131033552,10.));
#4904=CARTESIAN_POINT('Origin',(9.1999999999999,-12.2773131033552,10.));
#4905=CARTESIAN_POINT('Origin',(-9.2000000000001,-12.2773131033552,10.));
#4906=CARTESIAN_POINT('Origin',(-9.2000000000001,6.12268689664484,10.));
#4907=CARTESIAN_POINT('Origin',(9.1999999999999,6.12268689664486,10.));
#4908=CARTESIAN_POINT('Origin',(-16.0220413299923,8.74971789996138,-2.5));
#4909=CARTESIAN_POINT('',(-16.0220413299923,8.74971789996138,-2.5));
#4910=CARTESIAN_POINT('Origin',(-16.0220413299923,8.74971789996138,2.5));
#4911=CARTESIAN_POINT('',(-16.0220413299923,8.74971789996138,2.5));
#4912=CARTESIAN_POINT('Origin',(-20.727809797251,16.9003479739093,-1.23072535919728E-8));
#4913=CARTESIAN_POINT('Origin',(-40.3006467782664,50.8014960732927,-2.5));
#4914=CARTESIAN_POINT('',(-40.3006467782664,50.8014960732927,-2.5));
#4915=CARTESIAN_POINT('Origin',(-40.3006467514098,50.8014960267757,2.5));
#4916=CARTESIAN_POINT('',(-40.3006467514098,50.8014960267757,2.5));
#4917=CARTESIAN_POINT('Origin',(-44.1678838189007,57.4997471125838,0.));
#4918=CARTESIAN_POINT('Origin',(-21.3006317725488,17.8925047388171,-2.5));
#4919=CARTESIAN_POINT('',(-21.3006317725488,17.8925047388171,-2.5));
#4920=CARTESIAN_POINT('Origin',(-21.3006317456921,17.8925046923,2.5));
#4921=CARTESIAN_POINT('',(-21.3006317456921,17.8925046923,2.5));
#4922=CARTESIAN_POINT('Origin',(-39.7278248029687,49.809339308385,-1.23072535919728E-8));
#4923=CARTESIAN_POINT('Origin',(16.0220413299923,8.74971789996138,-2.5));
#4924=CARTESIAN_POINT('',(16.0220413299923,8.74971789996138,-2.5));
#4925=CARTESIAN_POINT('Origin',(16.0220413299923,8.74971789996138,2.5));
#4926=CARTESIAN_POINT('',(16.0220413299923,8.74971789996138,2.5));
#4927=CARTESIAN_POINT('Origin',(20.727809797251,16.9003479739093,-1.23072535919728E-8));
#4928=CARTESIAN_POINT('Origin',(40.3006467514098,50.8014960267757,2.5));
#4929=CARTESIAN_POINT('',(40.3006467514098,50.8014960267757,2.5));
#4930=CARTESIAN_POINT('Origin',(40.3006467782664,50.8014960732927,-2.5));
#4931=CARTESIAN_POINT('',(40.3006467782664,50.8014960732927,-2.5));
#4932=CARTESIAN_POINT('Origin',(44.1678838189007,57.4997471125838,0.));
#4933=CARTESIAN_POINT('Origin',(21.3006317456921,17.8925046923,2.5));
#4934=CARTESIAN_POINT('',(21.3006317456921,17.8925046923,2.5));
#4935=CARTESIAN_POINT('Origin',(21.3006317725488,17.8925047388171,-2.5));
#4936=CARTESIAN_POINT('',(21.3006317725488,17.8925047388171,-2.5));
#4937=CARTESIAN_POINT('Origin',(39.7278248029687,49.809339308385,-1.23072535919728E-8));
#4938=UNCERTAINTY_MEASURE_WITH_UNIT(LENGTH_MEASURE(0.01),#4942,
'DISTANCE_ACCURACY_VALUE',
'Maximum model space distance between geometric entities at asserted c
onnectivities');
#4939=UNCERTAINTY_MEASURE_WITH_UNIT(LENGTH_MEASURE(0.01),#4942,
'DISTANCE_ACCURACY_VALUE',
'Maximum model space distance between geometric entities at asserted c
onnectivities');
#4940=(
GEOMETRIC_REPRESENTATION_CONTEXT(3)
GLOBAL_UNCERTAINTY_ASSIGNED_CONTEXT((#4938))
GLOBAL_UNIT_ASSIGNED_CONTEXT((#4942,#4944,#4945))
REPRESENTATION_CONTEXT('','3D')
);
#4941=(
GEOMETRIC_REPRESENTATION_CONTEXT(3)
GLOBAL_UNCERTAINTY_ASSIGNED_CONTEXT((#4939))
GLOBAL_UNIT_ASSIGNED_CONTEXT((#4942,#4944,#4945))
REPRESENTATION_CONTEXT('','3D')
);
#4942=(
LENGTH_UNIT()
NAMED_UNIT(*)
SI_UNIT(.MILLI.,.METRE.)
);
#4943=(
LENGTH_UNIT()
NAMED_UNIT(*)
SI_UNIT($,.METRE.)
);
#4944=(
NAMED_UNIT(*)
PLANE_ANGLE_UNIT()
SI_UNIT($,.RADIAN.)
);
#4945=(
NAMED_UNIT(*)
SI_UNIT($,.STERADIAN.)
SOLID_ANGLE_UNIT()
);
#4946=SHAPE_DEFINITION_REPRESENTATION(#4947,#4948);
#4947=PRODUCT_DEFINITION_SHAPE('',$,#4950);
#4948=SHAPE_REPRESENTATION('',(#2889),#4940);
#4949=PRODUCT_DEFINITION_CONTEXT('part definition',#4954,'design');
#4950=PRODUCT_DEFINITION('frame_top 2020sw','frame_top_2020sw v0',#4951,
#4949);
#4951=PRODUCT_DEFINITION_FORMATION('',$,#4956);
#4952=PRODUCT_RELATED_PRODUCT_CATEGORY('frame_top_2020sw v0',
'frame_top_2020sw v0',(#4956));
#4953=APPLICATION_PROTOCOL_DEFINITION('international standard',
'automotive_design',2009,#4954);
#4954=APPLICATION_CONTEXT(
'Core Data for Automotive Mechanical Design Process');
#4955=PRODUCT_CONTEXT('part definition',#4954,'mechanical');
#4956=PRODUCT('frame_top 2020sw','frame_top_2020sw v0','STEP AP203',(#4955));
#4957=PRESENTATION_STYLE_ASSIGNMENT((#4958));
#4958=SURFACE_STYLE_USAGE(.BOTH.,#4959);
#4959=SURFACE_SIDE_STYLE('',(#4960));
#4960=SURFACE_STYLE_FILL_AREA(#4961);
#4961=FILL_AREA_STYLE('Steel - Satin',(#4962));
#4962=FILL_AREA_STYLE_COLOUR('Steel - Satin',#4963);
#4963=COLOUR_RGB('Steel - Satin',0.627450980392157,0.627450980392157,0.627450980392157);
ENDSEC;
END-ISO-10303-21;
