ISO-10303-21;
HEADER;
/* Generated by software containing ST-Developer
 * from STEP Tools, Inc. (www.steptools.com) 
 */

FILE_DESCRIPTION(
/* description */ ('STEP AP203'),
/* implementation_level */ '2;1');

FILE_NAME(
/* name */ 'frame_motor_2020sw.step',
/* time_stamp */ '2026-04-20T17:28:24+01:00',
/* author */ (''),
/* organization */ (''),
/* preprocessor_version */ 'ST-DEVELOPER v20.1',
/* originating_system */ 'Autodesk Translation Framework v15.8.0.0',
/* authorisation */ '');

FILE_SCHEMA (('AUTOMOTIVE_DESIGN { 1 0 10303 214 3 1 1 }'));
ENDSEC;

DATA;
#10=MECHANICAL_DESIGN_GEOMETRIC_PRESENTATION_REPRESENTATION('',(#13),#7084);
#11=SHAPE_REPRESENTATION_RELATIONSHIP('SRR','None',#7091,#12);
#12=ADVANCED_BREP_SHAPE_REPRESENTATION('',(#14),#7083);
#13=STYLED_ITEM('',(#7100),#14);
#14=MANIFOLD_SOLID_BREP('Body1',#4158);
#15=ELLIPSE('',#4420,1.41421356237285,0.999999999999854);
#16=ELLIPSE('',#4421,1.41421356237303,0.999999999999975);
#17=ELLIPSE('',#4425,1.41421356237296,0.999999999999837);
#18=ELLIPSE('',#4426,1.41421356237332,1.00000000000016);
#19=ELLIPSE('',#4431,1.4142135623728,0.999999999999787);
#20=ELLIPSE('',#4432,1.41421356237281,0.999999999999813);
#21=ELLIPSE('',#4434,1.41421356237287,0.999999999999843);
#22=ELLIPSE('',#4435,1.41421356237338,1.00000000000018);
#23=B_SPLINE_CURVE_WITH_KNOTS('',3,(#5899,#5900,#5901,#5902,#5903,#5904,
#5905,#5906,#5907,#5908),.UNSPECIFIED.,.F.,.F.,(4,2,2,2,4),(0.303794764165423,
0.332757410850054,0.398745757469358,0.465023430543068,0.531301103616778),
 .UNSPECIFIED.);
#24=B_SPLINE_CURVE_WITH_KNOTS('',3,(#5912,#5913,#5914,#5915,#5916,#5917,
#5918,#5919,#5920,#5921),.UNSPECIFIED.,.F.,.F.,(4,2,2,2,4),(0.531301103616778,
0.597578776690488,0.663856449764198,0.729844796383502,0.758807443067553),
 .UNSPECIFIED.);
#25=B_SPLINE_CURVE_WITH_KNOTS('',3,(#5925,#5926,#5927,#5928,#5929,#5930,
#5931,#5932,#5933,#5934,#5935,#5936,#5937,#5938,#5939),.UNSPECIFIED.,.F.,
 .F.,(4,2,2,3,2,2,4),(-0.167354961648841,-0.132321989471151,-0.0661609947355757,
0.,0.0659777940413717,0.131955588082743,0.167340619718131),
 .UNSPECIFIED.);
#26=B_SPLINE_CURVE_WITH_KNOTS('',3,(#5949,#5950,#5951,#5952,#5953,#5954,
#5955,#5956,#5957,#5958,#5959,#5960,#5961,#5962,#5963),.UNSPECIFIED.,.F.,
 .F.,(4,2,2,3,2,2,4),(-0.167354961648841,-0.132321989471151,-0.0661609947355757,
0.,0.0661609947355755,0.132321989471151,0.16735496164876),.UNSPECIFIED.);
#27=B_SPLINE_CURVE_WITH_KNOTS('',3,(#5975,#5976,#5977,#5978,#5979,#5980,
#5981,#5982,#5983,#5984),.UNSPECIFIED.,.F.,.F.,(4,2,2,2,4),(0.303794764165422,
0.332757410850053,0.398745757469357,0.465023430543067,0.531301103616777),
 .UNSPECIFIED.);
#28=B_SPLINE_CURVE_WITH_KNOTS('',3,(#5988,#5989,#5990,#5991,#5992,#5993,
#5994,#5995,#5996,#5997),.UNSPECIFIED.,.F.,.F.,(4,2,2,2,4),(0.531301103616777,
0.597452694848911,0.663604286081044,0.729718780974855,0.758803893999023),
 .UNSPECIFIED.);
#29=B_SPLINE_CURVE_WITH_KNOTS('',3,(#6155,#6156,#6157,#6158,#6159,#6160,
#6161,#6162,#6163,#6164,#6165,#6166,#6167,#6168,#6169,#6170,#6171,#6172,
#6173,#6174,#6175,#6176),.UNSPECIFIED.,.F.,.F.,(4,2,2,2,2,2,2,2,2,2,4),
(-0.619156388098857,-0.606201525355326,-0.593246662611795,-0.567336937124733,
-0.534808167493025,-0.464367291074143,-0.393926414655261,-0.361397645023553,
-0.335487919536491,-0.32253305679296,-0.309578194049429),.UNSPECIFIED.);
#30=B_SPLINE_CURVE_WITH_KNOTS('',3,(#6184,#6185,#6186,#6187,#6188,#6189,
#6190,#6191,#6192,#6193,#6194,#6195,#6196,#6197,#6198,#6199,#6200,#6201,
#6202,#6203,#6204,#6205),.UNSPECIFIED.,.F.,.F.,(4,2,2,2,2,2,2,2,2,2,4),
(0.158604397884551,0.176412219588093,0.194220041291635,0.224967229911002,
0.255714418530368,0.317208795769101,0.378703173007835,0.409450361627201,
0.440197550246568,0.45800537195011,0.475813193653652),.UNSPECIFIED.);
#31=B_SPLINE_CURVE_WITH_KNOTS('',3,(#6211,#6212,#6213,#6214,#6215,#6216,
#6217,#6218,#6219,#6220,#6221,#6222,#6223,#6224,#6225,#6226,#6227,#6228,
#6229,#6230,#6231,#6232),.UNSPECIFIED.,.F.,.F.,(4,2,2,2,2,2,2,2,2,2,4),
(-0.619156388098854,-0.606201525355323,-0.593246662611792,-0.56733693712473,
-0.534808167493023,-0.46436729107414,-0.393926414655258,-0.36139764502355,
-0.335487919536489,-0.322533056792958,-0.309578194049427),.UNSPECIFIED.);
#32=B_SPLINE_CURVE_WITH_KNOTS('',3,(#6240,#6241,#6242,#6243,#6244,#6245,
#6246,#6247,#6248,#6249,#6250,#6251,#6252,#6253,#6254,#6255,#6256,#6257,
#6258,#6259,#6260,#6261),.UNSPECIFIED.,.F.,.F.,(4,2,2,2,2,2,2,2,2,2,4),
(0.15860439788455,0.176412219588092,0.194220041291634,0.224967229911,0.255714418530367,
0.3172087957691,0.378703173007833,0.409450361627199,0.440197550246566,0.458005371950108,
0.47581319365365),.UNSPECIFIED.);
#33=B_SPLINE_CURVE_WITH_KNOTS('',3,(#6264,#6265,#6266,#6267,#6268,#6269,
#6270,#6271,#6272,#6273,#6274,#6275,#6276,#6277,#6278,#6279,#6280,#6281,
#6282,#6283,#6284,#6285,#6286,#6287,#6288,#6289,#6290,#6291,#6292,#6293,
#6294,#6295,#6296,#6297),.UNSPECIFIED.,.T.,.F.,(4,2,2,2,2,2,2,2,2,2,2,2,
2,2,2,2,4),(0.,0.188561499688334,0.377122999376668,0.565682842057381,0.754242684738094,
0.942802527418807,1.13136237009952,1.31992386978785,1.50848536947619,1.69704686916452,
1.88560836885286,2.07416821153357,2.26272805421428,2.451287896895,2.63984773957571,
2.82840923926404,3.01697073895238),.UNSPECIFIED.);
#34=B_SPLINE_CURVE_WITH_KNOTS('',3,(#6303,#6304,#6305,#6306,#6307,#6308,
#6309,#6310,#6311,#6312,#6313,#6314,#6315,#6316,#6317,#6318,#6319,#6320,
#6321,#6322,#6323,#6324,#6325,#6326,#6327,#6328,#6329,#6330,#6331,#6332,
#6333,#6334,#6335,#6336),.UNSPECIFIED.,.T.,.F.,(4,2,2,2,2,2,2,2,2,2,2,2,
2,2,2,2,4),(0.,0.188561499688334,0.377122999376668,0.565682842057381,0.754242684738095,
0.942802527418808,1.13136237009952,1.31992386978786,1.50848536947619,1.69704686916452,
1.88560836885286,2.07416821153357,2.26272805421429,2.451287896895,2.63984773957571,
2.82840923926405,3.01697073895238),.UNSPECIFIED.);
#35=FACE_BOUND('',#400,.T.);
#36=FACE_BOUND('',#401,.T.);
#37=FACE_BOUND('',#407,.T.);
#38=FACE_BOUND('',#408,.T.);
#39=FACE_BOUND('',#410,.T.);
#40=FACE_BOUND('',#411,.T.);
#41=FACE_BOUND('',#438,.T.);
#42=FACE_BOUND('',#439,.T.);
#43=FACE_BOUND('',#442,.T.);
#44=FACE_BOUND('',#443,.T.);
#45=FACE_BOUND('',#466,.T.);
#46=FACE_BOUND('',#467,.T.);
#47=FACE_BOUND('',#468,.T.);
#48=FACE_BOUND('',#469,.T.);
#49=FACE_BOUND('',#470,.T.);
#50=FACE_BOUND('',#477,.T.);
#51=FACE_BOUND('',#480,.T.);
#52=FACE_BOUND('',#481,.T.);
#53=FACE_BOUND('',#486,.T.);
#54=FACE_BOUND('',#487,.T.);
#55=FACE_BOUND('',#522,.T.);
#56=FACE_BOUND('',#524,.T.);
#57=PLANE('',#4175);
#58=PLANE('',#4176);
#59=PLANE('',#4183);
#60=PLANE('',#4184);
#61=PLANE('',#4187);
#62=PLANE('',#4190);
#63=PLANE('',#4194);
#64=PLANE('',#4220);
#65=PLANE('',#4302);
#66=PLANE('',#4303);
#67=PLANE('',#4304);
#68=PLANE('',#4306);
#69=PLANE('',#4307);
#70=PLANE('',#4308);
#71=PLANE('',#4311);
#72=PLANE('',#4312);
#73=PLANE('',#4336);
#74=PLANE('',#4337);
#75=PLANE('',#4338);
#76=PLANE('',#4339);
#77=PLANE('',#4340);
#78=PLANE('',#4341);
#79=PLANE('',#4342);
#80=PLANE('',#4343);
#81=PLANE('',#4344);
#82=PLANE('',#4345);
#83=PLANE('',#4346);
#84=PLANE('',#4348);
#85=PLANE('',#4349);
#86=PLANE('',#4352);
#87=PLANE('',#4353);
#88=PLANE('',#4354);
#89=PLANE('',#4355);
#90=PLANE('',#4358);
#91=PLANE('',#4359);
#92=PLANE('',#4360);
#93=PLANE('',#4362);
#94=PLANE('',#4364);
#95=PLANE('',#4365);
#96=PLANE('',#4366);
#97=PLANE('',#4367);
#98=PLANE('',#4368);
#99=PLANE('',#4370);
#100=PLANE('',#4372);
#101=PLANE('',#4374);
#102=PLANE('',#4375);
#103=PLANE('',#4376);
#104=PLANE('',#4377);
#105=PLANE('',#4378);
#106=PLANE('',#4379);
#107=PLANE('',#4380);
#108=PLANE('',#4381);
#109=PLANE('',#4382);
#110=PLANE('',#4383);
#111=PLANE('',#4384);
#112=PLANE('',#4385);
#113=PLANE('',#4386);
#114=PLANE('',#4387);
#115=PLANE('',#4388);
#116=PLANE('',#4389);
#117=PLANE('',#4390);
#118=PLANE('',#4391);
#119=PLANE('',#4392);
#120=PLANE('',#4393);
#121=PLANE('',#4394);
#122=PLANE('',#4395);
#123=PLANE('',#4396);
#124=PLANE('',#4399);
#125=PLANE('',#4400);
#126=PLANE('',#4401);
#127=PLANE('',#4402);
#128=PLANE('',#4405);
#129=PLANE('',#4406);
#130=PLANE('',#4407);
#131=PLANE('',#4408);
#132=PLANE('',#4409);
#133=PLANE('',#4410);
#134=PLANE('',#4411);
#135=PLANE('',#4412);
#136=PLANE('',#4413);
#137=PLANE('',#4414);
#138=PLANE('',#4415);
#139=PLANE('',#4416);
#140=PLANE('',#4417);
#141=PLANE('',#4418);
#142=PLANE('',#4419);
#143=PLANE('',#4422);
#144=PLANE('',#4423);
#145=PLANE('',#4424);
#146=PLANE('',#4427);
#147=PLANE('',#4428);
#148=PLANE('',#4429);
#149=PLANE('',#4430);
#150=PLANE('',#4433);
#151=PLANE('',#4436);
#152=PLANE('',#4437);
#153=PLANE('',#4438);
#154=PLANE('',#4439);
#155=PLANE('',#4440);
#156=PLANE('',#4441);
#157=PLANE('',#4442);
#158=PLANE('',#4443);
#159=PLANE('',#4444);
#160=PLANE('',#4445);
#161=PLANE('',#4446);
#162=PLANE('',#4447);
#163=PLANE('',#4448);
#164=PLANE('',#4449);
#165=PLANE('',#4478);
#166=PLANE('',#4479);
#167=PLANE('',#4480);
#168=PLANE('',#4481);
#169=PLANE('',#4482);
#170=PLANE('',#4483);
#171=PLANE('',#4484);
#172=PLANE('',#4485);
#173=PLANE('',#4486);
#174=PLANE('',#4487);
#175=PLANE('',#4488);
#176=PLANE('',#4489);
#177=PLANE('',#4490);
#178=PLANE('',#4491);
#179=PLANE('',#4492);
#180=PLANE('',#4493);
#181=PLANE('',#4494);
#182=PLANE('',#4495);
#183=PLANE('',#4496);
#184=PLANE('',#4497);
#185=PLANE('',#4498);
#186=PLANE('',#4499);
#187=PLANE('',#4500);
#188=PLANE('',#4501);
#189=PLANE('',#4502);
#190=PLANE('',#4503);
#191=PLANE('',#4504);
#192=PLANE('',#4505);
#193=PLANE('',#4506);
#194=PLANE('',#4507);
#195=PLANE('',#4508);
#196=PLANE('',#4509);
#197=PLANE('',#4510);
#198=PLANE('',#4511);
#199=PLANE('',#4512);
#200=FACE_OUTER_BOUND('',#397,.T.);
#201=FACE_OUTER_BOUND('',#398,.T.);
#202=FACE_OUTER_BOUND('',#399,.T.);
#203=FACE_OUTER_BOUND('',#402,.T.);
#204=FACE_OUTER_BOUND('',#403,.T.);
#205=FACE_OUTER_BOUND('',#404,.T.);
#206=FACE_OUTER_BOUND('',#405,.T.);
#207=FACE_OUTER_BOUND('',#406,.T.);
#208=FACE_OUTER_BOUND('',#409,.T.);
#209=FACE_OUTER_BOUND('',#412,.T.);
#210=FACE_OUTER_BOUND('',#413,.T.);
#211=FACE_OUTER_BOUND('',#414,.T.);
#212=FACE_OUTER_BOUND('',#415,.T.);
#213=FACE_OUTER_BOUND('',#416,.T.);
#214=FACE_OUTER_BOUND('',#417,.T.);
#215=FACE_OUTER_BOUND('',#418,.T.);
#216=FACE_OUTER_BOUND('',#419,.T.);
#217=FACE_OUTER_BOUND('',#420,.T.);
#218=FACE_OUTER_BOUND('',#421,.T.);
#219=FACE_OUTER_BOUND('',#422,.T.);
#220=FACE_OUTER_BOUND('',#423,.T.);
#221=FACE_OUTER_BOUND('',#424,.T.);
#222=FACE_OUTER_BOUND('',#425,.T.);
#223=FACE_OUTER_BOUND('',#426,.T.);
#224=FACE_OUTER_BOUND('',#427,.T.);
#225=FACE_OUTER_BOUND('',#428,.T.);
#226=FACE_OUTER_BOUND('',#429,.T.);
#227=FACE_OUTER_BOUND('',#430,.T.);
#228=FACE_OUTER_BOUND('',#431,.T.);
#229=FACE_OUTER_BOUND('',#432,.T.);
#230=FACE_OUTER_BOUND('',#433,.T.);
#231=FACE_OUTER_BOUND('',#434,.T.);
#232=FACE_OUTER_BOUND('',#435,.T.);
#233=FACE_OUTER_BOUND('',#436,.T.);
#234=FACE_OUTER_BOUND('',#437,.T.);
#235=FACE_OUTER_BOUND('',#440,.T.);
#236=FACE_OUTER_BOUND('',#441,.T.);
#237=FACE_OUTER_BOUND('',#444,.T.);
#238=FACE_OUTER_BOUND('',#445,.T.);
#239=FACE_OUTER_BOUND('',#446,.T.);
#240=FACE_OUTER_BOUND('',#447,.T.);
#241=FACE_OUTER_BOUND('',#448,.T.);
#242=FACE_OUTER_BOUND('',#449,.T.);
#243=FACE_OUTER_BOUND('',#450,.T.);
#244=FACE_OUTER_BOUND('',#451,.T.);
#245=FACE_OUTER_BOUND('',#452,.T.);
#246=FACE_OUTER_BOUND('',#453,.T.);
#247=FACE_OUTER_BOUND('',#454,.T.);
#248=FACE_OUTER_BOUND('',#455,.T.);
#249=FACE_OUTER_BOUND('',#456,.T.);
#250=FACE_OUTER_BOUND('',#457,.T.);
#251=FACE_OUTER_BOUND('',#458,.T.);
#252=FACE_OUTER_BOUND('',#459,.T.);
#253=FACE_OUTER_BOUND('',#460,.T.);
#254=FACE_OUTER_BOUND('',#461,.T.);
#255=FACE_OUTER_BOUND('',#462,.T.);
#256=FACE_OUTER_BOUND('',#463,.T.);
#257=FACE_OUTER_BOUND('',#464,.T.);
#258=FACE_OUTER_BOUND('',#465,.T.);
#259=FACE_OUTER_BOUND('',#471,.T.);
#260=FACE_OUTER_BOUND('',#472,.T.);
#261=FACE_OUTER_BOUND('',#473,.T.);
#262=FACE_OUTER_BOUND('',#474,.T.);
#263=FACE_OUTER_BOUND('',#475,.T.);
#264=FACE_OUTER_BOUND('',#476,.T.);
#265=FACE_OUTER_BOUND('',#478,.T.);
#266=FACE_OUTER_BOUND('',#479,.T.);
#267=FACE_OUTER_BOUND('',#482,.T.);
#268=FACE_OUTER_BOUND('',#483,.T.);
#269=FACE_OUTER_BOUND('',#484,.T.);
#270=FACE_OUTER_BOUND('',#485,.T.);
#271=FACE_OUTER_BOUND('',#488,.T.);
#272=FACE_OUTER_BOUND('',#489,.T.);
#273=FACE_OUTER_BOUND('',#490,.T.);
#274=FACE_OUTER_BOUND('',#491,.T.);
#275=FACE_OUTER_BOUND('',#492,.T.);
#276=FACE_OUTER_BOUND('',#493,.T.);
#277=FACE_OUTER_BOUND('',#494,.T.);
#278=FACE_OUTER_BOUND('',#495,.T.);
#279=FACE_OUTER_BOUND('',#496,.T.);
#280=FACE_OUTER_BOUND('',#497,.T.);
#281=FACE_OUTER_BOUND('',#498,.T.);
#282=FACE_OUTER_BOUND('',#499,.T.);
#283=FACE_OUTER_BOUND('',#500,.T.);
#284=FACE_OUTER_BOUND('',#501,.T.);
#285=FACE_OUTER_BOUND('',#502,.T.);
#286=FACE_OUTER_BOUND('',#503,.T.);
#287=FACE_OUTER_BOUND('',#504,.T.);
#288=FACE_OUTER_BOUND('',#505,.T.);
#289=FACE_OUTER_BOUND('',#506,.T.);
#290=FACE_OUTER_BOUND('',#507,.T.);
#291=FACE_OUTER_BOUND('',#508,.T.);
#292=FACE_OUTER_BOUND('',#509,.T.);
#293=FACE_OUTER_BOUND('',#510,.T.);
#294=FACE_OUTER_BOUND('',#511,.T.);
#295=FACE_OUTER_BOUND('',#512,.T.);
#296=FACE_OUTER_BOUND('',#513,.T.);
#297=FACE_OUTER_BOUND('',#514,.T.);
#298=FACE_OUTER_BOUND('',#515,.T.);
#299=FACE_OUTER_BOUND('',#516,.T.);
#300=FACE_OUTER_BOUND('',#517,.T.);
#301=FACE_OUTER_BOUND('',#518,.T.);
#302=FACE_OUTER_BOUND('',#519,.T.);
#303=FACE_OUTER_BOUND('',#520,.T.);
#304=FACE_OUTER_BOUND('',#521,.T.);
#305=FACE_OUTER_BOUND('',#523,.T.);
#306=FACE_OUTER_BOUND('',#525,.T.);
#307=FACE_OUTER_BOUND('',#526,.T.);
#308=FACE_OUTER_BOUND('',#527,.T.);
#309=FACE_OUTER_BOUND('',#528,.T.);
#310=FACE_OUTER_BOUND('',#529,.T.);
#311=FACE_OUTER_BOUND('',#530,.T.);
#312=FACE_OUTER_BOUND('',#531,.T.);
#313=FACE_OUTER_BOUND('',#532,.T.);
#314=FACE_OUTER_BOUND('',#533,.T.);
#315=FACE_OUTER_BOUND('',#534,.T.);
#316=FACE_OUTER_BOUND('',#535,.T.);
#317=FACE_OUTER_BOUND('',#536,.T.);
#318=FACE_OUTER_BOUND('',#537,.T.);
#319=FACE_OUTER_BOUND('',#538,.T.);
#320=FACE_OUTER_BOUND('',#539,.T.);
#321=FACE_OUTER_BOUND('',#540,.T.);
#322=FACE_OUTER_BOUND('',#541,.T.);
#323=FACE_OUTER_BOUND('',#542,.T.);
#324=FACE_OUTER_BOUND('',#543,.T.);
#325=FACE_OUTER_BOUND('',#544,.T.);
#326=FACE_OUTER_BOUND('',#545,.T.);
#327=FACE_OUTER_BOUND('',#546,.T.);
#328=FACE_OUTER_BOUND('',#547,.T.);
#329=FACE_OUTER_BOUND('',#548,.T.);
#330=FACE_OUTER_BOUND('',#549,.T.);
#331=FACE_OUTER_BOUND('',#550,.T.);
#332=FACE_OUTER_BOUND('',#551,.T.);
#333=FACE_OUTER_BOUND('',#552,.T.);
#334=FACE_OUTER_BOUND('',#553,.T.);
#335=FACE_OUTER_BOUND('',#554,.T.);
#336=FACE_OUTER_BOUND('',#555,.T.);
#337=FACE_OUTER_BOUND('',#556,.T.);
#338=FACE_OUTER_BOUND('',#557,.T.);
#339=FACE_OUTER_BOUND('',#558,.T.);
#340=FACE_OUTER_BOUND('',#559,.T.);
#341=FACE_OUTER_BOUND('',#560,.T.);
#342=FACE_OUTER_BOUND('',#561,.T.);
#343=FACE_OUTER_BOUND('',#562,.T.);
#344=FACE_OUTER_BOUND('',#563,.T.);
#345=FACE_OUTER_BOUND('',#564,.T.);
#346=FACE_OUTER_BOUND('',#565,.T.);
#347=FACE_OUTER_BOUND('',#566,.T.);
#348=FACE_OUTER_BOUND('',#567,.T.);
#349=FACE_OUTER_BOUND('',#568,.T.);
#350=FACE_OUTER_BOUND('',#569,.T.);
#351=FACE_OUTER_BOUND('',#570,.T.);
#352=FACE_OUTER_BOUND('',#571,.T.);
#353=FACE_OUTER_BOUND('',#572,.T.);
#354=FACE_OUTER_BOUND('',#573,.T.);
#355=FACE_OUTER_BOUND('',#574,.T.);
#356=FACE_OUTER_BOUND('',#575,.T.);
#357=FACE_OUTER_BOUND('',#576,.T.);
#358=FACE_OUTER_BOUND('',#577,.T.);
#359=FACE_OUTER_BOUND('',#578,.T.);
#360=FACE_OUTER_BOUND('',#579,.T.);
#361=FACE_OUTER_BOUND('',#580,.T.);
#362=FACE_OUTER_BOUND('',#581,.T.);
#363=FACE_OUTER_BOUND('',#582,.T.);
#364=FACE_OUTER_BOUND('',#583,.T.);
#365=FACE_OUTER_BOUND('',#584,.T.);
#366=FACE_OUTER_BOUND('',#585,.T.);
#367=FACE_OUTER_BOUND('',#586,.T.);
#368=FACE_OUTER_BOUND('',#587,.T.);
#369=FACE_OUTER_BOUND('',#588,.T.);
#370=FACE_OUTER_BOUND('',#589,.T.);
#371=FACE_OUTER_BOUND('',#590,.T.);
#372=FACE_OUTER_BOUND('',#591,.T.);
#373=FACE_OUTER_BOUND('',#592,.T.);
#374=FACE_OUTER_BOUND('',#593,.T.);
#375=FACE_OUTER_BOUND('',#594,.T.);
#376=FACE_OUTER_BOUND('',#595,.T.);
#377=FACE_OUTER_BOUND('',#596,.T.);
#378=FACE_OUTER_BOUND('',#597,.T.);
#379=FACE_OUTER_BOUND('',#598,.T.);
#380=FACE_OUTER_BOUND('',#599,.T.);
#381=FACE_OUTER_BOUND('',#600,.T.);
#382=FACE_OUTER_BOUND('',#601,.T.);
#383=FACE_OUTER_BOUND('',#602,.T.);
#384=FACE_OUTER_BOUND('',#603,.T.);
#385=FACE_OUTER_BOUND('',#604,.T.);
#386=FACE_OUTER_BOUND('',#605,.T.);
#387=FACE_OUTER_BOUND('',#606,.T.);
#388=FACE_OUTER_BOUND('',#607,.T.);
#389=FACE_OUTER_BOUND('',#608,.T.);
#390=FACE_OUTER_BOUND('',#609,.T.);
#391=FACE_OUTER_BOUND('',#610,.T.);
#392=FACE_OUTER_BOUND('',#611,.T.);
#393=FACE_OUTER_BOUND('',#612,.T.);
#394=FACE_OUTER_BOUND('',#613,.T.);
#395=FACE_OUTER_BOUND('',#614,.T.);
#396=FACE_OUTER_BOUND('',#615,.T.);
#397=EDGE_LOOP('',(#2681,#2682,#2683,#2684));
#398=EDGE_LOOP('',(#2685,#2686,#2687,#2688,#2689,#2690,#2691,#2692,#2693,
#2694,#2695,#2696));
#399=EDGE_LOOP('',(#2697,#2698,#2699,#2700,#2701,#2702));
#400=EDGE_LOOP('',(#2703));
#401=EDGE_LOOP('',(#2704));
#402=EDGE_LOOP('',(#2705,#2706,#2707,#2708));
#403=EDGE_LOOP('',(#2709,#2710,#2711,#2712,#2713,#2714,#2715,#2716,#2717,
#2718,#2719,#2720));
#404=EDGE_LOOP('',(#2721,#2722,#2723,#2724,#2725,#2726,#2727,#2728,#2729));
#405=EDGE_LOOP('',(#2730,#2731,#2732,#2733,#2734,#2735,#2736,#2737,#2738));
#406=EDGE_LOOP('',(#2739,#2740,#2741,#2742,#2743,#2744));
#407=EDGE_LOOP('',(#2745));
#408=EDGE_LOOP('',(#2746));
#409=EDGE_LOOP('',(#2747,#2748,#2749,#2750,#2751,#2752,#2753,#2754,#2755,
#2756,#2757,#2758,#2759,#2760,#2761,#2762,#2763,#2764,#2765,#2766,#2767,
#2768));
#410=EDGE_LOOP('',(#2769,#2770,#2771,#2772,#2773,#2774,#2775,#2776));
#411=EDGE_LOOP('',(#2777,#2778,#2779,#2780,#2781,#2782,#2783,#2784,#2785,
#2786,#2787,#2788,#2789,#2790,#2791,#2792,#2793,#2794,#2795,#2796,#2797,
#2798,#2799,#2800,#2801,#2802,#2803,#2804,#2805,#2806,#2807,#2808,#2809,
#2810,#2811,#2812));
#412=EDGE_LOOP('',(#2813,#2814,#2815,#2816));
#413=EDGE_LOOP('',(#2817,#2818,#2819,#2820,#2821,#2822));
#414=EDGE_LOOP('',(#2823,#2824,#2825,#2826,#2827,#2828));
#415=EDGE_LOOP('',(#2829,#2830,#2831,#2832,#2833,#2834));
#416=EDGE_LOOP('',(#2835,#2836,#2837,#2838,#2839,#2840));
#417=EDGE_LOOP('',(#2841,#2842,#2843,#2844,#2845,#2846,#2847,#2848,#2849,
#2850,#2851,#2852));
#418=EDGE_LOOP('',(#2853,#2854,#2855,#2856,#2857,#2858,#2859,#2860,#2861,
#2862,#2863,#2864));
#419=EDGE_LOOP('',(#2865,#2866,#2867,#2868,#2869,#2870,#2871,#2872,#2873,
#2874,#2875,#2876));
#420=EDGE_LOOP('',(#2877,#2878,#2879,#2880,#2881,#2882,#2883,#2884,#2885,
#2886,#2887,#2888));
#421=EDGE_LOOP('',(#2889,#2890,#2891,#2892,#2893,#2894,#2895,#2896,#2897,
#2898,#2899,#2900));
#422=EDGE_LOOP('',(#2901,#2902,#2903,#2904,#2905,#2906,#2907,#2908,#2909,
#2910,#2911,#2912));
#423=EDGE_LOOP('',(#2913,#2914,#2915,#2916,#2917,#2918,#2919,#2920,#2921,
#2922,#2923,#2924));
#424=EDGE_LOOP('',(#2925,#2926,#2927,#2928,#2929,#2930,#2931,#2932,#2933,
#2934,#2935,#2936));
#425=EDGE_LOOP('',(#2937,#2938,#2939,#2940,#2941,#2942,#2943,#2944));
#426=EDGE_LOOP('',(#2945,#2946,#2947,#2948,#2949,#2950,#2951,#2952));
#427=EDGE_LOOP('',(#2953,#2954,#2955,#2956));
#428=EDGE_LOOP('',(#2957,#2958,#2959,#2960));
#429=EDGE_LOOP('',(#2961,#2962,#2963,#2964,#2965,#2966,#2967,#2968,#2969,
#2970));
#430=EDGE_LOOP('',(#2971,#2972,#2973,#2974));
#431=EDGE_LOOP('',(#2975,#2976,#2977,#2978,#2979,#2980,#2981,#2982,#2983,
#2984,#2985,#2986,#2987,#2988,#2989,#2990));
#432=EDGE_LOOP('',(#2991,#2992,#2993,#2994,#2995,#2996,#2997,#2998,#2999,
#3000,#3001,#3002,#3003,#3004,#3005,#3006));
#433=EDGE_LOOP('',(#3007,#3008,#3009,#3010,#3011,#3012,#3013,#3014,#3015));
#434=EDGE_LOOP('',(#3016,#3017,#3018,#3019,#3020,#3021,#3022,#3023,#3024,
#3025,#3026,#3027,#3028,#3029,#3030,#3031,#3032,#3033,#3034,#3035,#3036,
#3037,#3038,#3039,#3040,#3041,#3042,#3043,#3044,#3045,#3046,#3047));
#435=EDGE_LOOP('',(#3048,#3049,#3050,#3051));
#436=EDGE_LOOP('',(#3052,#3053,#3054,#3055,#3056));
#437=EDGE_LOOP('',(#3057,#3058,#3059,#3060));
#438=EDGE_LOOP('',(#3061));
#439=EDGE_LOOP('',(#3062));
#440=EDGE_LOOP('',(#3063,#3064,#3065,#3066,#3067,#3068,#3069,#3070,#3071,
#3072,#3073,#3074,#3075,#3076,#3077,#3078,#3079,#3080,#3081,#3082,#3083,
#3084,#3085,#3086,#3087,#3088,#3089,#3090,#3091,#3092,#3093,#3094));
#441=EDGE_LOOP('',(#3095,#3096,#3097,#3098,#3099,#3100,#3101,#3102,#3103,
#3104,#3105,#3106,#3107,#3108,#3109,#3110,#3111,#3112,#3113,#3114,#3115,
#3116));
#442=EDGE_LOOP('',(#3117,#3118,#3119,#3120,#3121,#3122,#3123,#3124));
#443=EDGE_LOOP('',(#3125,#3126,#3127,#3128,#3129,#3130,#3131,#3132,#3133,
#3134,#3135,#3136,#3137,#3138,#3139,#3140,#3141,#3142,#3143,#3144,#3145,
#3146,#3147,#3148,#3149,#3150,#3151,#3152,#3153,#3154,#3155,#3156,#3157,
#3158,#3159,#3160));
#444=EDGE_LOOP('',(#3161,#3162,#3163,#3164));
#445=EDGE_LOOP('',(#3165,#3166,#3167,#3168));
#446=EDGE_LOOP('',(#3169,#3170,#3171,#3172,#3173));
#447=EDGE_LOOP('',(#3174,#3175,#3176,#3177));
#448=EDGE_LOOP('',(#3178,#3179,#3180,#3181));
#449=EDGE_LOOP('',(#3182,#3183,#3184,#3185));
#450=EDGE_LOOP('',(#3186,#3187,#3188,#3189));
#451=EDGE_LOOP('',(#3190,#3191,#3192,#3193,#3194));
#452=EDGE_LOOP('',(#3195,#3196,#3197,#3198));
#453=EDGE_LOOP('',(#3199,#3200,#3201,#3202));
#454=EDGE_LOOP('',(#3203,#3204,#3205,#3206,#3207,#3208,#3209,#3210,#3211));
#455=EDGE_LOOP('',(#3212,#3213,#3214,#3215));
#456=EDGE_LOOP('',(#3216,#3217,#3218,#3219,#3220,#3221,#3222,#3223,#3224,
#3225));
#457=EDGE_LOOP('',(#3226,#3227,#3228,#3229));
#458=EDGE_LOOP('',(#3230,#3231,#3232,#3233));
#459=EDGE_LOOP('',(#3234,#3235,#3236,#3237));
#460=EDGE_LOOP('',(#3238,#3239,#3240,#3241,#3242,#3243,#3244,#3245,#3246,
#3247));
#461=EDGE_LOOP('',(#3248,#3249,#3250,#3251));
#462=EDGE_LOOP('',(#3252,#3253,#3254,#3255));
#463=EDGE_LOOP('',(#3256,#3257,#3258,#3259));
#464=EDGE_LOOP('',(#3260,#3261,#3262,#3263));
#465=EDGE_LOOP('',(#3264,#3265,#3266,#3267));
#466=EDGE_LOOP('',(#3268));
#467=EDGE_LOOP('',(#3269));
#468=EDGE_LOOP('',(#3270));
#469=EDGE_LOOP('',(#3271));
#470=EDGE_LOOP('',(#3272));
#471=EDGE_LOOP('',(#3273,#3274,#3275,#3276));
#472=EDGE_LOOP('',(#3277,#3278,#3279,#3280));
#473=EDGE_LOOP('',(#3281,#3282,#3283,#3284));
#474=EDGE_LOOP('',(#3285,#3286,#3287,#3288));
#475=EDGE_LOOP('',(#3289,#3290,#3291,#3292));
#476=EDGE_LOOP('',(#3293,#3294,#3295,#3296,#3297,#3298,#3299,#3300,#3301,
#3302,#3303,#3304,#3305,#3306));
#477=EDGE_LOOP('',(#3307));
#478=EDGE_LOOP('',(#3308,#3309,#3310,#3311,#3312,#3313,#3314,#3315));
#479=EDGE_LOOP('',(#3316,#3317,#3318,#3319));
#480=EDGE_LOOP('',(#3320));
#481=EDGE_LOOP('',(#3321));
#482=EDGE_LOOP('',(#3322,#3323,#3324,#3325));
#483=EDGE_LOOP('',(#3326,#3327,#3328,#3329));
#484=EDGE_LOOP('',(#3330,#3331,#3332,#3333));
#485=EDGE_LOOP('',(#3334,#3335,#3336,#3337));
#486=EDGE_LOOP('',(#3338));
#487=EDGE_LOOP('',(#3339));
#488=EDGE_LOOP('',(#3340,#3341,#3342,#3343));
#489=EDGE_LOOP('',(#3344,#3345,#3346,#3347));
#490=EDGE_LOOP('',(#3348,#3349,#3350,#3351,#3352,#3353,#3354,#3355));
#491=EDGE_LOOP('',(#3356,#3357,#3358,#3359,#3360));
#492=EDGE_LOOP('',(#3361,#3362,#3363,#3364,#3365,#3366,#3367,#3368));
#493=EDGE_LOOP('',(#3369,#3370,#3371,#3372));
#494=EDGE_LOOP('',(#3373,#3374,#3375,#3376,#3377));
#495=EDGE_LOOP('',(#3378,#3379,#3380,#3381));
#496=EDGE_LOOP('',(#3382,#3383,#3384,#3385,#3386,#3387,#3388,#3389));
#497=EDGE_LOOP('',(#3390,#3391,#3392,#3393,#3394));
#498=EDGE_LOOP('',(#3395,#3396,#3397,#3398,#3399,#3400,#3401,#3402));
#499=EDGE_LOOP('',(#3403,#3404,#3405,#3406));
#500=EDGE_LOOP('',(#3407,#3408,#3409,#3410));
#501=EDGE_LOOP('',(#3411,#3412,#3413,#3414));
#502=EDGE_LOOP('',(#3415,#3416,#3417,#3418,#3419));
#503=EDGE_LOOP('',(#3420,#3421,#3422,#3423));
#504=EDGE_LOOP('',(#3424,#3425,#3426,#3427));
#505=EDGE_LOOP('',(#3428,#3429,#3430,#3431));
#506=EDGE_LOOP('',(#3432,#3433,#3434,#3435,#3436));
#507=EDGE_LOOP('',(#3437,#3438,#3439,#3440));
#508=EDGE_LOOP('',(#3441,#3442,#3443,#3444));
#509=EDGE_LOOP('',(#3445,#3446,#3447,#3448,#3449,#3450,#3451,#3452,#3453,
#3454));
#510=EDGE_LOOP('',(#3455,#3456,#3457,#3458));
#511=EDGE_LOOP('',(#3459,#3460,#3461,#3462));
#512=EDGE_LOOP('',(#3463,#3464,#3465,#3466));
#513=EDGE_LOOP('',(#3467,#3468,#3469,#3470,#3471,#3472,#3473,#3474,#3475,
#3476));
#514=EDGE_LOOP('',(#3477,#3478,#3479,#3480));
#515=EDGE_LOOP('',(#3481,#3482,#3483,#3484));
#516=EDGE_LOOP('',(#3485,#3486,#3487,#3488));
#517=EDGE_LOOP('',(#3489,#3490,#3491,#3492));
#518=EDGE_LOOP('',(#3493,#3494,#3495,#3496));
#519=EDGE_LOOP('',(#3497,#3498,#3499,#3500,#3501));
#520=EDGE_LOOP('',(#3502,#3503,#3504,#3505,#3506));
#521=EDGE_LOOP('',(#3507));
#522=EDGE_LOOP('',(#3508));
#523=EDGE_LOOP('',(#3509));
#524=EDGE_LOOP('',(#3510));
#525=EDGE_LOOP('',(#3511,#3512,#3513,#3514));
#526=EDGE_LOOP('',(#3515,#3516,#3517,#3518));
#527=EDGE_LOOP('',(#3519,#3520,#3521,#3522));
#528=EDGE_LOOP('',(#3523,#3524,#3525,#3526));
#529=EDGE_LOOP('',(#3527,#3528,#3529,#3530));
#530=EDGE_LOOP('',(#3531,#3532,#3533,#3534,#3535,#3536,#3537,#3538));
#531=EDGE_LOOP('',(#3539,#3540,#3541,#3542));
#532=EDGE_LOOP('',(#3543,#3544,#3545,#3546));
#533=EDGE_LOOP('',(#3547,#3548,#3549,#3550,#3551,#3552,#3553,#3554));
#534=EDGE_LOOP('',(#3555,#3556,#3557,#3558));
#535=EDGE_LOOP('',(#3559,#3560,#3561,#3562));
#536=EDGE_LOOP('',(#3563,#3564,#3565,#3566));
#537=EDGE_LOOP('',(#3567,#3568,#3569,#3570,#3571,#3572,#3573,#3574));
#538=EDGE_LOOP('',(#3575,#3576,#3577,#3578,#3579,#3580,#3581,#3582));
#539=EDGE_LOOP('',(#3583,#3584,#3585,#3586));
#540=EDGE_LOOP('',(#3587,#3588,#3589,#3590));
#541=EDGE_LOOP('',(#3591,#3592,#3593,#3594));
#542=EDGE_LOOP('',(#3595,#3596,#3597,#3598));
#543=EDGE_LOOP('',(#3599,#3600,#3601,#3602));
#544=EDGE_LOOP('',(#3603,#3604,#3605,#3606));
#545=EDGE_LOOP('',(#3607,#3608,#3609,#3610));
#546=EDGE_LOOP('',(#3611,#3612,#3613,#3614));
#547=EDGE_LOOP('',(#3615,#3616,#3617,#3618));
#548=EDGE_LOOP('',(#3619,#3620,#3621,#3622));
#549=EDGE_LOOP('',(#3623,#3624,#3625,#3626));
#550=EDGE_LOOP('',(#3627,#3628,#3629,#3630));
#551=EDGE_LOOP('',(#3631,#3632,#3633,#3634));
#552=EDGE_LOOP('',(#3635,#3636,#3637,#3638));
#553=EDGE_LOOP('',(#3639,#3640,#3641,#3642));
#554=EDGE_LOOP('',(#3643,#3644,#3645,#3646));
#555=EDGE_LOOP('',(#3647,#3648,#3649,#3650));
#556=EDGE_LOOP('',(#3651,#3652,#3653,#3654));
#557=EDGE_LOOP('',(#3655,#3656,#3657,#3658));
#558=EDGE_LOOP('',(#3659,#3660,#3661,#3662));
#559=EDGE_LOOP('',(#3663,#3664,#3665,#3666));
#560=EDGE_LOOP('',(#3667,#3668,#3669,#3670,#3671,#3672,#3673,#3674));
#561=EDGE_LOOP('',(#3675,#3676,#3677,#3678,#3679,#3680,#3681,#3682));
#562=EDGE_LOOP('',(#3683,#3684,#3685,#3686));
#563=EDGE_LOOP('',(#3687,#3688,#3689,#3690));
#564=EDGE_LOOP('',(#3691,#3692,#3693,#3694));
#565=EDGE_LOOP('',(#3695,#3696,#3697,#3698));
#566=EDGE_LOOP('',(#3699,#3700,#3701,#3702));
#567=EDGE_LOOP('',(#3703,#3704,#3705,#3706));
#568=EDGE_LOOP('',(#3707,#3708,#3709,#3710));
#569=EDGE_LOOP('',(#3711,#3712,#3713,#3714));
#570=EDGE_LOOP('',(#3715,#3716,#3717,#3718));
#571=EDGE_LOOP('',(#3719,#3720,#3721,#3722));
#572=EDGE_LOOP('',(#3723,#3724,#3725,#3726));
#573=EDGE_LOOP('',(#3727,#3728,#3729,#3730));
#574=EDGE_LOOP('',(#3731,#3732,#3733,#3734));
#575=EDGE_LOOP('',(#3735,#3736,#3737,#3738));
#576=EDGE_LOOP('',(#3739,#3740,#3741,#3742));
#577=EDGE_LOOP('',(#3743,#3744,#3745,#3746));
#578=EDGE_LOOP('',(#3747,#3748,#3749,#3750));
#579=EDGE_LOOP('',(#3751,#3752,#3753,#3754));
#580=EDGE_LOOP('',(#3755,#3756,#3757,#3758));
#581=EDGE_LOOP('',(#3759,#3760,#3761,#3762));
#582=EDGE_LOOP('',(#3763,#3764,#3765,#3766));
#583=EDGE_LOOP('',(#3767,#3768,#3769,#3770));
#584=EDGE_LOOP('',(#3771,#3772,#3773,#3774));
#585=EDGE_LOOP('',(#3775,#3776,#3777,#3778));
#586=EDGE_LOOP('',(#3779,#3780,#3781,#3782,#3783));
#587=EDGE_LOOP('',(#3784,#3785,#3786,#3787));
#588=EDGE_LOOP('',(#3788,#3789,#3790,#3791));
#589=EDGE_LOOP('',(#3792,#3793,#3794,#3795));
#590=EDGE_LOOP('',(#3796,#3797,#3798,#3799));
#591=EDGE_LOOP('',(#3800,#3801,#3802,#3803));
#592=EDGE_LOOP('',(#3804,#3805,#3806,#3807,#3808));
#593=EDGE_LOOP('',(#3809,#3810,#3811,#3812));
#594=EDGE_LOOP('',(#3813,#3814,#3815,#3816));
#595=EDGE_LOOP('',(#3817,#3818,#3819,#3820,#3821));
#596=EDGE_LOOP('',(#3822,#3823,#3824,#3825));
#597=EDGE_LOOP('',(#3826,#3827,#3828,#3829));
#598=EDGE_LOOP('',(#3830,#3831,#3832,#3833,#3834));
#599=EDGE_LOOP('',(#3835,#3836,#3837,#3838));
#600=EDGE_LOOP('',(#3839,#3840,#3841,#3842));
#601=EDGE_LOOP('',(#3843,#3844,#3845,#3846,#3847));
#602=EDGE_LOOP('',(#3848,#3849,#3850,#3851));
#603=EDGE_LOOP('',(#3852,#3853,#3854,#3855));
#604=EDGE_LOOP('',(#3856,#3857,#3858,#3859));
#605=EDGE_LOOP('',(#3860,#3861,#3862,#3863));
#606=EDGE_LOOP('',(#3864,#3865,#3866,#3867));
#607=EDGE_LOOP('',(#3868,#3869,#3870,#3871,#3872));
#608=EDGE_LOOP('',(#3873,#3874,#3875,#3876));
#609=EDGE_LOOP('',(#3877,#3878,#3879,#3880));
#610=EDGE_LOOP('',(#3881,#3882,#3883,#3884));
#611=EDGE_LOOP('',(#3885,#3886,#3887,#3888));
#612=EDGE_LOOP('',(#3889,#3890,#3891,#3892));
#613=EDGE_LOOP('',(#3893,#3894,#3895,#3896,#3897));
#614=EDGE_LOOP('',(#3898,#3899,#3900,#3901));
#615=EDGE_LOOP('',(#3902,#3903,#3904,#3905,#3906));
#616=LINE('',#5660,#1073);
#617=LINE('',#5663,#1074);
#618=LINE('',#5666,#1075);
#619=LINE('',#5668,#1076);
#620=LINE('',#5670,#1077);
#621=LINE('',#5672,#1078);
#622=LINE('',#5674,#1079);
#623=LINE('',#5676,#1080);
#624=LINE('',#5678,#1081);
#625=LINE('',#5680,#1082);
#626=LINE('',#5682,#1083);
#627=LINE('',#5684,#1084);
#628=LINE('',#5685,#1085);
#629=LINE('',#5688,#1086);
#630=LINE('',#5690,#1087);
#631=LINE('',#5692,#1088);
#632=LINE('',#5703,#1089);
#633=LINE('',#5706,#1090);
#634=LINE('',#5709,#1091);
#635=LINE('',#5711,#1092);
#636=LINE('',#5713,#1093);
#637=LINE('',#5715,#1094);
#638=LINE('',#5717,#1095);
#639=LINE('',#5719,#1096);
#640=LINE('',#5721,#1097);
#641=LINE('',#5723,#1098);
#642=LINE('',#5725,#1099);
#643=LINE('',#5727,#1100);
#644=LINE('',#5728,#1101);
#645=LINE('',#5731,#1102);
#646=LINE('',#5733,#1103);
#647=LINE('',#5735,#1104);
#648=LINE('',#5739,#1105);
#649=LINE('',#5742,#1106);
#650=LINE('',#5745,#1107);
#651=LINE('',#5749,#1108);
#652=LINE('',#5753,#1109);
#653=LINE('',#5755,#1110);
#654=LINE('',#5756,#1111);
#655=LINE('',#5761,#1112);
#656=LINE('',#5763,#1113);
#657=LINE('',#5764,#1114);
#658=LINE('',#5771,#1115);
#659=LINE('',#5773,#1116);
#660=LINE('',#5775,#1117);
#661=LINE('',#5777,#1118);
#662=LINE('',#5779,#1119);
#663=LINE('',#5781,#1120);
#664=LINE('',#5785,#1121);
#665=LINE('',#5787,#1122);
#666=LINE('',#5789,#1123);
#667=LINE('',#5791,#1124);
#668=LINE('',#5793,#1125);
#669=LINE('',#5794,#1126);
#670=LINE('',#5798,#1127);
#671=LINE('',#5804,#1128);
#672=LINE('',#5808,#1129);
#673=LINE('',#5812,#1130);
#674=LINE('',#5815,#1131);
#675=LINE('',#5818,#1132);
#676=LINE('',#5822,#1133);
#677=LINE('',#5826,#1134);
#678=LINE('',#5830,#1135);
#679=LINE('',#5834,#1136);
#680=LINE('',#5838,#1137);
#681=LINE('',#5842,#1138);
#682=LINE('',#5846,#1139);
#683=LINE('',#5850,#1140);
#684=LINE('',#5854,#1141);
#685=LINE('',#5858,#1142);
#686=LINE('',#5862,#1143);
#687=LINE('',#5866,#1144);
#688=LINE('',#5870,#1145);
#689=LINE('',#5874,#1146);
#690=LINE('',#5878,#1147);
#691=LINE('',#5882,#1148);
#692=LINE('',#5886,#1149);
#693=LINE('',#5891,#1150);
#694=LINE('',#5892,#1151);
#695=LINE('',#5893,#1152);
#696=LINE('',#5910,#1153);
#697=LINE('',#5943,#1154);
#698=LINE('',#5967,#1155);
#699=LINE('',#5986,#1156);
#700=LINE('',#6002,#1157);
#701=LINE('',#6006,#1158);
#702=LINE('',#6010,#1159);
#703=LINE('',#6014,#1160);
#704=LINE('',#6018,#1161);
#705=LINE('',#6024,#1162);
#706=LINE('',#6028,#1163);
#707=LINE('',#6032,#1164);
#708=LINE('',#6035,#1165);
#709=LINE('',#6039,#1166);
#710=LINE('',#6043,#1167);
#711=LINE('',#6047,#1168);
#712=LINE('',#6050,#1169);
#713=LINE('',#6054,#1170);
#714=LINE('',#6058,#1171);
#715=LINE('',#6062,#1172);
#716=LINE('',#6066,#1173);
#717=LINE('',#6070,#1174);
#718=LINE('',#6076,#1175);
#719=LINE('',#6080,#1176);
#720=LINE('',#6084,#1177);
#721=LINE('',#6087,#1178);
#722=LINE('',#6089,#1179);
#723=LINE('',#6095,#1180);
#724=LINE('',#6099,#1181);
#725=LINE('',#6103,#1182);
#726=LINE('',#6107,#1183);
#727=LINE('',#6111,#1184);
#728=LINE('',#6115,#1185);
#729=LINE('',#6119,#1186);
#730=LINE('',#6123,#1187);
#731=LINE('',#6127,#1188);
#732=LINE('',#6131,#1189);
#733=LINE('',#6135,#1190);
#734=LINE('',#6139,#1191);
#735=LINE('',#6143,#1192);
#736=LINE('',#6146,#1193);
#737=LINE('',#6148,#1194);
#738=LINE('',#6180,#1195);
#739=LINE('',#6236,#1196);
#740=LINE('',#6299,#1197);
#741=LINE('',#6338,#1198);
#742=LINE('',#6344,#1199);
#743=LINE('',#6345,#1200);
#744=LINE('',#6346,#1201);
#745=LINE('',#6347,#1202);
#746=LINE('',#6352,#1203);
#747=LINE('',#6355,#1204);
#748=LINE('',#6357,#1205);
#749=LINE('',#6359,#1206);
#750=LINE('',#6361,#1207);
#751=LINE('',#6363,#1208);
#752=LINE('',#6365,#1209);
#753=LINE('',#6367,#1210);
#754=LINE('',#6368,#1211);
#755=LINE('',#6369,#1212);
#756=LINE('',#6370,#1213);
#757=LINE('',#6371,#1214);
#758=LINE('',#6373,#1215);
#759=LINE('',#6374,#1216);
#760=LINE('',#6375,#1217);
#761=LINE('',#6376,#1218);
#762=LINE('',#6378,#1219);
#763=LINE('',#6380,#1220);
#764=LINE('',#6382,#1221);
#765=LINE('',#6384,#1222);
#766=LINE('',#6386,#1223);
#767=LINE('',#6388,#1224);
#768=LINE('',#6389,#1225);
#769=LINE('',#6391,#1226);
#770=LINE('',#6392,#1227);
#771=LINE('',#6396,#1228);
#772=LINE('',#6398,#1229);
#773=LINE('',#6399,#1230);
#774=LINE('',#6403,#1231);
#775=LINE('',#6404,#1232);
#776=LINE('',#6406,#1233);
#777=LINE('',#6408,#1234);
#778=LINE('',#6410,#1235);
#779=LINE('',#6412,#1236);
#780=LINE('',#6414,#1237);
#781=LINE('',#6416,#1238);
#782=LINE('',#6418,#1239);
#783=LINE('',#6419,#1240);
#784=LINE('',#6421,#1241);
#785=LINE('',#6423,#1242);
#786=LINE('',#6425,#1243);
#787=LINE('',#6427,#1244);
#788=LINE('',#6428,#1245);
#789=LINE('',#6430,#1246);
#790=LINE('',#6432,#1247);
#791=LINE('',#6433,#1248);
#792=LINE('',#6435,#1249);
#793=LINE('',#6437,#1250);
#794=LINE('',#6439,#1251);
#795=LINE('',#6441,#1252);
#796=LINE('',#6443,#1253);
#797=LINE('',#6445,#1254);
#798=LINE('',#6446,#1255);
#799=LINE('',#6447,#1256);
#800=LINE('',#6450,#1257);
#801=LINE('',#6452,#1258);
#802=LINE('',#6453,#1259);
#803=LINE('',#6455,#1260);
#804=LINE('',#6456,#1261);
#805=LINE('',#6460,#1262);
#806=LINE('',#6464,#1263);
#807=LINE('',#6466,#1264);
#808=LINE('',#6467,#1265);
#809=LINE('',#6469,#1266);
#810=LINE('',#6471,#1267);
#811=LINE('',#6473,#1268);
#812=LINE('',#6475,#1269);
#813=LINE('',#6477,#1270);
#814=LINE('',#6479,#1271);
#815=LINE('',#6480,#1272);
#816=LINE('',#6482,#1273);
#817=LINE('',#6484,#1274);
#818=LINE('',#6485,#1275);
#819=LINE('',#6487,#1276);
#820=LINE('',#6489,#1277);
#821=LINE('',#6491,#1278);
#822=LINE('',#6493,#1279);
#823=LINE('',#6494,#1280);
#824=LINE('',#6496,#1281);
#825=LINE('',#6498,#1282);
#826=LINE('',#6500,#1283);
#827=LINE('',#6502,#1284);
#828=LINE('',#6504,#1285);
#829=LINE('',#6506,#1286);
#830=LINE('',#6508,#1287);
#831=LINE('',#6509,#1288);
#832=LINE('',#6511,#1289);
#833=LINE('',#6515,#1290);
#834=LINE('',#6518,#1291);
#835=LINE('',#6519,#1292);
#836=LINE('',#6521,#1293);
#837=LINE('',#6523,#1294);
#838=LINE('',#6525,#1295);
#839=LINE('',#6526,#1296);
#840=LINE('',#6528,#1297);
#841=LINE('',#6530,#1298);
#842=LINE('',#6532,#1299);
#843=LINE('',#6533,#1300);
#844=LINE('',#6538,#1301);
#845=LINE('',#6542,#1302);
#846=LINE('',#6545,#1303);
#847=LINE('',#6546,#1304);
#848=LINE('',#6549,#1305);
#849=LINE('',#6553,#1306);
#850=LINE('',#6557,#1307);
#851=LINE('',#6561,#1308);
#852=LINE('',#6565,#1309);
#853=LINE('',#6569,#1310);
#854=LINE('',#6573,#1311);
#855=LINE('',#6577,#1312);
#856=LINE('',#6581,#1313);
#857=LINE('',#6586,#1314);
#858=LINE('',#6590,#1315);
#859=LINE('',#6594,#1316);
#860=LINE('',#6598,#1317);
#861=LINE('',#6602,#1318);
#862=LINE('',#6606,#1319);
#863=LINE('',#6610,#1320);
#864=LINE('',#6614,#1321);
#865=LINE('',#6618,#1322);
#866=LINE('',#6619,#1323);
#867=LINE('',#6622,#1324);
#868=LINE('',#6623,#1325);
#869=LINE('',#6626,#1326);
#870=LINE('',#6628,#1327);
#871=LINE('',#6629,#1328);
#872=LINE('',#6632,#1329);
#873=LINE('',#6633,#1330);
#874=LINE('',#6635,#1331);
#875=LINE('',#6638,#1332);
#876=LINE('',#6639,#1333);
#877=LINE('',#6642,#1334);
#878=LINE('',#6643,#1335);
#879=LINE('',#6646,#1336);
#880=LINE('',#6648,#1337);
#881=LINE('',#6649,#1338);
#882=LINE('',#6652,#1339);
#883=LINE('',#6653,#1340);
#884=LINE('',#6655,#1341);
#885=LINE('',#6657,#1342);
#886=LINE('',#6658,#1343);
#887=LINE('',#6660,#1344);
#888=LINE('',#6663,#1345);
#889=LINE('',#6664,#1346);
#890=LINE('',#6668,#1347);
#891=LINE('',#6672,#1348);
#892=LINE('',#6673,#1349);
#893=LINE('',#6675,#1350);
#894=LINE('',#6677,#1351);
#895=LINE('',#6679,#1352);
#896=LINE('',#6683,#1353);
#897=LINE('',#6684,#1354);
#898=LINE('',#6687,#1355);
#899=LINE('',#6688,#1356);
#900=LINE('',#6691,#1357);
#901=LINE('',#6692,#1358);
#902=LINE('',#6696,#1359);
#903=LINE('',#6700,#1360);
#904=LINE('',#6704,#1361);
#905=LINE('',#6705,#1362);
#906=LINE('',#6707,#1363);
#907=LINE('',#6708,#1364);
#908=LINE('',#6710,#1365);
#909=LINE('',#6714,#1366);
#910=LINE('',#6715,#1367);
#911=LINE('',#6716,#1368);
#912=LINE('',#6718,#1369);
#913=LINE('',#6720,#1370);
#914=LINE('',#6722,#1371);
#915=LINE('',#6726,#1372);
#916=LINE('',#6727,#1373);
#917=LINE('',#6729,#1374);
#918=LINE('',#6732,#1375);
#919=LINE('',#6733,#1376);
#920=LINE('',#6735,#1377);
#921=LINE('',#6737,#1378);
#922=LINE('',#6738,#1379);
#923=LINE('',#6739,#1380);
#924=LINE('',#6741,#1381);
#925=LINE('',#6743,#1382);
#926=LINE('',#6745,#1383);
#927=LINE('',#6747,#1384);
#928=LINE('',#6749,#1385);
#929=LINE('',#6752,#1386);
#930=LINE('',#6753,#1387);
#931=LINE('',#6755,#1388);
#932=LINE('',#6756,#1389);
#933=LINE('',#6759,#1390);
#934=LINE('',#6761,#1391);
#935=LINE('',#6763,#1392);
#936=LINE('',#6765,#1393);
#937=LINE('',#6766,#1394);
#938=LINE('',#6767,#1395);
#939=LINE('',#6770,#1396);
#940=LINE('',#6772,#1397);
#941=LINE('',#6774,#1398);
#942=LINE('',#6775,#1399);
#943=LINE('',#6779,#1400);
#944=LINE('',#6780,#1401);
#945=LINE('',#6781,#1402);
#946=LINE('',#6783,#1403);
#947=LINE('',#6785,#1404);
#948=LINE('',#6786,#1405);
#949=LINE('',#6788,#1406);
#950=LINE('',#6789,#1407);
#951=LINE('',#6791,#1408);
#952=LINE('',#6792,#1409);
#953=LINE('',#6794,#1410);
#954=LINE('',#6795,#1411);
#955=LINE('',#6797,#1412);
#956=LINE('',#6798,#1413);
#957=LINE('',#6799,#1414);
#958=LINE('',#6800,#1415);
#959=LINE('',#6802,#1416);
#960=LINE('',#6804,#1417);
#961=LINE('',#6805,#1418);
#962=LINE('',#6807,#1419);
#963=LINE('',#6809,#1420);
#964=LINE('',#6811,#1421);
#965=LINE('',#6813,#1422);
#966=LINE('',#6815,#1423);
#967=LINE('',#6816,#1424);
#968=LINE('',#6818,#1425);
#969=LINE('',#6819,#1426);
#970=LINE('',#6822,#1427);
#971=LINE('',#6823,#1428);
#972=LINE('',#6826,#1429);
#973=LINE('',#6827,#1430);
#974=LINE('',#6830,#1431);
#975=LINE('',#6832,#1432);
#976=LINE('',#6833,#1433);
#977=LINE('',#6836,#1434);
#978=LINE('',#6837,#1435);
#979=LINE('',#6839,#1436);
#980=LINE('',#6842,#1437);
#981=LINE('',#6843,#1438);
#982=LINE('',#6846,#1439);
#983=LINE('',#6848,#1440);
#984=LINE('',#6849,#1441);
#985=LINE('',#6851,#1442);
#986=LINE('',#6854,#1443);
#987=LINE('',#6855,#1444);
#988=LINE('',#6859,#1445);
#989=LINE('',#6861,#1446);
#990=LINE('',#6863,#1447);
#991=LINE('',#6864,#1448);
#992=LINE('',#6868,#1449);
#993=LINE('',#6869,#1450);
#994=LINE('',#6872,#1451);
#995=LINE('',#6873,#1452);
#996=LINE('',#6876,#1453);
#997=LINE('',#6877,#1454);
#998=LINE('',#6881,#1455);
#999=LINE('',#6885,#1456);
#1000=LINE('',#6887,#1457);
#1001=LINE('',#6889,#1458);
#1002=LINE('',#6890,#1459);
#1003=LINE('',#6892,#1460);
#1004=LINE('',#6895,#1461);
#1005=LINE('',#6896,#1462);
#1006=LINE('',#6898,#1463);
#1007=LINE('',#6901,#1464);
#1008=LINE('',#6902,#1465);
#1009=LINE('',#6904,#1466);
#1010=LINE('',#6907,#1467);
#1011=LINE('',#6908,#1468);
#1012=LINE('',#6909,#1469);
#1013=LINE('',#6911,#1470);
#1014=LINE('',#6913,#1471);
#1015=LINE('',#6914,#1472);
#1016=LINE('',#6918,#1473);
#1017=LINE('',#6921,#1474);
#1018=LINE('',#6924,#1475);
#1019=LINE('',#6925,#1476);
#1020=LINE('',#6930,#1477);
#1021=LINE('',#6933,#1478);
#1022=LINE('',#6938,#1479);
#1023=LINE('',#6942,#1480);
#1024=LINE('',#6944,#1481);
#1025=LINE('',#6945,#1482);
#1026=LINE('',#6951,#1483);
#1027=LINE('',#6956,#1484);
#1028=LINE('',#6960,#1485);
#1029=LINE('',#6962,#1486);
#1030=LINE('',#6966,#1487);
#1031=LINE('',#6967,#1488);
#1032=LINE('',#6969,#1489);
#1033=LINE('',#6970,#1490);
#1034=LINE('',#6972,#1491);
#1035=LINE('',#6973,#1492);
#1036=LINE('',#6975,#1493);
#1037=LINE('',#6976,#1494);
#1038=LINE('',#6978,#1495);
#1039=LINE('',#6979,#1496);
#1040=LINE('',#6981,#1497);
#1041=LINE('',#6982,#1498);
#1042=LINE('',#6984,#1499);
#1043=LINE('',#6985,#1500);
#1044=LINE('',#6987,#1501);
#1045=LINE('',#6988,#1502);
#1046=LINE('',#6990,#1503);
#1047=LINE('',#6991,#1504);
#1048=LINE('',#6993,#1505);
#1049=LINE('',#6994,#1506);
#1050=LINE('',#7024,#1507);
#1051=LINE('',#7026,#1508);
#1052=LINE('',#7029,#1509);
#1053=LINE('',#7031,#1510);
#1054=LINE('',#7034,#1511);
#1055=LINE('',#7036,#1512);
#1056=LINE('',#7039,#1513);
#1057=LINE('',#7041,#1514);
#1058=LINE('',#7044,#1515);
#1059=LINE('',#7046,#1516);
#1060=LINE('',#7049,#1517);
#1061=LINE('',#7051,#1518);
#1062=LINE('',#7054,#1519);
#1063=LINE('',#7056,#1520);
#1064=LINE('',#7059,#1521);
#1065=LINE('',#7061,#1522);
#1066=LINE('',#7064,#1523);
#1067=LINE('',#7066,#1524);
#1068=LINE('',#7069,#1525);
#1069=LINE('',#7071,#1526);
#1070=LINE('',#7074,#1527);
#1071=LINE('',#7076,#1528);
#1072=LINE('',#7079,#1529);
#1073=VECTOR('',#4519,10.);
#1074=VECTOR('',#4522,10.);
#1075=VECTOR('',#4525,1000.);
#1076=VECTOR('',#4526,1000.);
#1077=VECTOR('',#4527,10.);
#1078=VECTOR('',#4528,1000.);
#1079=VECTOR('',#4529,1000.);
#1080=VECTOR('',#4530,1000.);
#1081=VECTOR('',#4531,10.);
#1082=VECTOR('',#4532,1000.);
#1083=VECTOR('',#4533,1000.);
#1084=VECTOR('',#4534,1000.);
#1085=VECTOR('',#4535,1000.);
#1086=VECTOR('',#4538,10.);
#1087=VECTOR('',#4539,1000.);
#1088=VECTOR('',#4540,1000.);
#1089=VECTOR('',#4551,10.);
#1090=VECTOR('',#4554,10.);
#1091=VECTOR('',#4557,1000.);
#1092=VECTOR('',#4558,1000.);
#1093=VECTOR('',#4559,1000.);
#1094=VECTOR('',#4560,1000.);
#1095=VECTOR('',#4561,1000.);
#1096=VECTOR('',#4562,1000.);
#1097=VECTOR('',#4563,1000.);
#1098=VECTOR('',#4564,1000.);
#1099=VECTOR('',#4565,1000.);
#1100=VECTOR('',#4566,1000.);
#1101=VECTOR('',#4567,1000.);
#1102=VECTOR('',#4570,1000.);
#1103=VECTOR('',#4571,1000.);
#1104=VECTOR('',#4572,1000.);
#1105=VECTOR('',#4575,1000.);
#1106=VECTOR('',#4578,1000.);
#1107=VECTOR('',#4581,1000.);
#1108=VECTOR('',#4584,1000.);
#1109=VECTOR('',#4587,1000.);
#1110=VECTOR('',#4588,1000.);
#1111=VECTOR('',#4589,1000.);
#1112=VECTOR('',#4594,1000.);
#1113=VECTOR('',#4595,1000.);
#1114=VECTOR('',#4596,10.);
#1115=VECTOR('',#4603,1000.);
#1116=VECTOR('',#4604,1000.);
#1117=VECTOR('',#4605,1000.);
#1118=VECTOR('',#4606,1000.);
#1119=VECTOR('',#4607,1000.);
#1120=VECTOR('',#4608,1000.);
#1121=VECTOR('',#4611,1000.);
#1122=VECTOR('',#4612,1000.);
#1123=VECTOR('',#4613,1000.);
#1124=VECTOR('',#4614,1000.);
#1125=VECTOR('',#4615,1000.);
#1126=VECTOR('',#4616,1000.);
#1127=VECTOR('',#4619,1000.);
#1128=VECTOR('',#4624,1000.);
#1129=VECTOR('',#4627,1000.);
#1130=VECTOR('',#4630,1000.);
#1131=VECTOR('',#4633,1000.);
#1132=VECTOR('',#4634,1000.);
#1133=VECTOR('',#4637,1000.);
#1134=VECTOR('',#4640,1000.);
#1135=VECTOR('',#4643,1000.);
#1136=VECTOR('',#4646,1000.);
#1137=VECTOR('',#4649,1000.);
#1138=VECTOR('',#4652,1000.);
#1139=VECTOR('',#4655,1000.);
#1140=VECTOR('',#4658,1000.);
#1141=VECTOR('',#4661,1000.);
#1142=VECTOR('',#4664,1000.);
#1143=VECTOR('',#4667,1000.);
#1144=VECTOR('',#4670,1000.);
#1145=VECTOR('',#4673,1000.);
#1146=VECTOR('',#4676,1000.);
#1147=VECTOR('',#4679,1000.);
#1148=VECTOR('',#4682,1000.);
#1149=VECTOR('',#4685,1000.);
#1150=VECTOR('',#4690,1000.);
#1151=VECTOR('',#4691,1000.);
#1152=VECTOR('',#4692,1000.);
#1153=VECTOR('',#4697,1.75);
#1154=VECTOR('',#4704,1.75);
#1155=VECTOR('',#4713,1.75);
#1156=VECTOR('',#4722,1.75);
#1157=VECTOR('',#4729,2.75);
#1158=VECTOR('',#4732,1000.);
#1159=VECTOR('',#4735,1000.);
#1160=VECTOR('',#4738,1000.);
#1161=VECTOR('',#4741,1000.);
#1162=VECTOR('',#4748,2.75);
#1163=VECTOR('',#4751,1000.);
#1164=VECTOR('',#4754,1000.);
#1165=VECTOR('',#4757,1000.);
#1166=VECTOR('',#4762,2.75);
#1167=VECTOR('',#4765,1000.);
#1168=VECTOR('',#4768,1000.);
#1169=VECTOR('',#4771,1000.);
#1170=VECTOR('',#4776,2.75);
#1171=VECTOR('',#4779,1000.);
#1172=VECTOR('',#4782,1000.);
#1173=VECTOR('',#4785,1000.);
#1174=VECTOR('',#4788,1000.);
#1175=VECTOR('',#4795,2.75);
#1176=VECTOR('',#4798,1000.);
#1177=VECTOR('',#4801,1000.);
#1178=VECTOR('',#4804,1000.);
#1179=VECTOR('',#4805,1000.);
#1180=VECTOR('',#4812,2.75);
#1181=VECTOR('',#4815,1000.);
#1182=VECTOR('',#4818,1000.);
#1183=VECTOR('',#4821,1000.);
#1184=VECTOR('',#4824,1000.);
#1185=VECTOR('',#4829,2.75);
#1186=VECTOR('',#4832,1000.);
#1187=VECTOR('',#4835,1000.);
#1188=VECTOR('',#4838,1000.);
#1189=VECTOR('',#4841,1000.);
#1190=VECTOR('',#4846,2.75);
#1191=VECTOR('',#4849,1000.);
#1192=VECTOR('',#4852,1000.);
#1193=VECTOR('',#4855,1000.);
#1194=VECTOR('',#4856,1000.);
#1195=VECTOR('',#4865,2.75);
#1196=VECTOR('',#4876,2.75);
#1197=VECTOR('',#4883,5.);
#1198=VECTOR('',#4888,5.);
#1199=VECTOR('',#4895,1000.);
#1200=VECTOR('',#4896,1000.);
#1201=VECTOR('',#4897,1000.);
#1202=VECTOR('',#4898,1000.);
#1203=VECTOR('',#4903,12.1);
#1204=VECTOR('',#4908,1000.);
#1205=VECTOR('',#4909,1000.);
#1206=VECTOR('',#4910,1000.);
#1207=VECTOR('',#4911,1000.);
#1208=VECTOR('',#4912,1000.);
#1209=VECTOR('',#4913,1000.);
#1210=VECTOR('',#4914,1000.);
#1211=VECTOR('',#4915,1000.);
#1212=VECTOR('',#4916,1000.);
#1213=VECTOR('',#4917,1000.);
#1214=VECTOR('',#4918,1000.);
#1215=VECTOR('',#4921,1000.);
#1216=VECTOR('',#4922,1000.);
#1217=VECTOR('',#4923,1000.);
#1218=VECTOR('',#4924,1000.);
#1219=VECTOR('',#4925,1000.);
#1220=VECTOR('',#4926,1000.);
#1221=VECTOR('',#4927,1000.);
#1222=VECTOR('',#4928,1000.);
#1223=VECTOR('',#4929,1000.);
#1224=VECTOR('',#4930,1000.);
#1225=VECTOR('',#4931,1000.);
#1226=VECTOR('',#4934,1000.);
#1227=VECTOR('',#4935,1000.);
#1228=VECTOR('',#4938,1000.);
#1229=VECTOR('',#4939,1000.);
#1230=VECTOR('',#4940,1000.);
#1231=VECTOR('',#4943,1000.);
#1232=VECTOR('',#4944,1000.);
#1233=VECTOR('',#4945,1000.);
#1234=VECTOR('',#4946,1000.);
#1235=VECTOR('',#4947,1000.);
#1236=VECTOR('',#4948,1000.);
#1237=VECTOR('',#4949,1000.);
#1238=VECTOR('',#4950,1000.);
#1239=VECTOR('',#4951,1000.);
#1240=VECTOR('',#4952,1000.);
#1241=VECTOR('',#4953,1000.);
#1242=VECTOR('',#4954,1000.);
#1243=VECTOR('',#4955,1000.);
#1244=VECTOR('',#4956,1000.);
#1245=VECTOR('',#4957,1000.);
#1246=VECTOR('',#4958,1000.);
#1247=VECTOR('',#4959,1000.);
#1248=VECTOR('',#4960,1000.);
#1249=VECTOR('',#4961,1000.);
#1250=VECTOR('',#4962,1000.);
#1251=VECTOR('',#4963,1000.);
#1252=VECTOR('',#4964,1000.);
#1253=VECTOR('',#4965,1000.);
#1254=VECTOR('',#4966,1000.);
#1255=VECTOR('',#4967,1000.);
#1256=VECTOR('',#4968,1000.);
#1257=VECTOR('',#4971,1000.);
#1258=VECTOR('',#4972,1000.);
#1259=VECTOR('',#4973,1000.);
#1260=VECTOR('',#4976,1000.);
#1261=VECTOR('',#4977,1000.);
#1262=VECTOR('',#4982,1000.);
#1263=VECTOR('',#4985,1000.);
#1264=VECTOR('',#4986,1000.);
#1265=VECTOR('',#4987,1000.);
#1266=VECTOR('',#4988,1000.);
#1267=VECTOR('',#4989,1000.);
#1268=VECTOR('',#4990,1000.);
#1269=VECTOR('',#4991,1000.);
#1270=VECTOR('',#4992,1000.);
#1271=VECTOR('',#4993,1000.);
#1272=VECTOR('',#4994,1000.);
#1273=VECTOR('',#4995,1000.);
#1274=VECTOR('',#4996,1000.);
#1275=VECTOR('',#4997,1000.);
#1276=VECTOR('',#4998,1000.);
#1277=VECTOR('',#4999,1000.);
#1278=VECTOR('',#5000,1000.);
#1279=VECTOR('',#5001,1000.);
#1280=VECTOR('',#5002,1000.);
#1281=VECTOR('',#5003,1000.);
#1282=VECTOR('',#5004,1000.);
#1283=VECTOR('',#5005,1000.);
#1284=VECTOR('',#5006,1000.);
#1285=VECTOR('',#5007,1000.);
#1286=VECTOR('',#5008,1000.);
#1287=VECTOR('',#5009,1000.);
#1288=VECTOR('',#5010,1000.);
#1289=VECTOR('',#5013,1000.);
#1290=VECTOR('',#5016,1000.);
#1291=VECTOR('',#5019,1000.);
#1292=VECTOR('',#5020,1000.);
#1293=VECTOR('',#5021,1000.);
#1294=VECTOR('',#5022,1000.);
#1295=VECTOR('',#5023,1000.);
#1296=VECTOR('',#5024,1000.);
#1297=VECTOR('',#5025,1000.);
#1298=VECTOR('',#5026,1000.);
#1299=VECTOR('',#5027,1000.);
#1300=VECTOR('',#5028,1000.);
#1301=VECTOR('',#5031,1000.);
#1302=VECTOR('',#5034,1000.);
#1303=VECTOR('',#5037,1000.);
#1304=VECTOR('',#5038,1000.);
#1305=VECTOR('',#5039,1000.);
#1306=VECTOR('',#5042,1000.);
#1307=VECTOR('',#5045,1000.);
#1308=VECTOR('',#5048,1000.);
#1309=VECTOR('',#5051,1000.);
#1310=VECTOR('',#5054,1000.);
#1311=VECTOR('',#5057,1000.);
#1312=VECTOR('',#5060,1000.);
#1313=VECTOR('',#5063,1000.);
#1314=VECTOR('',#5068,1000.);
#1315=VECTOR('',#5071,1000.);
#1316=VECTOR('',#5074,1000.);
#1317=VECTOR('',#5077,1000.);
#1318=VECTOR('',#5080,1000.);
#1319=VECTOR('',#5083,1000.);
#1320=VECTOR('',#5086,1000.);
#1321=VECTOR('',#5089,1000.);
#1322=VECTOR('',#5094,1000.);
#1323=VECTOR('',#5095,1000.);
#1324=VECTOR('',#5098,1000.);
#1325=VECTOR('',#5099,1000.);
#1326=VECTOR('',#5102,1000.);
#1327=VECTOR('',#5103,1000.);
#1328=VECTOR('',#5104,1000.);
#1329=VECTOR('',#5107,1000.);
#1330=VECTOR('',#5108,1000.);
#1331=VECTOR('',#5111,1000.);
#1332=VECTOR('',#5114,1000.);
#1333=VECTOR('',#5115,1000.);
#1334=VECTOR('',#5118,1000.);
#1335=VECTOR('',#5119,1000.);
#1336=VECTOR('',#5122,1000.);
#1337=VECTOR('',#5123,1000.);
#1338=VECTOR('',#5124,1000.);
#1339=VECTOR('',#5127,1000.);
#1340=VECTOR('',#5128,1000.);
#1341=VECTOR('',#5131,1000.);
#1342=VECTOR('',#5134,1000.);
#1343=VECTOR('',#5135,1000.);
#1344=VECTOR('',#5138,1000.);
#1345=VECTOR('',#5141,1000.);
#1346=VECTOR('',#5142,1000.);
#1347=VECTOR('',#5145,1000.);
#1348=VECTOR('',#5148,1000.);
#1349=VECTOR('',#5149,1000.);
#1350=VECTOR('',#5150,1000.);
#1351=VECTOR('',#5151,1000.);
#1352=VECTOR('',#5152,1000.);
#1353=VECTOR('',#5157,1000.);
#1354=VECTOR('',#5158,1000.);
#1355=VECTOR('',#5161,1000.);
#1356=VECTOR('',#5162,1000.);
#1357=VECTOR('',#5165,1000.);
#1358=VECTOR('',#5166,1000.);
#1359=VECTOR('',#5169,1000.);
#1360=VECTOR('',#5172,1000.);
#1361=VECTOR('',#5175,1000.);
#1362=VECTOR('',#5176,1000.);
#1363=VECTOR('',#5177,1000.);
#1364=VECTOR('',#5178,1000.);
#1365=VECTOR('',#5181,1000.);
#1366=VECTOR('',#5184,1000.);
#1367=VECTOR('',#5185,1000.);
#1368=VECTOR('',#5186,1000.);
#1369=VECTOR('',#5189,1000.);
#1370=VECTOR('',#5192,1000.);
#1371=VECTOR('',#5195,1000.);
#1372=VECTOR('',#5200,1000.);
#1373=VECTOR('',#5201,1000.);
#1374=VECTOR('',#5204,1000.);
#1375=VECTOR('',#5207,1000.);
#1376=VECTOR('',#5208,1000.);
#1377=VECTOR('',#5211,1000.);
#1378=VECTOR('',#5214,1000.);
#1379=VECTOR('',#5215,1000.);
#1380=VECTOR('',#5216,1000.);
#1381=VECTOR('',#5219,1000.);
#1382=VECTOR('',#5222,1000.);
#1383=VECTOR('',#5225,1000.);
#1384=VECTOR('',#5228,1000.);
#1385=VECTOR('',#5231,1000.);
#1386=VECTOR('',#5236,1000.);
#1387=VECTOR('',#5237,1000.);
#1388=VECTOR('',#5240,1000.);
#1389=VECTOR('',#5241,1000.);
#1390=VECTOR('',#5244,1000.);
#1391=VECTOR('',#5245,1000.);
#1392=VECTOR('',#5246,1000.);
#1393=VECTOR('',#5247,1000.);
#1394=VECTOR('',#5248,1000.);
#1395=VECTOR('',#5249,1000.);
#1396=VECTOR('',#5252,1000.);
#1397=VECTOR('',#5253,1000.);
#1398=VECTOR('',#5254,1000.);
#1399=VECTOR('',#5255,1000.);
#1400=VECTOR('',#5258,1000.);
#1401=VECTOR('',#5259,1000.);
#1402=VECTOR('',#5260,1000.);
#1403=VECTOR('',#5261,1000.);
#1404=VECTOR('',#5262,1000.);
#1405=VECTOR('',#5263,1000.);
#1406=VECTOR('',#5266,1000.);
#1407=VECTOR('',#5267,1000.);
#1408=VECTOR('',#5270,1000.);
#1409=VECTOR('',#5271,1000.);
#1410=VECTOR('',#5274,1000.);
#1411=VECTOR('',#5275,1000.);
#1412=VECTOR('',#5278,1000.);
#1413=VECTOR('',#5279,1000.);
#1414=VECTOR('',#5280,1000.);
#1415=VECTOR('',#5281,1000.);
#1416=VECTOR('',#5284,1000.);
#1417=VECTOR('',#5285,1000.);
#1418=VECTOR('',#5286,1000.);
#1419=VECTOR('',#5289,1000.);
#1420=VECTOR('',#5290,1000.);
#1421=VECTOR('',#5291,1000.);
#1422=VECTOR('',#5292,1000.);
#1423=VECTOR('',#5293,1000.);
#1424=VECTOR('',#5294,1000.);
#1425=VECTOR('',#5297,1000.);
#1426=VECTOR('',#5298,1000.);
#1427=VECTOR('',#5301,1000.);
#1428=VECTOR('',#5302,1000.);
#1429=VECTOR('',#5305,1000.);
#1430=VECTOR('',#5306,1000.);
#1431=VECTOR('',#5309,1000.);
#1432=VECTOR('',#5310,1000.);
#1433=VECTOR('',#5311,1000.);
#1434=VECTOR('',#5314,1000.);
#1435=VECTOR('',#5315,1000.);
#1436=VECTOR('',#5318,1000.);
#1437=VECTOR('',#5321,1000.);
#1438=VECTOR('',#5322,1000.);
#1439=VECTOR('',#5325,1000.);
#1440=VECTOR('',#5326,1000.);
#1441=VECTOR('',#5327,1000.);
#1442=VECTOR('',#5330,1000.);
#1443=VECTOR('',#5333,1000.);
#1444=VECTOR('',#5334,1000.);
#1445=VECTOR('',#5337,1000.);
#1446=VECTOR('',#5340,1000.);
#1447=VECTOR('',#5341,1000.);
#1448=VECTOR('',#5342,1000.);
#1449=VECTOR('',#5347,1000.);
#1450=VECTOR('',#5348,1000.);
#1451=VECTOR('',#5351,1000.);
#1452=VECTOR('',#5352,1000.);
#1453=VECTOR('',#5355,1000.);
#1454=VECTOR('',#5356,1000.);
#1455=VECTOR('',#5359,1000.);
#1456=VECTOR('',#5362,1000.);
#1457=VECTOR('',#5365,1000.);
#1458=VECTOR('',#5366,1000.);
#1459=VECTOR('',#5367,1000.);
#1460=VECTOR('',#5370,1000.);
#1461=VECTOR('',#5373,1000.);
#1462=VECTOR('',#5374,1000.);
#1463=VECTOR('',#5377,1000.);
#1464=VECTOR('',#5380,1000.);
#1465=VECTOR('',#5381,1000.);
#1466=VECTOR('',#5384,1000.);
#1467=VECTOR('',#5387,1000.);
#1468=VECTOR('',#5388,1000.);
#1469=VECTOR('',#5389,1000.);
#1470=VECTOR('',#5392,1000.);
#1471=VECTOR('',#5393,1000.);
#1472=VECTOR('',#5394,1000.);
#1473=VECTOR('',#5401,1000.);
#1474=VECTOR('',#5406,1000.);
#1475=VECTOR('',#5411,1000.);
#1476=VECTOR('',#5412,1000.);
#1477=VECTOR('',#5417,1000.);
#1478=VECTOR('',#5422,1000.);
#1479=VECTOR('',#5427,1000.);
#1480=VECTOR('',#5434,1000.);
#1481=VECTOR('',#5437,1000.);
#1482=VECTOR('',#5438,1000.);
#1483=VECTOR('',#5445,1000.);
#1484=VECTOR('',#5450,1000.);
#1485=VECTOR('',#5457,1000.);
#1486=VECTOR('',#5460,1000.);
#1487=VECTOR('',#5467,1000.);
#1488=VECTOR('',#5468,1000.);
#1489=VECTOR('',#5471,1000.);
#1490=VECTOR('',#5472,1000.);
#1491=VECTOR('',#5475,1000.);
#1492=VECTOR('',#5476,1000.);
#1493=VECTOR('',#5479,1000.);
#1494=VECTOR('',#5480,1000.);
#1495=VECTOR('',#5483,1000.);
#1496=VECTOR('',#5484,1000.);
#1497=VECTOR('',#5487,1000.);
#1498=VECTOR('',#5488,1000.);
#1499=VECTOR('',#5491,1000.);
#1500=VECTOR('',#5492,1000.);
#1501=VECTOR('',#5495,1000.);
#1502=VECTOR('',#5496,1000.);
#1503=VECTOR('',#5499,1000.);
#1504=VECTOR('',#5500,1000.);
#1505=VECTOR('',#5503,1000.);
#1506=VECTOR('',#5504,1000.);
#1507=VECTOR('',#5563,1000.);
#1508=VECTOR('',#5566,1000.);
#1509=VECTOR('',#5571,1000.);
#1510=VECTOR('',#5574,1000.);
#1511=VECTOR('',#5579,1000.);
#1512=VECTOR('',#5582,1000.);
#1513=VECTOR('',#5587,1000.);
#1514=VECTOR('',#5590,1000.);
#1515=VECTOR('',#5595,1000.);
#1516=VECTOR('',#5598,1000.);
#1517=VECTOR('',#5603,1000.);
#1518=VECTOR('',#5606,1000.);
#1519=VECTOR('',#5611,1000.);
#1520=VECTOR('',#5614,1000.);
#1521=VECTOR('',#5619,1000.);
#1522=VECTOR('',#5622,1000.);
#1523=VECTOR('',#5627,1000.);
#1524=VECTOR('',#5630,1000.);
#1525=VECTOR('',#5635,1000.);
#1526=VECTOR('',#5638,1000.);
#1527=VECTOR('',#5643,1000.);
#1528=VECTOR('',#5646,1000.);
#1529=VECTOR('',#5651,1000.);
#1530=CIRCLE('',#4173,4.);
#1531=CIRCLE('',#4174,4.);
#1532=CIRCLE('',#4177,3.);
#1533=CIRCLE('',#4178,2.75000000000001);
#1534=CIRCLE('',#4179,2.75);
#1535=CIRCLE('',#4181,4.);
#1536=CIRCLE('',#4182,4.);
#1537=CIRCLE('',#4185,2.75);
#1538=CIRCLE('',#4186,2.75);
#1539=CIRCLE('',#4188,2.75);
#1540=CIRCLE('',#4189,2.75);
#1541=CIRCLE('',#4191,3.);
#1542=CIRCLE('',#4192,2.75);
#1543=CIRCLE('',#4193,2.75000000000001);
#1544=CIRCLE('',#4195,39.5009518295745);
#1545=CIRCLE('',#4196,6.0000646362429);
#1546=CIRCLE('',#4197,6.00006463624288);
#1547=CIRCLE('',#4198,6.);
#1548=CIRCLE('',#4199,6.);
#1549=CIRCLE('',#4200,6.);
#1550=CIRCLE('',#4201,6.);
#1551=CIRCLE('',#4202,1.);
#1552=CIRCLE('',#4203,1.);
#1553=CIRCLE('',#4204,1.);
#1554=CIRCLE('',#4205,1.);
#1555=CIRCLE('',#4206,1.);
#1556=CIRCLE('',#4207,1.);
#1557=CIRCLE('',#4208,1.);
#1558=CIRCLE('',#4209,1.);
#1559=CIRCLE('',#4210,1.);
#1560=CIRCLE('',#4211,1.);
#1561=CIRCLE('',#4212,1.);
#1562=CIRCLE('',#4213,1.);
#1563=CIRCLE('',#4214,1.);
#1564=CIRCLE('',#4215,1.);
#1565=CIRCLE('',#4216,1.);
#1566=CIRCLE('',#4217,0.999999999999999);
#1567=CIRCLE('',#4218,0.999999999999999);
#1568=CIRCLE('',#4219,1.);
#1569=CIRCLE('',#4222,1.75);
#1570=CIRCLE('',#4223,1.75);
#1571=CIRCLE('',#4225,1.75);
#1572=CIRCLE('',#4226,1.75);
#1573=CIRCLE('',#4227,1.75);
#1574=CIRCLE('',#4229,1.75);
#1575=CIRCLE('',#4230,1.75);
#1576=CIRCLE('',#4231,1.75);
#1577=CIRCLE('',#4233,1.75);
#1578=CIRCLE('',#4234,1.75);
#1579=CIRCLE('',#4236,2.75);
#1580=CIRCLE('',#4237,2.75);
#1581=CIRCLE('',#4238,2.75);
#1582=CIRCLE('',#4239,2.75);
#1583=CIRCLE('',#4240,2.75);
#1584=CIRCLE('',#4241,2.75);
#1585=CIRCLE('',#4243,2.75);
#1586=CIRCLE('',#4244,2.75);
#1587=CIRCLE('',#4245,2.75);
#1588=CIRCLE('',#4246,2.75);
#1589=CIRCLE('',#4247,2.75);
#1590=CIRCLE('',#4249,2.75);
#1591=CIRCLE('',#4250,2.75);
#1592=CIRCLE('',#4251,2.75);
#1593=CIRCLE('',#4252,2.75);
#1594=CIRCLE('',#4254,2.75);
#1595=CIRCLE('',#4255,2.75);
#1596=CIRCLE('',#4256,2.75000000000001);
#1597=CIRCLE('',#4257,2.75);
#1598=CIRCLE('',#4258,2.75);
#1599=CIRCLE('',#4260,2.75);
#1600=CIRCLE('',#4261,2.75);
#1601=CIRCLE('',#4262,2.75);
#1602=CIRCLE('',#4263,2.75);
#1603=CIRCLE('',#4264,2.75);
#1604=CIRCLE('',#4266,2.75);
#1605=CIRCLE('',#4267,2.75);
#1606=CIRCLE('',#4268,2.75);
#1607=CIRCLE('',#4269,2.75);
#1608=CIRCLE('',#4270,2.75);
#1609=CIRCLE('',#4271,2.75);
#1610=CIRCLE('',#4273,2.75000000000001);
#1611=CIRCLE('',#4274,2.75);
#1612=CIRCLE('',#4275,2.75);
#1613=CIRCLE('',#4276,2.75);
#1614=CIRCLE('',#4277,2.75000000000001);
#1615=CIRCLE('',#4279,2.75);
#1616=CIRCLE('',#4280,2.75);
#1617=CIRCLE('',#4281,2.75);
#1618=CIRCLE('',#4282,2.75);
#1619=CIRCLE('',#4284,2.75);
#1620=CIRCLE('',#4285,2.75);
#1621=CIRCLE('',#4286,2.75);
#1622=CIRCLE('',#4287,2.75);
#1623=CIRCLE('',#4289,2.75);
#1624=CIRCLE('',#4290,2.75);
#1625=CIRCLE('',#4291,2.75);
#1626=CIRCLE('',#4292,2.75);
#1627=CIRCLE('',#4294,5.);
#1628=CIRCLE('',#4296,5.);
#1629=CIRCLE('',#4298,6.);
#1630=CIRCLE('',#4300,12.1);
#1631=CIRCLE('',#4301,12.1);
#1632=CIRCLE('',#4305,3.);
#1633=CIRCLE('',#4310,39.5009518295745);
#1634=CIRCLE('',#4313,6.00006463624288);
#1635=CIRCLE('',#4314,6.0000646362429);
#1636=CIRCLE('',#4315,6.);
#1637=CIRCLE('',#4316,6.);
#1638=CIRCLE('',#4317,6.);
#1639=CIRCLE('',#4318,1.);
#1640=CIRCLE('',#4319,1.);
#1641=CIRCLE('',#4320,0.999999999999999);
#1642=CIRCLE('',#4321,0.999999999999999);
#1643=CIRCLE('',#4322,1.);
#1644=CIRCLE('',#4323,1.);
#1645=CIRCLE('',#4324,1.);
#1646=CIRCLE('',#4325,1.);
#1647=CIRCLE('',#4326,1.);
#1648=CIRCLE('',#4327,1.);
#1649=CIRCLE('',#4328,1.);
#1650=CIRCLE('',#4329,1.);
#1651=CIRCLE('',#4330,1.);
#1652=CIRCLE('',#4331,1.);
#1653=CIRCLE('',#4332,1.);
#1654=CIRCLE('',#4333,1.);
#1655=CIRCLE('',#4334,1.);
#1656=CIRCLE('',#4335,1.);
#1657=CIRCLE('',#4347,3.);
#1658=CIRCLE('',#4350,1.);
#1659=CIRCLE('',#4351,1.);
#1660=CIRCLE('',#4356,1.);
#1661=CIRCLE('',#4357,1.);
#1662=CIRCLE('',#4397,1.);
#1663=CIRCLE('',#4398,1.);
#1664=CIRCLE('',#4403,1.);
#1665=CIRCLE('',#4404,1.);
#1666=VERTEX_POINT('',#5656);
#1667=VERTEX_POINT('',#5657);
#1668=VERTEX_POINT('',#5659);
#1669=VERTEX_POINT('',#5661);
#1670=VERTEX_POINT('',#5665);
#1671=VERTEX_POINT('',#5667);
#1672=VERTEX_POINT('',#5669);
#1673=VERTEX_POINT('',#5671);
#1674=VERTEX_POINT('',#5673);
#1675=VERTEX_POINT('',#5675);
#1676=VERTEX_POINT('',#5677);
#1677=VERTEX_POINT('',#5679);
#1678=VERTEX_POINT('',#5681);
#1679=VERTEX_POINT('',#5683);
#1680=VERTEX_POINT('',#5687);
#1681=VERTEX_POINT('',#5689);
#1682=VERTEX_POINT('',#5691);
#1683=VERTEX_POINT('',#5694);
#1684=VERTEX_POINT('',#5696);
#1685=VERTEX_POINT('',#5699);
#1686=VERTEX_POINT('',#5700);
#1687=VERTEX_POINT('',#5702);
#1688=VERTEX_POINT('',#5704);
#1689=VERTEX_POINT('',#5708);
#1690=VERTEX_POINT('',#5710);
#1691=VERTEX_POINT('',#5712);
#1692=VERTEX_POINT('',#5714);
#1693=VERTEX_POINT('',#5716);
#1694=VERTEX_POINT('',#5718);
#1695=VERTEX_POINT('',#5720);
#1696=VERTEX_POINT('',#5722);
#1697=VERTEX_POINT('',#5724);
#1698=VERTEX_POINT('',#5726);
#1699=VERTEX_POINT('',#5730);
#1700=VERTEX_POINT('',#5732);
#1701=VERTEX_POINT('',#5734);
#1702=VERTEX_POINT('',#5736);
#1703=VERTEX_POINT('',#5738);
#1704=VERTEX_POINT('',#5740);
#1705=VERTEX_POINT('',#5744);
#1706=VERTEX_POINT('',#5746);
#1707=VERTEX_POINT('',#5748);
#1708=VERTEX_POINT('',#5750);
#1709=VERTEX_POINT('',#5752);
#1710=VERTEX_POINT('',#5754);
#1711=VERTEX_POINT('',#5758);
#1712=VERTEX_POINT('',#5760);
#1713=VERTEX_POINT('',#5762);
#1714=VERTEX_POINT('',#5765);
#1715=VERTEX_POINT('',#5767);
#1716=VERTEX_POINT('',#5770);
#1717=VERTEX_POINT('',#5772);
#1718=VERTEX_POINT('',#5774);
#1719=VERTEX_POINT('',#5776);
#1720=VERTEX_POINT('',#5778);
#1721=VERTEX_POINT('',#5780);
#1722=VERTEX_POINT('',#5782);
#1723=VERTEX_POINT('',#5784);
#1724=VERTEX_POINT('',#5786);
#1725=VERTEX_POINT('',#5788);
#1726=VERTEX_POINT('',#5790);
#1727=VERTEX_POINT('',#5792);
#1728=VERTEX_POINT('',#5795);
#1729=VERTEX_POINT('',#5797);
#1730=VERTEX_POINT('',#5800);
#1731=VERTEX_POINT('',#5801);
#1732=VERTEX_POINT('',#5803);
#1733=VERTEX_POINT('',#5805);
#1734=VERTEX_POINT('',#5807);
#1735=VERTEX_POINT('',#5809);
#1736=VERTEX_POINT('',#5811);
#1737=VERTEX_POINT('',#5813);
#1738=VERTEX_POINT('',#5816);
#1739=VERTEX_POINT('',#5817);
#1740=VERTEX_POINT('',#5819);
#1741=VERTEX_POINT('',#5821);
#1742=VERTEX_POINT('',#5823);
#1743=VERTEX_POINT('',#5825);
#1744=VERTEX_POINT('',#5827);
#1745=VERTEX_POINT('',#5829);
#1746=VERTEX_POINT('',#5831);
#1747=VERTEX_POINT('',#5833);
#1748=VERTEX_POINT('',#5835);
#1749=VERTEX_POINT('',#5837);
#1750=VERTEX_POINT('',#5839);
#1751=VERTEX_POINT('',#5841);
#1752=VERTEX_POINT('',#5843);
#1753=VERTEX_POINT('',#5845);
#1754=VERTEX_POINT('',#5847);
#1755=VERTEX_POINT('',#5849);
#1756=VERTEX_POINT('',#5851);
#1757=VERTEX_POINT('',#5853);
#1758=VERTEX_POINT('',#5855);
#1759=VERTEX_POINT('',#5857);
#1760=VERTEX_POINT('',#5859);
#1761=VERTEX_POINT('',#5861);
#1762=VERTEX_POINT('',#5863);
#1763=VERTEX_POINT('',#5865);
#1764=VERTEX_POINT('',#5867);
#1765=VERTEX_POINT('',#5869);
#1766=VERTEX_POINT('',#5871);
#1767=VERTEX_POINT('',#5873);
#1768=VERTEX_POINT('',#5875);
#1769=VERTEX_POINT('',#5877);
#1770=VERTEX_POINT('',#5879);
#1771=VERTEX_POINT('',#5881);
#1772=VERTEX_POINT('',#5883);
#1773=VERTEX_POINT('',#5885);
#1774=VERTEX_POINT('',#5889);
#1775=VERTEX_POINT('',#5890);
#1776=VERTEX_POINT('',#5895);
#1777=VERTEX_POINT('',#5896);
#1778=VERTEX_POINT('',#5898);
#1779=VERTEX_POINT('',#5909);
#1780=VERTEX_POINT('',#5923);
#1781=VERTEX_POINT('',#5924);
#1782=VERTEX_POINT('',#5940);
#1783=VERTEX_POINT('',#5942);
#1784=VERTEX_POINT('',#5947);
#1785=VERTEX_POINT('',#5948);
#1786=VERTEX_POINT('',#5964);
#1787=VERTEX_POINT('',#5966);
#1788=VERTEX_POINT('',#5971);
#1789=VERTEX_POINT('',#5972);
#1790=VERTEX_POINT('',#5974);
#1791=VERTEX_POINT('',#5985);
#1792=VERTEX_POINT('',#5999);
#1793=VERTEX_POINT('',#6001);
#1794=VERTEX_POINT('',#6003);
#1795=VERTEX_POINT('',#6005);
#1796=VERTEX_POINT('',#6007);
#1797=VERTEX_POINT('',#6009);
#1798=VERTEX_POINT('',#6011);
#1799=VERTEX_POINT('',#6013);
#1800=VERTEX_POINT('',#6015);
#1801=VERTEX_POINT('',#6017);
#1802=VERTEX_POINT('',#6021);
#1803=VERTEX_POINT('',#6023);
#1804=VERTEX_POINT('',#6025);
#1805=VERTEX_POINT('',#6027);
#1806=VERTEX_POINT('',#6029);
#1807=VERTEX_POINT('',#6031);
#1808=VERTEX_POINT('',#6034);
#1809=VERTEX_POINT('',#6038);
#1810=VERTEX_POINT('',#6040);
#1811=VERTEX_POINT('',#6042);
#1812=VERTEX_POINT('',#6044);
#1813=VERTEX_POINT('',#6046);
#1814=VERTEX_POINT('',#6048);
#1815=VERTEX_POINT('',#6053);
#1816=VERTEX_POINT('',#6055);
#1817=VERTEX_POINT('',#6057);
#1818=VERTEX_POINT('',#6059);
#1819=VERTEX_POINT('',#6061);
#1820=VERTEX_POINT('',#6063);
#1821=VERTEX_POINT('',#6065);
#1822=VERTEX_POINT('',#6067);
#1823=VERTEX_POINT('',#6069);
#1824=VERTEX_POINT('',#6073);
#1825=VERTEX_POINT('',#6075);
#1826=VERTEX_POINT('',#6077);
#1827=VERTEX_POINT('',#6079);
#1828=VERTEX_POINT('',#6081);
#1829=VERTEX_POINT('',#6083);
#1830=VERTEX_POINT('',#6085);
#1831=VERTEX_POINT('',#6088);
#1832=VERTEX_POINT('',#6092);
#1833=VERTEX_POINT('',#6094);
#1834=VERTEX_POINT('',#6096);
#1835=VERTEX_POINT('',#6098);
#1836=VERTEX_POINT('',#6100);
#1837=VERTEX_POINT('',#6102);
#1838=VERTEX_POINT('',#6104);
#1839=VERTEX_POINT('',#6106);
#1840=VERTEX_POINT('',#6108);
#1841=VERTEX_POINT('',#6110);
#1842=VERTEX_POINT('',#6114);
#1843=VERTEX_POINT('',#6116);
#1844=VERTEX_POINT('',#6118);
#1845=VERTEX_POINT('',#6120);
#1846=VERTEX_POINT('',#6122);
#1847=VERTEX_POINT('',#6124);
#1848=VERTEX_POINT('',#6126);
#1849=VERTEX_POINT('',#6128);
#1850=VERTEX_POINT('',#6130);
#1851=VERTEX_POINT('',#6134);
#1852=VERTEX_POINT('',#6136);
#1853=VERTEX_POINT('',#6138);
#1854=VERTEX_POINT('',#6140);
#1855=VERTEX_POINT('',#6142);
#1856=VERTEX_POINT('',#6144);
#1857=VERTEX_POINT('',#6147);
#1858=VERTEX_POINT('',#6151);
#1859=VERTEX_POINT('',#6152);
#1860=VERTEX_POINT('',#6154);
#1861=VERTEX_POINT('',#6177);
#1862=VERTEX_POINT('',#6179);
#1863=VERTEX_POINT('',#6182);
#1864=VERTEX_POINT('',#6207);
#1865=VERTEX_POINT('',#6208);
#1866=VERTEX_POINT('',#6210);
#1867=VERTEX_POINT('',#6233);
#1868=VERTEX_POINT('',#6235);
#1869=VERTEX_POINT('',#6238);
#1870=VERTEX_POINT('',#6263);
#1871=VERTEX_POINT('',#6298);
#1872=VERTEX_POINT('',#6302);
#1873=VERTEX_POINT('',#6337);
#1874=VERTEX_POINT('',#6341);
#1875=VERTEX_POINT('',#6342);
#1876=VERTEX_POINT('',#6349);
#1877=VERTEX_POINT('',#6351);
#1878=VERTEX_POINT('',#6356);
#1879=VERTEX_POINT('',#6358);
#1880=VERTEX_POINT('',#6360);
#1881=VERTEX_POINT('',#6362);
#1882=VERTEX_POINT('',#6364);
#1883=VERTEX_POINT('',#6366);
#1884=VERTEX_POINT('',#6377);
#1885=VERTEX_POINT('',#6379);
#1886=VERTEX_POINT('',#6381);
#1887=VERTEX_POINT('',#6383);
#1888=VERTEX_POINT('',#6385);
#1889=VERTEX_POINT('',#6387);
#1890=VERTEX_POINT('',#6393);
#1891=VERTEX_POINT('',#6395);
#1892=VERTEX_POINT('',#6397);
#1893=VERTEX_POINT('',#6401);
#1894=VERTEX_POINT('',#6402);
#1895=VERTEX_POINT('',#6405);
#1896=VERTEX_POINT('',#6407);
#1897=VERTEX_POINT('',#6409);
#1898=VERTEX_POINT('',#6411);
#1899=VERTEX_POINT('',#6413);
#1900=VERTEX_POINT('',#6415);
#1901=VERTEX_POINT('',#6417);
#1902=VERTEX_POINT('',#6420);
#1903=VERTEX_POINT('',#6422);
#1904=VERTEX_POINT('',#6424);
#1905=VERTEX_POINT('',#6426);
#1906=VERTEX_POINT('',#6429);
#1907=VERTEX_POINT('',#6431);
#1908=VERTEX_POINT('',#6434);
#1909=VERTEX_POINT('',#6436);
#1910=VERTEX_POINT('',#6438);
#1911=VERTEX_POINT('',#6440);
#1912=VERTEX_POINT('',#6442);
#1913=VERTEX_POINT('',#6444);
#1914=VERTEX_POINT('',#6449);
#1915=VERTEX_POINT('',#6451);
#1916=VERTEX_POINT('',#6458);
#1917=VERTEX_POINT('',#6462);
#1918=VERTEX_POINT('',#6463);
#1919=VERTEX_POINT('',#6465);
#1920=VERTEX_POINT('',#6468);
#1921=VERTEX_POINT('',#6470);
#1922=VERTEX_POINT('',#6472);
#1923=VERTEX_POINT('',#6474);
#1924=VERTEX_POINT('',#6476);
#1925=VERTEX_POINT('',#6478);
#1926=VERTEX_POINT('',#6481);
#1927=VERTEX_POINT('',#6483);
#1928=VERTEX_POINT('',#6486);
#1929=VERTEX_POINT('',#6488);
#1930=VERTEX_POINT('',#6490);
#1931=VERTEX_POINT('',#6492);
#1932=VERTEX_POINT('',#6495);
#1933=VERTEX_POINT('',#6497);
#1934=VERTEX_POINT('',#6499);
#1935=VERTEX_POINT('',#6501);
#1936=VERTEX_POINT('',#6503);
#1937=VERTEX_POINT('',#6505);
#1938=VERTEX_POINT('',#6507);
#1939=VERTEX_POINT('',#6512);
#1940=VERTEX_POINT('',#6514);
#1941=VERTEX_POINT('',#6517);
#1942=VERTEX_POINT('',#6520);
#1943=VERTEX_POINT('',#6522);
#1944=VERTEX_POINT('',#6524);
#1945=VERTEX_POINT('',#6527);
#1946=VERTEX_POINT('',#6529);
#1947=VERTEX_POINT('',#6531);
#1948=VERTEX_POINT('',#6534);
#1949=VERTEX_POINT('',#6535);
#1950=VERTEX_POINT('',#6537);
#1951=VERTEX_POINT('',#6539);
#1952=VERTEX_POINT('',#6541);
#1953=VERTEX_POINT('',#6543);
#1954=VERTEX_POINT('',#6547);
#1955=VERTEX_POINT('',#6548);
#1956=VERTEX_POINT('',#6550);
#1957=VERTEX_POINT('',#6552);
#1958=VERTEX_POINT('',#6554);
#1959=VERTEX_POINT('',#6556);
#1960=VERTEX_POINT('',#6558);
#1961=VERTEX_POINT('',#6560);
#1962=VERTEX_POINT('',#6562);
#1963=VERTEX_POINT('',#6564);
#1964=VERTEX_POINT('',#6566);
#1965=VERTEX_POINT('',#6568);
#1966=VERTEX_POINT('',#6570);
#1967=VERTEX_POINT('',#6572);
#1968=VERTEX_POINT('',#6574);
#1969=VERTEX_POINT('',#6576);
#1970=VERTEX_POINT('',#6578);
#1971=VERTEX_POINT('',#6580);
#1972=VERTEX_POINT('',#6583);
#1973=VERTEX_POINT('',#6585);
#1974=VERTEX_POINT('',#6587);
#1975=VERTEX_POINT('',#6589);
#1976=VERTEX_POINT('',#6591);
#1977=VERTEX_POINT('',#6593);
#1978=VERTEX_POINT('',#6595);
#1979=VERTEX_POINT('',#6597);
#1980=VERTEX_POINT('',#6599);
#1981=VERTEX_POINT('',#6601);
#1982=VERTEX_POINT('',#6603);
#1983=VERTEX_POINT('',#6605);
#1984=VERTEX_POINT('',#6607);
#1985=VERTEX_POINT('',#6609);
#1986=VERTEX_POINT('',#6611);
#1987=VERTEX_POINT('',#6613);
#1988=VERTEX_POINT('',#6617);
#1989=VERTEX_POINT('',#6621);
#1990=VERTEX_POINT('',#6625);
#1991=VERTEX_POINT('',#6627);
#1992=VERTEX_POINT('',#6631);
#1993=VERTEX_POINT('',#6637);
#1994=VERTEX_POINT('',#6641);
#1995=VERTEX_POINT('',#6645);
#1996=VERTEX_POINT('',#6647);
#1997=VERTEX_POINT('',#6651);
#1998=VERTEX_POINT('',#6662);
#1999=VERTEX_POINT('',#6666);
#2000=VERTEX_POINT('',#6667);
#2001=VERTEX_POINT('',#6669);
#2002=VERTEX_POINT('',#6671);
#2003=VERTEX_POINT('',#6674);
#2004=VERTEX_POINT('',#6676);
#2005=VERTEX_POINT('',#6678);
#2006=VERTEX_POINT('',#6682);
#2007=VERTEX_POINT('',#6686);
#2008=VERTEX_POINT('',#6690);
#2009=VERTEX_POINT('',#6694);
#2010=VERTEX_POINT('',#6695);
#2011=VERTEX_POINT('',#6697);
#2012=VERTEX_POINT('',#6699);
#2013=VERTEX_POINT('',#6701);
#2014=VERTEX_POINT('',#6703);
#2015=VERTEX_POINT('',#6706);
#2016=VERTEX_POINT('',#6712);
#2017=VERTEX_POINT('',#6713);
#2018=VERTEX_POINT('',#6725);
#2019=VERTEX_POINT('',#6731);
#2020=VERTEX_POINT('',#6758);
#2021=VERTEX_POINT('',#6760);
#2022=VERTEX_POINT('',#6762);
#2023=VERTEX_POINT('',#6764);
#2024=VERTEX_POINT('',#6769);
#2025=VERTEX_POINT('',#6771);
#2026=VERTEX_POINT('',#6773);
#2027=VERTEX_POINT('',#6777);
#2028=VERTEX_POINT('',#6778);
#2029=VERTEX_POINT('',#6782);
#2030=VERTEX_POINT('',#6784);
#2031=VERTEX_POINT('',#6803);
#2032=VERTEX_POINT('',#6808);
#2033=VERTEX_POINT('',#6810);
#2034=VERTEX_POINT('',#6812);
#2035=VERTEX_POINT('',#6814);
#2036=VERTEX_POINT('',#6821);
#2037=VERTEX_POINT('',#6825);
#2038=VERTEX_POINT('',#6829);
#2039=VERTEX_POINT('',#6831);
#2040=VERTEX_POINT('',#6835);
#2041=VERTEX_POINT('',#6841);
#2042=VERTEX_POINT('',#6845);
#2043=VERTEX_POINT('',#6847);
#2044=VERTEX_POINT('',#6853);
#2045=VERTEX_POINT('',#6857);
#2046=VERTEX_POINT('',#6858);
#2047=VERTEX_POINT('',#6862);
#2048=VERTEX_POINT('',#6867);
#2049=VERTEX_POINT('',#6871);
#2050=VERTEX_POINT('',#6875);
#2051=VERTEX_POINT('',#6879);
#2052=VERTEX_POINT('',#6880);
#2053=VERTEX_POINT('',#6882);
#2054=VERTEX_POINT('',#6884);
#2055=VERTEX_POINT('',#6888);
#2056=VERTEX_POINT('',#6894);
#2057=VERTEX_POINT('',#6900);
#2058=VERTEX_POINT('',#6906);
#2059=VERTEX_POINT('',#6912);
#2060=VERTEX_POINT('',#6927);
#2061=VERTEX_POINT('',#6929);
#2062=VERTEX_POINT('',#6936);
#2063=VERTEX_POINT('',#6937);
#2064=VERTEX_POINT('',#6948);
#2065=VERTEX_POINT('',#6950);
#2066=VERTEX_POINT('',#6954);
#2067=VERTEX_POINT('',#6955);
#2068=EDGE_CURVE('',#1666,#1667,#1530,.T.);
#2069=EDGE_CURVE('',#1667,#1668,#616,.T.);
#2070=EDGE_CURVE('',#1668,#1669,#1531,.T.);
#2071=EDGE_CURVE('',#1669,#1666,#617,.T.);
#2072=EDGE_CURVE('',#1669,#1670,#618,.T.);
#2073=EDGE_CURVE('',#1670,#1671,#619,.T.);
#2074=EDGE_CURVE('',#1671,#1672,#620,.T.);
#2075=EDGE_CURVE('',#1673,#1672,#621,.T.);
#2076=EDGE_CURVE('',#1674,#1673,#622,.T.);
#2077=EDGE_CURVE('',#1674,#1675,#623,.T.);
#2078=EDGE_CURVE('',#1675,#1676,#624,.T.);
#2079=EDGE_CURVE('',#1677,#1676,#625,.T.);
#2080=EDGE_CURVE('',#1678,#1677,#626,.T.);
#2081=EDGE_CURVE('',#1678,#1679,#627,.T.);
#2082=EDGE_CURVE('',#1666,#1679,#628,.T.);
#2083=EDGE_CURVE('',#1668,#1680,#629,.T.);
#2084=EDGE_CURVE('',#1680,#1681,#630,.T.);
#2085=EDGE_CURVE('',#1681,#1682,#631,.T.);
#2086=EDGE_CURVE('',#1682,#1670,#1532,.T.);
#2087=EDGE_CURVE('',#1683,#1683,#1533,.T.);
#2088=EDGE_CURVE('',#1684,#1684,#1534,.T.);
#2089=EDGE_CURVE('',#1685,#1686,#1535,.T.);
#2090=EDGE_CURVE('',#1686,#1687,#632,.T.);
#2091=EDGE_CURVE('',#1687,#1688,#1536,.T.);
#2092=EDGE_CURVE('',#1688,#1685,#633,.T.);
#2093=EDGE_CURVE('',#1689,#1688,#634,.T.);
#2094=EDGE_CURVE('',#1690,#1689,#635,.T.);
#2095=EDGE_CURVE('',#1690,#1691,#636,.T.);
#2096=EDGE_CURVE('',#1691,#1692,#637,.T.);
#2097=EDGE_CURVE('',#1693,#1692,#638,.T.);
#2098=EDGE_CURVE('',#1694,#1693,#639,.T.);
#2099=EDGE_CURVE('',#1694,#1695,#640,.T.);
#2100=EDGE_CURVE('',#1695,#1696,#641,.T.);
#2101=EDGE_CURVE('',#1697,#1696,#642,.T.);
#2102=EDGE_CURVE('',#1697,#1698,#643,.T.);
#2103=EDGE_CURVE('',#1685,#1698,#644,.T.);
#2104=EDGE_CURVE('',#1699,#1687,#645,.T.);
#2105=EDGE_CURVE('',#1700,#1699,#646,.T.);
#2106=EDGE_CURVE('',#1700,#1701,#647,.T.);
#2107=EDGE_CURVE('',#1702,#1701,#1537,.T.);
#2108=EDGE_CURVE('',#1702,#1703,#648,.T.);
#2109=EDGE_CURVE('',#1704,#1703,#1538,.T.);
#2110=EDGE_CURVE('',#1704,#1689,#649,.T.);
#2111=EDGE_CURVE('',#1705,#1679,#650,.T.);
#2112=EDGE_CURVE('',#1706,#1705,#1539,.T.);
#2113=EDGE_CURVE('',#1707,#1706,#651,.T.);
#2114=EDGE_CURVE('',#1708,#1707,#1540,.T.);
#2115=EDGE_CURVE('',#1709,#1708,#652,.T.);
#2116=EDGE_CURVE('',#1710,#1709,#653,.T.);
#2117=EDGE_CURVE('',#1667,#1710,#654,.T.);
#2118=EDGE_CURVE('',#1698,#1711,#1541,.T.);
#2119=EDGE_CURVE('',#1711,#1712,#655,.T.);
#2120=EDGE_CURVE('',#1712,#1713,#656,.T.);
#2121=EDGE_CURVE('',#1713,#1686,#657,.T.);
#2122=EDGE_CURVE('',#1714,#1714,#1542,.T.);
#2123=EDGE_CURVE('',#1715,#1715,#1543,.T.);
#2124=EDGE_CURVE('',#1716,#1710,#658,.T.);
#2125=EDGE_CURVE('',#1716,#1717,#659,.T.);
#2126=EDGE_CURVE('',#1717,#1718,#660,.T.);
#2127=EDGE_CURVE('',#1718,#1719,#661,.T.);
#2128=EDGE_CURVE('',#1719,#1720,#662,.T.);
#2129=EDGE_CURVE('',#1721,#1720,#663,.T.);
#2130=EDGE_CURVE('',#1722,#1721,#1544,.T.);
#2131=EDGE_CURVE('',#1723,#1722,#664,.T.);
#2132=EDGE_CURVE('',#1723,#1724,#665,.T.);
#2133=EDGE_CURVE('',#1724,#1725,#666,.T.);
#2134=EDGE_CURVE('',#1725,#1726,#667,.T.);
#2135=EDGE_CURVE('',#1726,#1727,#668,.T.);
#2136=EDGE_CURVE('',#1699,#1727,#669,.T.);
#2137=EDGE_CURVE('',#1728,#1713,#1545,.T.);
#2138=EDGE_CURVE('',#1728,#1729,#670,.T.);
#2139=EDGE_CURVE('',#1729,#1680,#1546,.T.);
#2140=EDGE_CURVE('',#1730,#1731,#1547,.T.);
#2141=EDGE_CURVE('',#1731,#1732,#671,.T.);
#2142=EDGE_CURVE('',#1732,#1733,#1548,.T.);
#2143=EDGE_CURVE('',#1733,#1734,#672,.T.);
#2144=EDGE_CURVE('',#1734,#1735,#1549,.T.);
#2145=EDGE_CURVE('',#1735,#1736,#673,.T.);
#2146=EDGE_CURVE('',#1736,#1737,#1550,.T.);
#2147=EDGE_CURVE('',#1737,#1730,#674,.T.);
#2148=EDGE_CURVE('',#1738,#1739,#675,.T.);
#2149=EDGE_CURVE('',#1738,#1740,#1551,.T.);
#2150=EDGE_CURVE('',#1740,#1741,#676,.T.);
#2151=EDGE_CURVE('',#1741,#1742,#1552,.T.);
#2152=EDGE_CURVE('',#1743,#1742,#677,.T.);
#2153=EDGE_CURVE('',#1743,#1744,#1553,.T.);
#2154=EDGE_CURVE('',#1744,#1745,#678,.T.);
#2155=EDGE_CURVE('',#1745,#1746,#1554,.T.);
#2156=EDGE_CURVE('',#1746,#1747,#679,.T.);
#2157=EDGE_CURVE('',#1747,#1748,#1555,.T.);
#2158=EDGE_CURVE('',#1749,#1748,#680,.T.);
#2159=EDGE_CURVE('',#1749,#1750,#1556,.T.);
#2160=EDGE_CURVE('',#1750,#1751,#681,.T.);
#2161=EDGE_CURVE('',#1751,#1752,#1557,.T.);
#2162=EDGE_CURVE('',#1753,#1752,#682,.T.);
#2163=EDGE_CURVE('',#1753,#1754,#1558,.T.);
#2164=EDGE_CURVE('',#1754,#1755,#683,.T.);
#2165=EDGE_CURVE('',#1755,#1756,#1559,.T.);
#2166=EDGE_CURVE('',#1756,#1757,#684,.T.);
#2167=EDGE_CURVE('',#1757,#1758,#1560,.T.);
#2168=EDGE_CURVE('',#1758,#1759,#685,.T.);
#2169=EDGE_CURVE('',#1759,#1760,#1561,.T.);
#2170=EDGE_CURVE('',#1760,#1761,#686,.T.);
#2171=EDGE_CURVE('',#1761,#1762,#1562,.T.);
#2172=EDGE_CURVE('',#1762,#1763,#687,.T.);
#2173=EDGE_CURVE('',#1763,#1764,#1563,.T.);
#2174=EDGE_CURVE('',#1765,#1764,#688,.T.);
#2175=EDGE_CURVE('',#1765,#1766,#1564,.T.);
#2176=EDGE_CURVE('',#1766,#1767,#689,.T.);
#2177=EDGE_CURVE('',#1767,#1768,#1565,.T.);
#2178=EDGE_CURVE('',#1769,#1768,#690,.T.);
#2179=EDGE_CURVE('',#1769,#1770,#1566,.T.);
#2180=EDGE_CURVE('',#1770,#1771,#691,.T.);
#2181=EDGE_CURVE('',#1771,#1772,#1567,.T.);
#2182=EDGE_CURVE('',#1772,#1773,#692,.T.);
#2183=EDGE_CURVE('',#1773,#1739,#1568,.T.);
#2184=EDGE_CURVE('',#1774,#1775,#693,.T.);
#2185=EDGE_CURVE('',#1775,#1703,#694,.T.);
#2186=EDGE_CURVE('',#1774,#1702,#695,.T.);
#2187=EDGE_CURVE('',#1776,#1777,#1569,.T.);
#2188=EDGE_CURVE('',#1777,#1778,#23,.T.);
#2189=EDGE_CURVE('',#1778,#1779,#696,.T.);
#2190=EDGE_CURVE('',#1779,#1779,#1570,.T.);
#2191=EDGE_CURVE('',#1778,#1776,#24,.T.);
#2192=EDGE_CURVE('',#1780,#1781,#25,.F.);
#2193=EDGE_CURVE('',#1781,#1782,#1571,.T.);
#2194=EDGE_CURVE('',#1782,#1783,#697,.T.);
#2195=EDGE_CURVE('',#1783,#1783,#1572,.T.);
#2196=EDGE_CURVE('',#1782,#1780,#1573,.T.);
#2197=EDGE_CURVE('',#1784,#1785,#26,.F.);
#2198=EDGE_CURVE('',#1785,#1786,#1574,.T.);
#2199=EDGE_CURVE('',#1786,#1787,#698,.T.);
#2200=EDGE_CURVE('',#1787,#1787,#1575,.T.);
#2201=EDGE_CURVE('',#1786,#1784,#1576,.T.);
#2202=EDGE_CURVE('',#1788,#1789,#1577,.T.);
#2203=EDGE_CURVE('',#1789,#1790,#27,.T.);
#2204=EDGE_CURVE('',#1790,#1791,#699,.T.);
#2205=EDGE_CURVE('',#1791,#1791,#1578,.T.);
#2206=EDGE_CURVE('',#1790,#1788,#28,.T.);
#2207=EDGE_CURVE('',#1792,#1792,#1579,.T.);
#2208=EDGE_CURVE('',#1792,#1793,#700,.T.);
#2209=EDGE_CURVE('',#1793,#1794,#1580,.T.);
#2210=EDGE_CURVE('',#1794,#1795,#701,.T.);
#2211=EDGE_CURVE('',#1795,#1796,#1581,.T.);
#2212=EDGE_CURVE('',#1797,#1796,#702,.T.);
#2213=EDGE_CURVE('',#1797,#1798,#1582,.T.);
#2214=EDGE_CURVE('',#1798,#1799,#703,.T.);
#2215=EDGE_CURVE('',#1799,#1800,#1583,.T.);
#2216=EDGE_CURVE('',#1801,#1800,#704,.T.);
#2217=EDGE_CURVE('',#1801,#1793,#1584,.T.);
#2218=EDGE_CURVE('',#1802,#1802,#1585,.T.);
#2219=EDGE_CURVE('',#1802,#1803,#705,.T.);
#2220=EDGE_CURVE('',#1803,#1804,#1586,.T.);
#2221=EDGE_CURVE('',#1804,#1805,#706,.T.);
#2222=EDGE_CURVE('',#1805,#1806,#1587,.T.);
#2223=EDGE_CURVE('',#1807,#1806,#707,.T.);
#2224=EDGE_CURVE('',#1807,#1774,#1588,.T.);
#2225=EDGE_CURVE('',#1808,#1701,#708,.T.);
#2226=EDGE_CURVE('',#1808,#1803,#1589,.T.);
#2227=EDGE_CURVE('',#1714,#1809,#709,.T.);
#2228=EDGE_CURVE('',#1809,#1810,#1590,.T.);
#2229=EDGE_CURVE('',#1810,#1811,#710,.T.);
#2230=EDGE_CURVE('',#1811,#1812,#1591,.T.);
#2231=EDGE_CURVE('',#1813,#1812,#711,.T.);
#2232=EDGE_CURVE('',#1813,#1814,#1592,.T.);
#2233=EDGE_CURVE('',#1814,#1704,#712,.T.);
#2234=EDGE_CURVE('',#1775,#1809,#1593,.T.);
#2235=EDGE_CURVE('',#1715,#1815,#713,.T.);
#2236=EDGE_CURVE('',#1815,#1816,#1594,.T.);
#2237=EDGE_CURVE('',#1816,#1817,#714,.T.);
#2238=EDGE_CURVE('',#1817,#1818,#1595,.T.);
#2239=EDGE_CURVE('',#1819,#1818,#715,.T.);
#2240=EDGE_CURVE('',#1819,#1820,#1596,.T.);
#2241=EDGE_CURVE('',#1820,#1821,#716,.T.);
#2242=EDGE_CURVE('',#1821,#1822,#1597,.T.);
#2243=EDGE_CURVE('',#1823,#1822,#717,.T.);
#2244=EDGE_CURVE('',#1823,#1815,#1598,.T.);
#2245=EDGE_CURVE('',#1824,#1824,#1599,.T.);
#2246=EDGE_CURVE('',#1824,#1825,#718,.T.);
#2247=EDGE_CURVE('',#1826,#1825,#1600,.T.);
#2248=EDGE_CURVE('',#1826,#1827,#719,.T.);
#2249=EDGE_CURVE('',#1827,#1828,#1601,.T.);
#2250=EDGE_CURVE('',#1829,#1828,#720,.T.);
#2251=EDGE_CURVE('',#1830,#1829,#1602,.T.);
#2252=EDGE_CURVE('',#1830,#1708,#721,.T.);
#2253=EDGE_CURVE('',#1831,#1707,#722,.T.);
#2254=EDGE_CURVE('',#1825,#1831,#1603,.T.);
#2255=EDGE_CURVE('',#1832,#1832,#1604,.T.);
#2256=EDGE_CURVE('',#1832,#1833,#723,.T.);
#2257=EDGE_CURVE('',#1834,#1833,#1605,.T.);
#2258=EDGE_CURVE('',#1834,#1835,#724,.T.);
#2259=EDGE_CURVE('',#1835,#1836,#1606,.T.);
#2260=EDGE_CURVE('',#1837,#1836,#725,.T.);
#2261=EDGE_CURVE('',#1838,#1837,#1607,.T.);
#2262=EDGE_CURVE('',#1838,#1839,#726,.T.);
#2263=EDGE_CURVE('',#1839,#1840,#1608,.T.);
#2264=EDGE_CURVE('',#1841,#1840,#727,.T.);
#2265=EDGE_CURVE('',#1833,#1841,#1609,.T.);
#2266=EDGE_CURVE('',#1683,#1842,#728,.T.);
#2267=EDGE_CURVE('',#1843,#1842,#1610,.T.);
#2268=EDGE_CURVE('',#1843,#1844,#729,.T.);
#2269=EDGE_CURVE('',#1844,#1845,#1611,.T.);
#2270=EDGE_CURVE('',#1846,#1845,#730,.T.);
#2271=EDGE_CURVE('',#1847,#1846,#1612,.T.);
#2272=EDGE_CURVE('',#1847,#1848,#731,.T.);
#2273=EDGE_CURVE('',#1848,#1849,#1613,.T.);
#2274=EDGE_CURVE('',#1850,#1849,#732,.T.);
#2275=EDGE_CURVE('',#1842,#1850,#1614,.T.);
#2276=EDGE_CURVE('',#1684,#1851,#733,.T.);
#2277=EDGE_CURVE('',#1852,#1851,#1615,.T.);
#2278=EDGE_CURVE('',#1852,#1853,#734,.T.);
#2279=EDGE_CURVE('',#1853,#1854,#1616,.T.);
#2280=EDGE_CURVE('',#1855,#1854,#735,.T.);
#2281=EDGE_CURVE('',#1856,#1855,#1617,.T.);
#2282=EDGE_CURVE('',#1856,#1706,#736,.T.);
#2283=EDGE_CURVE('',#1857,#1705,#737,.T.);
#2284=EDGE_CURVE('',#1851,#1857,#1618,.T.);
#2285=EDGE_CURVE('',#1858,#1859,#1619,.T.);
#2286=EDGE_CURVE('',#1860,#1859,#29,.T.);
#2287=EDGE_CURVE('',#1860,#1861,#1620,.T.);
#2288=EDGE_CURVE('',#1861,#1862,#738,.T.);
#2289=EDGE_CURVE('',#1862,#1862,#1621,.T.);
#2290=EDGE_CURVE('',#1861,#1863,#1622,.T.);
#2291=EDGE_CURVE('',#1858,#1863,#30,.T.);
#2292=EDGE_CURVE('',#1864,#1865,#1623,.T.);
#2293=EDGE_CURVE('',#1866,#1865,#31,.T.);
#2294=EDGE_CURVE('',#1866,#1867,#1624,.T.);
#2295=EDGE_CURVE('',#1867,#1868,#739,.T.);
#2296=EDGE_CURVE('',#1868,#1868,#1625,.T.);
#2297=EDGE_CURVE('',#1867,#1869,#1626,.T.);
#2298=EDGE_CURVE('',#1864,#1869,#32,.T.);
#2299=EDGE_CURVE('',#1870,#1870,#33,.T.);
#2300=EDGE_CURVE('',#1870,#1871,#740,.T.);
#2301=EDGE_CURVE('',#1871,#1871,#1627,.T.);
#2302=EDGE_CURVE('',#1872,#1872,#34,.T.);
#2303=EDGE_CURVE('',#1872,#1873,#741,.T.);
#2304=EDGE_CURVE('',#1873,#1873,#1628,.T.);
#2305=EDGE_CURVE('',#1874,#1875,#1629,.T.);
#2306=EDGE_CURVE('',#1875,#1735,#742,.T.);
#2307=EDGE_CURVE('',#1734,#1788,#743,.T.);
#2308=EDGE_CURVE('',#1789,#1776,#744,.T.);
#2309=EDGE_CURVE('',#1777,#1874,#745,.T.);
#2310=EDGE_CURVE('',#1876,#1876,#1630,.T.);
#2311=EDGE_CURVE('',#1876,#1877,#746,.T.);
#2312=EDGE_CURVE('',#1877,#1877,#1631,.T.);
#2313=EDGE_CURVE('',#1811,#1806,#747,.T.);
#2314=EDGE_CURVE('',#1805,#1878,#748,.T.);
#2315=EDGE_CURVE('',#1879,#1878,#749,.T.);
#2316=EDGE_CURVE('',#1879,#1880,#750,.T.);
#2317=EDGE_CURVE('',#1880,#1881,#751,.T.);
#2318=EDGE_CURVE('',#1881,#1882,#752,.T.);
#2319=EDGE_CURVE('',#1883,#1882,#753,.T.);
#2320=EDGE_CURVE('',#1883,#1800,#754,.T.);
#2321=EDGE_CURVE('',#1799,#1822,#755,.T.);
#2322=EDGE_CURVE('',#1821,#1693,#756,.T.);
#2323=EDGE_CURVE('',#1692,#1812,#757,.T.);
#2324=EDGE_CURVE('',#1854,#1827,#758,.T.);
#2325=EDGE_CURVE('',#1676,#1853,#759,.T.);
#2326=EDGE_CURVE('',#1849,#1675,#760,.T.);
#2327=EDGE_CURVE('',#1840,#1848,#761,.T.);
#2328=EDGE_CURVE('',#1884,#1839,#762,.T.);
#2329=EDGE_CURVE('',#1885,#1884,#763,.T.);
#2330=EDGE_CURVE('',#1885,#1886,#764,.T.);
#2331=EDGE_CURVE('',#1886,#1887,#765,.T.);
#2332=EDGE_CURVE('',#1887,#1888,#766,.T.);
#2333=EDGE_CURVE('',#1889,#1888,#767,.T.);
#2334=EDGE_CURVE('',#1828,#1889,#768,.T.);
#2335=EDGE_CURVE('',#1845,#1835,#769,.T.);
#2336=EDGE_CURVE('',#1672,#1844,#770,.T.);
#2337=EDGE_CURVE('',#1671,#1890,#1632,.T.);
#2338=EDGE_CURVE('',#1890,#1891,#771,.T.);
#2339=EDGE_CURVE('',#1892,#1891,#772,.T.);
#2340=EDGE_CURVE('',#1836,#1892,#773,.T.);
#2341=EDGE_CURVE('',#1893,#1894,#774,.T.);
#2342=EDGE_CURVE('',#1893,#1892,#775,.T.);
#2343=EDGE_CURVE('',#1891,#1895,#776,.T.);
#2344=EDGE_CURVE('',#1895,#1896,#777,.T.);
#2345=EDGE_CURVE('',#1896,#1897,#778,.T.);
#2346=EDGE_CURVE('',#1897,#1898,#779,.T.);
#2347=EDGE_CURVE('',#1898,#1899,#780,.T.);
#2348=EDGE_CURVE('',#1899,#1900,#781,.T.);
#2349=EDGE_CURVE('',#1900,#1901,#782,.T.);
#2350=EDGE_CURVE('',#1721,#1901,#783,.T.);
#2351=EDGE_CURVE('',#1720,#1902,#784,.T.);
#2352=EDGE_CURVE('',#1902,#1903,#785,.T.);
#2353=EDGE_CURVE('',#1903,#1904,#786,.T.);
#2354=EDGE_CURVE('',#1904,#1905,#787,.T.);
#2355=EDGE_CURVE('',#1905,#1716,#788,.T.);
#2356=EDGE_CURVE('',#1906,#1709,#789,.T.);
#2357=EDGE_CURVE('',#1907,#1906,#790,.T.);
#2358=EDGE_CURVE('',#1907,#1889,#791,.T.);
#2359=EDGE_CURVE('',#1888,#1908,#792,.T.);
#2360=EDGE_CURVE('',#1908,#1909,#793,.T.);
#2361=EDGE_CURVE('',#1909,#1910,#794,.T.);
#2362=EDGE_CURVE('',#1910,#1911,#795,.T.);
#2363=EDGE_CURVE('',#1911,#1912,#796,.T.);
#2364=EDGE_CURVE('',#1912,#1913,#797,.T.);
#2365=EDGE_CURVE('',#1913,#1885,#798,.T.);
#2366=EDGE_CURVE('',#1894,#1884,#799,.T.);
#2367=EDGE_CURVE('',#1914,#1859,#800,.T.);
#2368=EDGE_CURVE('',#1858,#1915,#801,.T.);
#2369=EDGE_CURVE('',#1915,#1914,#802,.T.);
#2370=EDGE_CURVE('',#1864,#1863,#803,.T.);
#2371=EDGE_CURVE('',#1860,#1865,#804,.T.);
#2372=EDGE_CURVE('',#1901,#1916,#1633,.T.);
#2373=EDGE_CURVE('',#1916,#1722,#805,.T.);
#2374=EDGE_CURVE('',#1917,#1918,#806,.T.);
#2375=EDGE_CURVE('',#1917,#1919,#807,.T.);
#2376=EDGE_CURVE('',#1919,#1883,#808,.T.);
#2377=EDGE_CURVE('',#1882,#1920,#809,.T.);
#2378=EDGE_CURVE('',#1920,#1921,#810,.T.);
#2379=EDGE_CURVE('',#1921,#1922,#811,.T.);
#2380=EDGE_CURVE('',#1922,#1923,#812,.T.);
#2381=EDGE_CURVE('',#1923,#1924,#813,.T.);
#2382=EDGE_CURVE('',#1924,#1925,#814,.T.);
#2383=EDGE_CURVE('',#1925,#1879,#815,.T.);
#2384=EDGE_CURVE('',#1926,#1878,#816,.T.);
#2385=EDGE_CURVE('',#1926,#1927,#817,.T.);
#2386=EDGE_CURVE('',#1927,#1700,#818,.T.);
#2387=EDGE_CURVE('',#1727,#1928,#819,.T.);
#2388=EDGE_CURVE('',#1928,#1929,#820,.T.);
#2389=EDGE_CURVE('',#1929,#1930,#821,.T.);
#2390=EDGE_CURVE('',#1930,#1931,#822,.T.);
#2391=EDGE_CURVE('',#1931,#1723,#823,.T.);
#2392=EDGE_CURVE('',#1916,#1932,#824,.T.);
#2393=EDGE_CURVE('',#1932,#1933,#825,.T.);
#2394=EDGE_CURVE('',#1933,#1934,#826,.T.);
#2395=EDGE_CURVE('',#1934,#1935,#827,.T.);
#2396=EDGE_CURVE('',#1935,#1936,#828,.T.);
#2397=EDGE_CURVE('',#1936,#1937,#829,.T.);
#2398=EDGE_CURVE('',#1937,#1938,#830,.T.);
#2399=EDGE_CURVE('',#1938,#1918,#831,.T.);
#2400=EDGE_CURVE('',#1890,#1682,#832,.T.);
#2401=EDGE_CURVE('',#1939,#1681,#1634,.T.);
#2402=EDGE_CURVE('',#1940,#1939,#833,.T.);
#2403=EDGE_CURVE('',#1712,#1940,#1635,.T.);
#2404=EDGE_CURVE('',#1711,#1941,#834,.T.);
#2405=EDGE_CURVE('',#1938,#1941,#835,.T.);
#2406=EDGE_CURVE('',#1942,#1937,#836,.T.);
#2407=EDGE_CURVE('',#1943,#1942,#837,.T.);
#2408=EDGE_CURVE('',#1944,#1943,#838,.T.);
#2409=EDGE_CURVE('',#1932,#1944,#839,.T.);
#2410=EDGE_CURVE('',#1945,#1900,#840,.T.);
#2411=EDGE_CURVE('',#1946,#1945,#841,.T.);
#2412=EDGE_CURVE('',#1947,#1946,#842,.T.);
#2413=EDGE_CURVE('',#1895,#1947,#843,.T.);
#2414=EDGE_CURVE('',#1948,#1949,#1636,.T.);
#2415=EDGE_CURVE('',#1950,#1948,#844,.T.);
#2416=EDGE_CURVE('',#1951,#1950,#1637,.T.);
#2417=EDGE_CURVE('',#1952,#1951,#845,.T.);
#2418=EDGE_CURVE('',#1953,#1952,#1638,.T.);
#2419=EDGE_CURVE('',#1875,#1953,#846,.T.);
#2420=EDGE_CURVE('',#1949,#1874,#847,.T.);
#2421=EDGE_CURVE('',#1954,#1955,#848,.T.);
#2422=EDGE_CURVE('',#1954,#1956,#1639,.T.);
#2423=EDGE_CURVE('',#1957,#1956,#849,.T.);
#2424=EDGE_CURVE('',#1957,#1958,#1640,.T.);
#2425=EDGE_CURVE('',#1959,#1958,#850,.T.);
#2426=EDGE_CURVE('',#1959,#1960,#1641,.T.);
#2427=EDGE_CURVE('',#1961,#1960,#851,.T.);
#2428=EDGE_CURVE('',#1961,#1962,#1642,.T.);
#2429=EDGE_CURVE('',#1962,#1963,#852,.T.);
#2430=EDGE_CURVE('',#1963,#1964,#1643,.T.);
#2431=EDGE_CURVE('',#1965,#1964,#853,.T.);
#2432=EDGE_CURVE('',#1965,#1966,#1644,.T.);
#2433=EDGE_CURVE('',#1967,#1966,#854,.T.);
#2434=EDGE_CURVE('',#1967,#1968,#1645,.T.);
#2435=EDGE_CURVE('',#1969,#1968,#855,.T.);
#2436=EDGE_CURVE('',#1969,#1970,#1646,.T.);
#2437=EDGE_CURVE('',#1971,#1970,#856,.T.);
#2438=EDGE_CURVE('',#1971,#1914,#1647,.T.);
#2439=EDGE_CURVE('',#1915,#1972,#1648,.T.);
#2440=EDGE_CURVE('',#1973,#1972,#857,.T.);
#2441=EDGE_CURVE('',#1973,#1974,#1649,.T.);
#2442=EDGE_CURVE('',#1975,#1974,#858,.T.);
#2443=EDGE_CURVE('',#1975,#1976,#1650,.T.);
#2444=EDGE_CURVE('',#1976,#1977,#859,.T.);
#2445=EDGE_CURVE('',#1977,#1978,#1651,.T.);
#2446=EDGE_CURVE('',#1979,#1978,#860,.T.);
#2447=EDGE_CURVE('',#1979,#1980,#1652,.T.);
#2448=EDGE_CURVE('',#1981,#1980,#861,.T.);
#2449=EDGE_CURVE('',#1981,#1982,#1653,.T.);
#2450=EDGE_CURVE('',#1983,#1982,#862,.T.);
#2451=EDGE_CURVE('',#1983,#1984,#1654,.T.);
#2452=EDGE_CURVE('',#1985,#1984,#863,.T.);
#2453=EDGE_CURVE('',#1985,#1986,#1655,.T.);
#2454=EDGE_CURVE('',#1986,#1987,#864,.T.);
#2455=EDGE_CURVE('',#1987,#1955,#1656,.T.);
#2456=EDGE_CURVE('',#1988,#1936,#865,.T.);
#2457=EDGE_CURVE('',#1942,#1988,#866,.T.);
#2458=EDGE_CURVE('',#1989,#1988,#867,.T.);
#2459=EDGE_CURVE('',#1935,#1989,#868,.T.);
#2460=EDGE_CURVE('',#1990,#1934,#869,.T.);
#2461=EDGE_CURVE('',#1991,#1990,#870,.T.);
#2462=EDGE_CURVE('',#1989,#1991,#871,.T.);
#2463=EDGE_CURVE('',#1933,#1992,#872,.T.);
#2464=EDGE_CURVE('',#1992,#1990,#873,.T.);
#2465=EDGE_CURVE('',#1992,#1944,#874,.T.);
#2466=EDGE_CURVE('',#1993,#1931,#875,.T.);
#2467=EDGE_CURVE('',#1724,#1993,#876,.T.);
#2468=EDGE_CURVE('',#1930,#1994,#877,.T.);
#2469=EDGE_CURVE('',#1994,#1993,#878,.T.);
#2470=EDGE_CURVE('',#1995,#1929,#879,.T.);
#2471=EDGE_CURVE('',#1996,#1995,#880,.T.);
#2472=EDGE_CURVE('',#1994,#1996,#881,.T.);
#2473=EDGE_CURVE('',#1997,#1995,#882,.T.);
#2474=EDGE_CURVE('',#1928,#1997,#883,.T.);
#2475=EDGE_CURVE('',#1997,#1726,#884,.T.);
#2476=EDGE_CURVE('',#1817,#1796,#885,.T.);
#2477=EDGE_CURVE('',#1795,#1918,#886,.T.);
#2478=EDGE_CURVE('',#1941,#1697,#1657,.T.);
#2479=EDGE_CURVE('',#1696,#1818,#887,.T.);
#2480=EDGE_CURVE('',#1998,#1925,#888,.T.);
#2481=EDGE_CURVE('',#1880,#1998,#889,.T.);
#2482=EDGE_CURVE('',#1999,#2000,#890,.T.);
#2483=EDGE_CURVE('',#2000,#2001,#1658,.T.);
#2484=EDGE_CURVE('',#2002,#2001,#891,.T.);
#2485=EDGE_CURVE('',#1998,#2002,#892,.T.);
#2486=EDGE_CURVE('',#2003,#1924,#893,.T.);
#2487=EDGE_CURVE('',#2004,#2003,#894,.T.);
#2488=EDGE_CURVE('',#2005,#2004,#895,.T.);
#2489=EDGE_CURVE('',#2005,#1999,#1659,.T.);
#2490=EDGE_CURVE('',#1923,#2006,#896,.T.);
#2491=EDGE_CURVE('',#2006,#2003,#897,.T.);
#2492=EDGE_CURVE('',#2007,#1922,#898,.T.);
#2493=EDGE_CURVE('',#2006,#2007,#899,.T.);
#2494=EDGE_CURVE('',#1921,#2008,#900,.T.);
#2495=EDGE_CURVE('',#2008,#2007,#901,.T.);
#2496=EDGE_CURVE('',#2009,#2010,#902,.T.);
#2497=EDGE_CURVE('',#2009,#2011,#1660,.T.);
#2498=EDGE_CURVE('',#2011,#2012,#903,.T.);
#2499=EDGE_CURVE('',#2012,#2013,#1661,.T.);
#2500=EDGE_CURVE('',#2014,#2013,#904,.T.);
#2501=EDGE_CURVE('',#2008,#2014,#905,.T.);
#2502=EDGE_CURVE('',#2015,#1920,#906,.T.);
#2503=EDGE_CURVE('',#2010,#2015,#907,.T.);
#2504=EDGE_CURVE('',#2015,#1881,#908,.T.);
#2505=EDGE_CURVE('',#2016,#2017,#909,.T.);
#2506=EDGE_CURVE('',#1947,#2016,#910,.T.);
#2507=EDGE_CURVE('',#2017,#1946,#911,.T.);
#2508=EDGE_CURVE('',#1896,#2016,#912,.T.);
#2509=EDGE_CURVE('',#1939,#1729,#913,.T.);
#2510=EDGE_CURVE('',#1728,#1940,#914,.T.);
#2511=EDGE_CURVE('',#2018,#1988,#915,.T.);
#2512=EDGE_CURVE('',#1943,#2018,#916,.T.);
#2513=EDGE_CURVE('',#1992,#2018,#917,.T.);
#2514=EDGE_CURVE('',#2019,#1899,#918,.T.);
#2515=EDGE_CURVE('',#1945,#2019,#919,.T.);
#2516=EDGE_CURVE('',#2017,#2019,#920,.T.);
#2517=EDGE_CURVE('',#1780,#1733,#921,.T.);
#2518=EDGE_CURVE('',#1784,#1781,#922,.T.);
#2519=EDGE_CURVE('',#1949,#1785,#923,.T.);
#2520=EDGE_CURVE('',#1948,#1732,#924,.T.);
#2521=EDGE_CURVE('',#1950,#1731,#925,.T.);
#2522=EDGE_CURVE('',#1951,#1730,#926,.T.);
#2523=EDGE_CURVE('',#1952,#1737,#927,.T.);
#2524=EDGE_CURVE('',#1953,#1736,#928,.T.);
#2525=EDGE_CURVE('',#1740,#1954,#929,.T.);
#2526=EDGE_CURVE('',#1955,#1741,#930,.T.);
#2527=EDGE_CURVE('',#1958,#1773,#931,.T.);
#2528=EDGE_CURVE('',#1772,#1959,#932,.T.);
#2529=EDGE_CURVE('',#1770,#2020,#933,.T.);
#2530=EDGE_CURVE('',#2021,#2020,#934,.T.);
#2531=EDGE_CURVE('',#2022,#2021,#935,.T.);
#2532=EDGE_CURVE('',#2023,#2022,#936,.T.);
#2533=EDGE_CURVE('',#2023,#1961,#937,.T.);
#2534=EDGE_CURVE('',#1960,#1771,#938,.T.);
#2535=EDGE_CURVE('',#1964,#2024,#939,.T.);
#2536=EDGE_CURVE('',#2025,#2024,#940,.T.);
#2537=EDGE_CURVE('',#2026,#2025,#941,.T.);
#2538=EDGE_CURVE('',#2026,#1965,#942,.T.);
#2539=EDGE_CURVE('',#2027,#2028,#943,.T.);
#2540=EDGE_CURVE('',#2027,#1763,#944,.T.);
#2541=EDGE_CURVE('',#1762,#1969,#945,.T.);
#2542=EDGE_CURVE('',#1968,#2029,#946,.T.);
#2543=EDGE_CURVE('',#2030,#2029,#947,.T.);
#2544=EDGE_CURVE('',#2028,#2030,#948,.T.);
#2545=EDGE_CURVE('',#1760,#1971,#949,.T.);
#2546=EDGE_CURVE('',#1970,#1761,#950,.T.);
#2547=EDGE_CURVE('',#1758,#1869,#951,.T.);
#2548=EDGE_CURVE('',#1866,#1759,#952,.T.);
#2549=EDGE_CURVE('',#1972,#1757,#953,.T.);
#2550=EDGE_CURVE('',#1756,#1973,#954,.T.);
#2551=EDGE_CURVE('',#2013,#1975,#955,.T.);
#2552=EDGE_CURVE('',#1974,#1755,#956,.T.);
#2553=EDGE_CURVE('',#1754,#2005,#957,.T.);
#2554=EDGE_CURVE('',#2014,#2004,#958,.T.);
#2555=EDGE_CURVE('',#1978,#2009,#959,.T.);
#2556=EDGE_CURVE('',#2031,#2010,#960,.T.);
#2557=EDGE_CURVE('',#2031,#1979,#961,.T.);
#2558=EDGE_CURVE('',#1746,#1983,#962,.T.);
#2559=EDGE_CURVE('',#1982,#2032,#963,.T.);
#2560=EDGE_CURVE('',#2033,#2032,#964,.T.);
#2561=EDGE_CURVE('',#2034,#2033,#965,.T.);
#2562=EDGE_CURVE('',#2035,#2034,#966,.T.);
#2563=EDGE_CURVE('',#2035,#1747,#967,.T.);
#2564=EDGE_CURVE('',#1984,#1745,#968,.T.);
#2565=EDGE_CURVE('',#1744,#1985,#969,.T.);
#2566=EDGE_CURVE('',#2036,#1905,#970,.T.);
#2567=EDGE_CURVE('',#1717,#2036,#971,.T.);
#2568=EDGE_CURVE('',#2037,#1904,#972,.T.);
#2569=EDGE_CURVE('',#2036,#2037,#973,.T.);
#2570=EDGE_CURVE('',#2038,#2037,#974,.T.);
#2571=EDGE_CURVE('',#1903,#2039,#975,.T.);
#2572=EDGE_CURVE('',#2039,#2038,#976,.T.);
#2573=EDGE_CURVE('',#2040,#1902,#977,.T.);
#2574=EDGE_CURVE('',#2039,#2040,#978,.T.);
#2575=EDGE_CURVE('',#2040,#1719,#979,.T.);
#2576=EDGE_CURVE('',#2041,#1898,#980,.T.);
#2577=EDGE_CURVE('',#2019,#2041,#981,.T.);
#2578=EDGE_CURVE('',#1897,#2042,#982,.T.);
#2579=EDGE_CURVE('',#2042,#2043,#983,.T.);
#2580=EDGE_CURVE('',#2043,#2041,#984,.T.);
#2581=EDGE_CURVE('',#2042,#2016,#985,.T.);
#2582=EDGE_CURVE('',#2044,#1886,#986,.T.);
#2583=EDGE_CURVE('',#1913,#2044,#987,.T.);
#2584=EDGE_CURVE('',#2045,#2046,#988,.T.);
#2585=EDGE_CURVE('',#2045,#2026,#1662,.T.);
#2586=EDGE_CURVE('',#2025,#2044,#989,.T.);
#2587=EDGE_CURVE('',#1912,#2047,#990,.T.);
#2588=EDGE_CURVE('',#2047,#2030,#991,.T.);
#2589=EDGE_CURVE('',#2029,#2046,#1663,.T.);
#2590=EDGE_CURVE('',#2048,#1911,#992,.T.);
#2591=EDGE_CURVE('',#2047,#2048,#993,.T.);
#2592=EDGE_CURVE('',#2049,#1910,#994,.T.);
#2593=EDGE_CURVE('',#2048,#2049,#995,.T.);
#2594=EDGE_CURVE('',#2050,#1909,#996,.T.);
#2595=EDGE_CURVE('',#2049,#2050,#997,.T.);
#2596=EDGE_CURVE('',#2051,#2052,#998,.T.);
#2597=EDGE_CURVE('',#2052,#2053,#1664,.T.);
#2598=EDGE_CURVE('',#2054,#2053,#999,.T.);
#2599=EDGE_CURVE('',#2054,#2027,#1665,.T.);
#2600=EDGE_CURVE('',#2028,#2050,#1000,.T.);
#2601=EDGE_CURVE('',#1908,#2055,#1001,.T.);
#2602=EDGE_CURVE('',#2055,#2051,#1002,.T.);
#2603=EDGE_CURVE('',#1887,#2055,#1003,.T.);
#2604=EDGE_CURVE('',#1997,#2056,#1004,.T.);
#2605=EDGE_CURVE('',#2056,#1725,#1005,.T.);
#2606=EDGE_CURVE('',#2056,#1993,#1006,.T.);
#2607=EDGE_CURVE('',#2040,#2057,#1007,.T.);
#2608=EDGE_CURVE('',#2057,#1718,#1008,.T.);
#2609=EDGE_CURVE('',#2057,#2036,#1009,.T.);
#2610=EDGE_CURVE('',#2058,#2051,#1010,.T.);
#2611=EDGE_CURVE('',#2058,#1767,#1011,.T.);
#2612=EDGE_CURVE('',#1766,#2052,#1012,.T.);
#2613=EDGE_CURVE('',#2001,#1751,#1013,.T.);
#2614=EDGE_CURVE('',#1750,#2059,#1014,.T.);
#2615=EDGE_CURVE('',#2002,#2059,#1015,.T.);
#2616=EDGE_CURVE('',#1991,#2018,#1016,.T.);
#2617=EDGE_CURVE('',#1996,#2056,#1017,.T.);
#2618=EDGE_CURVE('',#2033,#1881,#1018,.T.);
#2619=EDGE_CURVE('',#1880,#2034,#1019,.T.);
#2620=EDGE_CURVE('',#2059,#2060,#15,.T.);
#2621=EDGE_CURVE('',#2060,#2061,#1020,.T.);
#2622=EDGE_CURVE('',#2061,#2035,#16,.T.);
#2623=EDGE_CURVE('',#2008,#2003,#1021,.T.);
#2624=EDGE_CURVE('',#2062,#2063,#1022,.T.);
#2625=EDGE_CURVE('',#2063,#2031,#17,.T.);
#2626=EDGE_CURVE('',#2032,#2062,#18,.T.);
#2627=EDGE_CURVE('',#2043,#2017,#1023,.T.);
#2628=EDGE_CURVE('',#1886,#2022,#1024,.T.);
#2629=EDGE_CURVE('',#2021,#1887,#1025,.T.);
#2630=EDGE_CURVE('',#2024,#2064,#19,.T.);
#2631=EDGE_CURVE('',#2065,#2064,#1026,.T.);
#2632=EDGE_CURVE('',#2065,#2023,#20,.T.);
#2633=EDGE_CURVE('',#2066,#2067,#1027,.T.);
#2634=EDGE_CURVE('',#2066,#2058,#21,.T.);
#2635=EDGE_CURVE('',#2020,#2067,#22,.T.);
#2636=EDGE_CURVE('',#2050,#2047,#1028,.T.);
#2637=EDGE_CURVE('',#2057,#2038,#1029,.T.);
#2638=EDGE_CURVE('',#1739,#1957,#1030,.T.);
#2639=EDGE_CURVE('',#1956,#1738,#1031,.T.);
#2640=EDGE_CURVE('',#2064,#1963,#1032,.T.);
#2641=EDGE_CURVE('',#1962,#2065,#1033,.T.);
#2642=EDGE_CURVE('',#2067,#1769,#1034,.T.);
#2643=EDGE_CURVE('',#1768,#2066,#1035,.T.);
#2644=EDGE_CURVE('',#2062,#1981,#1036,.T.);
#2645=EDGE_CURVE('',#1980,#2063,#1037,.T.);
#2646=EDGE_CURVE('',#1986,#1743,#1038,.T.);
#2647=EDGE_CURVE('',#1742,#1987,#1039,.T.);
#2648=EDGE_CURVE('',#1748,#2061,#1040,.T.);
#2649=EDGE_CURVE('',#2060,#1749,#1041,.T.);
#2650=EDGE_CURVE('',#1976,#2012,#1042,.T.);
#2651=EDGE_CURVE('',#2011,#1977,#1043,.T.);
#2652=EDGE_CURVE('',#1999,#1753,#1044,.T.);
#2653=EDGE_CURVE('',#1752,#2000,#1045,.T.);
#2654=EDGE_CURVE('',#1966,#2045,#1046,.T.);
#2655=EDGE_CURVE('',#2046,#1967,#1047,.T.);
#2656=EDGE_CURVE('',#1764,#2054,#1048,.T.);
#2657=EDGE_CURVE('',#2053,#1765,#1049,.T.);
#2658=EDGE_CURVE('',#1906,#1830,#1050,.T.);
#2659=EDGE_CURVE('',#1829,#1907,#1051,.T.);
#2660=EDGE_CURVE('',#1677,#1852,#1052,.T.);
#2661=EDGE_CURVE('',#1857,#1678,#1053,.T.);
#2662=EDGE_CURVE('',#1837,#1893,#1054,.T.);
#2663=EDGE_CURVE('',#1894,#1838,#1055,.T.);
#2664=EDGE_CURVE('',#1850,#1674,#1056,.T.);
#2665=EDGE_CURVE('',#1673,#1843,#1057,.T.);
#2666=EDGE_CURVE('',#1846,#1834,#1058,.T.);
#2667=EDGE_CURVE('',#1841,#1847,#1059,.T.);
#2668=EDGE_CURVE('',#1855,#1826,#1060,.T.);
#2669=EDGE_CURVE('',#1831,#1856,#1061,.T.);
#2670=EDGE_CURVE('',#1927,#1808,#1062,.T.);
#2671=EDGE_CURVE('',#1804,#1926,#1063,.T.);
#2672=EDGE_CURVE('',#1691,#1813,#1064,.T.);
#2673=EDGE_CURVE('',#1814,#1690,#1065,.T.);
#2674=EDGE_CURVE('',#1794,#1917,#1066,.T.);
#2675=EDGE_CURVE('',#1919,#1801,#1067,.T.);
#2676=EDGE_CURVE('',#1820,#1694,#1068,.T.);
#2677=EDGE_CURVE('',#1695,#1819,#1069,.T.);
#2678=EDGE_CURVE('',#1798,#1823,#1070,.T.);
#2679=EDGE_CURVE('',#1816,#1797,#1071,.T.);
#2680=EDGE_CURVE('',#1810,#1807,#1072,.T.);
#2681=ORIENTED_EDGE('',*,*,#2068,.T.);
#2682=ORIENTED_EDGE('',*,*,#2069,.T.);
#2683=ORIENTED_EDGE('',*,*,#2070,.T.);
#2684=ORIENTED_EDGE('',*,*,#2071,.T.);
#2685=ORIENTED_EDGE('',*,*,#2071,.F.);
#2686=ORIENTED_EDGE('',*,*,#2072,.T.);
#2687=ORIENTED_EDGE('',*,*,#2073,.T.);
#2688=ORIENTED_EDGE('',*,*,#2074,.T.);
#2689=ORIENTED_EDGE('',*,*,#2075,.F.);
#2690=ORIENTED_EDGE('',*,*,#2076,.F.);
#2691=ORIENTED_EDGE('',*,*,#2077,.T.);
#2692=ORIENTED_EDGE('',*,*,#2078,.T.);
#2693=ORIENTED_EDGE('',*,*,#2079,.F.);
#2694=ORIENTED_EDGE('',*,*,#2080,.F.);
#2695=ORIENTED_EDGE('',*,*,#2081,.T.);
#2696=ORIENTED_EDGE('',*,*,#2082,.F.);
#2697=ORIENTED_EDGE('',*,*,#2070,.F.);
#2698=ORIENTED_EDGE('',*,*,#2083,.T.);
#2699=ORIENTED_EDGE('',*,*,#2084,.T.);
#2700=ORIENTED_EDGE('',*,*,#2085,.T.);
#2701=ORIENTED_EDGE('',*,*,#2086,.T.);
#2702=ORIENTED_EDGE('',*,*,#2072,.F.);
#2703=ORIENTED_EDGE('',*,*,#2087,.T.);
#2704=ORIENTED_EDGE('',*,*,#2088,.T.);
#2705=ORIENTED_EDGE('',*,*,#2089,.T.);
#2706=ORIENTED_EDGE('',*,*,#2090,.T.);
#2707=ORIENTED_EDGE('',*,*,#2091,.T.);
#2708=ORIENTED_EDGE('',*,*,#2092,.T.);
#2709=ORIENTED_EDGE('',*,*,#2092,.F.);
#2710=ORIENTED_EDGE('',*,*,#2093,.F.);
#2711=ORIENTED_EDGE('',*,*,#2094,.F.);
#2712=ORIENTED_EDGE('',*,*,#2095,.T.);
#2713=ORIENTED_EDGE('',*,*,#2096,.T.);
#2714=ORIENTED_EDGE('',*,*,#2097,.F.);
#2715=ORIENTED_EDGE('',*,*,#2098,.F.);
#2716=ORIENTED_EDGE('',*,*,#2099,.T.);
#2717=ORIENTED_EDGE('',*,*,#2100,.T.);
#2718=ORIENTED_EDGE('',*,*,#2101,.F.);
#2719=ORIENTED_EDGE('',*,*,#2102,.T.);
#2720=ORIENTED_EDGE('',*,*,#2103,.F.);
#2721=ORIENTED_EDGE('',*,*,#2091,.F.);
#2722=ORIENTED_EDGE('',*,*,#2104,.F.);
#2723=ORIENTED_EDGE('',*,*,#2105,.F.);
#2724=ORIENTED_EDGE('',*,*,#2106,.T.);
#2725=ORIENTED_EDGE('',*,*,#2107,.F.);
#2726=ORIENTED_EDGE('',*,*,#2108,.T.);
#2727=ORIENTED_EDGE('',*,*,#2109,.F.);
#2728=ORIENTED_EDGE('',*,*,#2110,.T.);
#2729=ORIENTED_EDGE('',*,*,#2093,.T.);
#2730=ORIENTED_EDGE('',*,*,#2068,.F.);
#2731=ORIENTED_EDGE('',*,*,#2082,.T.);
#2732=ORIENTED_EDGE('',*,*,#2111,.F.);
#2733=ORIENTED_EDGE('',*,*,#2112,.F.);
#2734=ORIENTED_EDGE('',*,*,#2113,.F.);
#2735=ORIENTED_EDGE('',*,*,#2114,.F.);
#2736=ORIENTED_EDGE('',*,*,#2115,.F.);
#2737=ORIENTED_EDGE('',*,*,#2116,.F.);
#2738=ORIENTED_EDGE('',*,*,#2117,.F.);
#2739=ORIENTED_EDGE('',*,*,#2089,.F.);
#2740=ORIENTED_EDGE('',*,*,#2103,.T.);
#2741=ORIENTED_EDGE('',*,*,#2118,.T.);
#2742=ORIENTED_EDGE('',*,*,#2119,.T.);
#2743=ORIENTED_EDGE('',*,*,#2120,.T.);
#2744=ORIENTED_EDGE('',*,*,#2121,.T.);
#2745=ORIENTED_EDGE('',*,*,#2122,.T.);
#2746=ORIENTED_EDGE('',*,*,#2123,.T.);
#2747=ORIENTED_EDGE('',*,*,#2069,.F.);
#2748=ORIENTED_EDGE('',*,*,#2117,.T.);
#2749=ORIENTED_EDGE('',*,*,#2124,.F.);
#2750=ORIENTED_EDGE('',*,*,#2125,.T.);
#2751=ORIENTED_EDGE('',*,*,#2126,.T.);
#2752=ORIENTED_EDGE('',*,*,#2127,.T.);
#2753=ORIENTED_EDGE('',*,*,#2128,.T.);
#2754=ORIENTED_EDGE('',*,*,#2129,.F.);
#2755=ORIENTED_EDGE('',*,*,#2130,.F.);
#2756=ORIENTED_EDGE('',*,*,#2131,.F.);
#2757=ORIENTED_EDGE('',*,*,#2132,.T.);
#2758=ORIENTED_EDGE('',*,*,#2133,.T.);
#2759=ORIENTED_EDGE('',*,*,#2134,.T.);
#2760=ORIENTED_EDGE('',*,*,#2135,.T.);
#2761=ORIENTED_EDGE('',*,*,#2136,.F.);
#2762=ORIENTED_EDGE('',*,*,#2104,.T.);
#2763=ORIENTED_EDGE('',*,*,#2090,.F.);
#2764=ORIENTED_EDGE('',*,*,#2121,.F.);
#2765=ORIENTED_EDGE('',*,*,#2137,.F.);
#2766=ORIENTED_EDGE('',*,*,#2138,.T.);
#2767=ORIENTED_EDGE('',*,*,#2139,.T.);
#2768=ORIENTED_EDGE('',*,*,#2083,.F.);
#2769=ORIENTED_EDGE('',*,*,#2140,.T.);
#2770=ORIENTED_EDGE('',*,*,#2141,.T.);
#2771=ORIENTED_EDGE('',*,*,#2142,.T.);
#2772=ORIENTED_EDGE('',*,*,#2143,.T.);
#2773=ORIENTED_EDGE('',*,*,#2144,.T.);
#2774=ORIENTED_EDGE('',*,*,#2145,.T.);
#2775=ORIENTED_EDGE('',*,*,#2146,.T.);
#2776=ORIENTED_EDGE('',*,*,#2147,.T.);
#2777=ORIENTED_EDGE('',*,*,#2148,.F.);
#2778=ORIENTED_EDGE('',*,*,#2149,.T.);
#2779=ORIENTED_EDGE('',*,*,#2150,.T.);
#2780=ORIENTED_EDGE('',*,*,#2151,.T.);
#2781=ORIENTED_EDGE('',*,*,#2152,.F.);
#2782=ORIENTED_EDGE('',*,*,#2153,.T.);
#2783=ORIENTED_EDGE('',*,*,#2154,.T.);
#2784=ORIENTED_EDGE('',*,*,#2155,.T.);
#2785=ORIENTED_EDGE('',*,*,#2156,.T.);
#2786=ORIENTED_EDGE('',*,*,#2157,.T.);
#2787=ORIENTED_EDGE('',*,*,#2158,.F.);
#2788=ORIENTED_EDGE('',*,*,#2159,.T.);
#2789=ORIENTED_EDGE('',*,*,#2160,.T.);
#2790=ORIENTED_EDGE('',*,*,#2161,.T.);
#2791=ORIENTED_EDGE('',*,*,#2162,.F.);
#2792=ORIENTED_EDGE('',*,*,#2163,.T.);
#2793=ORIENTED_EDGE('',*,*,#2164,.T.);
#2794=ORIENTED_EDGE('',*,*,#2165,.T.);
#2795=ORIENTED_EDGE('',*,*,#2166,.T.);
#2796=ORIENTED_EDGE('',*,*,#2167,.T.);
#2797=ORIENTED_EDGE('',*,*,#2168,.T.);
#2798=ORIENTED_EDGE('',*,*,#2169,.T.);
#2799=ORIENTED_EDGE('',*,*,#2170,.T.);
#2800=ORIENTED_EDGE('',*,*,#2171,.T.);
#2801=ORIENTED_EDGE('',*,*,#2172,.T.);
#2802=ORIENTED_EDGE('',*,*,#2173,.T.);
#2803=ORIENTED_EDGE('',*,*,#2174,.F.);
#2804=ORIENTED_EDGE('',*,*,#2175,.T.);
#2805=ORIENTED_EDGE('',*,*,#2176,.T.);
#2806=ORIENTED_EDGE('',*,*,#2177,.T.);
#2807=ORIENTED_EDGE('',*,*,#2178,.F.);
#2808=ORIENTED_EDGE('',*,*,#2179,.T.);
#2809=ORIENTED_EDGE('',*,*,#2180,.T.);
#2810=ORIENTED_EDGE('',*,*,#2181,.T.);
#2811=ORIENTED_EDGE('',*,*,#2182,.T.);
#2812=ORIENTED_EDGE('',*,*,#2183,.T.);
#2813=ORIENTED_EDGE('',*,*,#2184,.T.);
#2814=ORIENTED_EDGE('',*,*,#2185,.T.);
#2815=ORIENTED_EDGE('',*,*,#2108,.F.);
#2816=ORIENTED_EDGE('',*,*,#2186,.F.);
#2817=ORIENTED_EDGE('',*,*,#2187,.T.);
#2818=ORIENTED_EDGE('',*,*,#2188,.T.);
#2819=ORIENTED_EDGE('',*,*,#2189,.T.);
#2820=ORIENTED_EDGE('',*,*,#2190,.T.);
#2821=ORIENTED_EDGE('',*,*,#2189,.F.);
#2822=ORIENTED_EDGE('',*,*,#2191,.T.);
#2823=ORIENTED_EDGE('',*,*,#2192,.T.);
#2824=ORIENTED_EDGE('',*,*,#2193,.T.);
#2825=ORIENTED_EDGE('',*,*,#2194,.T.);
#2826=ORIENTED_EDGE('',*,*,#2195,.T.);
#2827=ORIENTED_EDGE('',*,*,#2194,.F.);
#2828=ORIENTED_EDGE('',*,*,#2196,.T.);
#2829=ORIENTED_EDGE('',*,*,#2197,.T.);
#2830=ORIENTED_EDGE('',*,*,#2198,.T.);
#2831=ORIENTED_EDGE('',*,*,#2199,.T.);
#2832=ORIENTED_EDGE('',*,*,#2200,.T.);
#2833=ORIENTED_EDGE('',*,*,#2199,.F.);
#2834=ORIENTED_EDGE('',*,*,#2201,.T.);
#2835=ORIENTED_EDGE('',*,*,#2202,.T.);
#2836=ORIENTED_EDGE('',*,*,#2203,.T.);
#2837=ORIENTED_EDGE('',*,*,#2204,.T.);
#2838=ORIENTED_EDGE('',*,*,#2205,.T.);
#2839=ORIENTED_EDGE('',*,*,#2204,.F.);
#2840=ORIENTED_EDGE('',*,*,#2206,.T.);
#2841=ORIENTED_EDGE('',*,*,#2207,.F.);
#2842=ORIENTED_EDGE('',*,*,#2208,.T.);
#2843=ORIENTED_EDGE('',*,*,#2209,.T.);
#2844=ORIENTED_EDGE('',*,*,#2210,.T.);
#2845=ORIENTED_EDGE('',*,*,#2211,.T.);
#2846=ORIENTED_EDGE('',*,*,#2212,.F.);
#2847=ORIENTED_EDGE('',*,*,#2213,.T.);
#2848=ORIENTED_EDGE('',*,*,#2214,.T.);
#2849=ORIENTED_EDGE('',*,*,#2215,.T.);
#2850=ORIENTED_EDGE('',*,*,#2216,.F.);
#2851=ORIENTED_EDGE('',*,*,#2217,.T.);
#2852=ORIENTED_EDGE('',*,*,#2208,.F.);
#2853=ORIENTED_EDGE('',*,*,#2218,.F.);
#2854=ORIENTED_EDGE('',*,*,#2219,.T.);
#2855=ORIENTED_EDGE('',*,*,#2220,.T.);
#2856=ORIENTED_EDGE('',*,*,#2221,.T.);
#2857=ORIENTED_EDGE('',*,*,#2222,.T.);
#2858=ORIENTED_EDGE('',*,*,#2223,.F.);
#2859=ORIENTED_EDGE('',*,*,#2224,.T.);
#2860=ORIENTED_EDGE('',*,*,#2186,.T.);
#2861=ORIENTED_EDGE('',*,*,#2107,.T.);
#2862=ORIENTED_EDGE('',*,*,#2225,.F.);
#2863=ORIENTED_EDGE('',*,*,#2226,.T.);
#2864=ORIENTED_EDGE('',*,*,#2219,.F.);
#2865=ORIENTED_EDGE('',*,*,#2122,.F.);
#2866=ORIENTED_EDGE('',*,*,#2227,.T.);
#2867=ORIENTED_EDGE('',*,*,#2228,.T.);
#2868=ORIENTED_EDGE('',*,*,#2229,.T.);
#2869=ORIENTED_EDGE('',*,*,#2230,.T.);
#2870=ORIENTED_EDGE('',*,*,#2231,.F.);
#2871=ORIENTED_EDGE('',*,*,#2232,.T.);
#2872=ORIENTED_EDGE('',*,*,#2233,.T.);
#2873=ORIENTED_EDGE('',*,*,#2109,.T.);
#2874=ORIENTED_EDGE('',*,*,#2185,.F.);
#2875=ORIENTED_EDGE('',*,*,#2234,.T.);
#2876=ORIENTED_EDGE('',*,*,#2227,.F.);
#2877=ORIENTED_EDGE('',*,*,#2123,.F.);
#2878=ORIENTED_EDGE('',*,*,#2235,.T.);
#2879=ORIENTED_EDGE('',*,*,#2236,.T.);
#2880=ORIENTED_EDGE('',*,*,#2237,.T.);
#2881=ORIENTED_EDGE('',*,*,#2238,.T.);
#2882=ORIENTED_EDGE('',*,*,#2239,.F.);
#2883=ORIENTED_EDGE('',*,*,#2240,.T.);
#2884=ORIENTED_EDGE('',*,*,#2241,.T.);
#2885=ORIENTED_EDGE('',*,*,#2242,.T.);
#2886=ORIENTED_EDGE('',*,*,#2243,.F.);
#2887=ORIENTED_EDGE('',*,*,#2244,.T.);
#2888=ORIENTED_EDGE('',*,*,#2235,.F.);
#2889=ORIENTED_EDGE('',*,*,#2245,.F.);
#2890=ORIENTED_EDGE('',*,*,#2246,.T.);
#2891=ORIENTED_EDGE('',*,*,#2247,.F.);
#2892=ORIENTED_EDGE('',*,*,#2248,.T.);
#2893=ORIENTED_EDGE('',*,*,#2249,.T.);
#2894=ORIENTED_EDGE('',*,*,#2250,.F.);
#2895=ORIENTED_EDGE('',*,*,#2251,.F.);
#2896=ORIENTED_EDGE('',*,*,#2252,.T.);
#2897=ORIENTED_EDGE('',*,*,#2114,.T.);
#2898=ORIENTED_EDGE('',*,*,#2253,.F.);
#2899=ORIENTED_EDGE('',*,*,#2254,.F.);
#2900=ORIENTED_EDGE('',*,*,#2246,.F.);
#2901=ORIENTED_EDGE('',*,*,#2255,.F.);
#2902=ORIENTED_EDGE('',*,*,#2256,.T.);
#2903=ORIENTED_EDGE('',*,*,#2257,.F.);
#2904=ORIENTED_EDGE('',*,*,#2258,.T.);
#2905=ORIENTED_EDGE('',*,*,#2259,.T.);
#2906=ORIENTED_EDGE('',*,*,#2260,.F.);
#2907=ORIENTED_EDGE('',*,*,#2261,.F.);
#2908=ORIENTED_EDGE('',*,*,#2262,.T.);
#2909=ORIENTED_EDGE('',*,*,#2263,.T.);
#2910=ORIENTED_EDGE('',*,*,#2264,.F.);
#2911=ORIENTED_EDGE('',*,*,#2265,.F.);
#2912=ORIENTED_EDGE('',*,*,#2256,.F.);
#2913=ORIENTED_EDGE('',*,*,#2087,.F.);
#2914=ORIENTED_EDGE('',*,*,#2266,.T.);
#2915=ORIENTED_EDGE('',*,*,#2267,.F.);
#2916=ORIENTED_EDGE('',*,*,#2268,.T.);
#2917=ORIENTED_EDGE('',*,*,#2269,.T.);
#2918=ORIENTED_EDGE('',*,*,#2270,.F.);
#2919=ORIENTED_EDGE('',*,*,#2271,.F.);
#2920=ORIENTED_EDGE('',*,*,#2272,.T.);
#2921=ORIENTED_EDGE('',*,*,#2273,.T.);
#2922=ORIENTED_EDGE('',*,*,#2274,.F.);
#2923=ORIENTED_EDGE('',*,*,#2275,.F.);
#2924=ORIENTED_EDGE('',*,*,#2266,.F.);
#2925=ORIENTED_EDGE('',*,*,#2088,.F.);
#2926=ORIENTED_EDGE('',*,*,#2276,.T.);
#2927=ORIENTED_EDGE('',*,*,#2277,.F.);
#2928=ORIENTED_EDGE('',*,*,#2278,.T.);
#2929=ORIENTED_EDGE('',*,*,#2279,.T.);
#2930=ORIENTED_EDGE('',*,*,#2280,.F.);
#2931=ORIENTED_EDGE('',*,*,#2281,.F.);
#2932=ORIENTED_EDGE('',*,*,#2282,.T.);
#2933=ORIENTED_EDGE('',*,*,#2112,.T.);
#2934=ORIENTED_EDGE('',*,*,#2283,.F.);
#2935=ORIENTED_EDGE('',*,*,#2284,.F.);
#2936=ORIENTED_EDGE('',*,*,#2276,.F.);
#2937=ORIENTED_EDGE('',*,*,#2285,.T.);
#2938=ORIENTED_EDGE('',*,*,#2286,.F.);
#2939=ORIENTED_EDGE('',*,*,#2287,.T.);
#2940=ORIENTED_EDGE('',*,*,#2288,.T.);
#2941=ORIENTED_EDGE('',*,*,#2289,.T.);
#2942=ORIENTED_EDGE('',*,*,#2288,.F.);
#2943=ORIENTED_EDGE('',*,*,#2290,.T.);
#2944=ORIENTED_EDGE('',*,*,#2291,.F.);
#2945=ORIENTED_EDGE('',*,*,#2292,.T.);
#2946=ORIENTED_EDGE('',*,*,#2293,.F.);
#2947=ORIENTED_EDGE('',*,*,#2294,.T.);
#2948=ORIENTED_EDGE('',*,*,#2295,.T.);
#2949=ORIENTED_EDGE('',*,*,#2296,.T.);
#2950=ORIENTED_EDGE('',*,*,#2295,.F.);
#2951=ORIENTED_EDGE('',*,*,#2297,.T.);
#2952=ORIENTED_EDGE('',*,*,#2298,.F.);
#2953=ORIENTED_EDGE('',*,*,#2299,.F.);
#2954=ORIENTED_EDGE('',*,*,#2300,.T.);
#2955=ORIENTED_EDGE('',*,*,#2301,.F.);
#2956=ORIENTED_EDGE('',*,*,#2300,.F.);
#2957=ORIENTED_EDGE('',*,*,#2302,.F.);
#2958=ORIENTED_EDGE('',*,*,#2303,.T.);
#2959=ORIENTED_EDGE('',*,*,#2304,.F.);
#2960=ORIENTED_EDGE('',*,*,#2303,.F.);
#2961=ORIENTED_EDGE('',*,*,#2305,.T.);
#2962=ORIENTED_EDGE('',*,*,#2306,.T.);
#2963=ORIENTED_EDGE('',*,*,#2144,.F.);
#2964=ORIENTED_EDGE('',*,*,#2307,.T.);
#2965=ORIENTED_EDGE('',*,*,#2206,.F.);
#2966=ORIENTED_EDGE('',*,*,#2203,.F.);
#2967=ORIENTED_EDGE('',*,*,#2308,.T.);
#2968=ORIENTED_EDGE('',*,*,#2191,.F.);
#2969=ORIENTED_EDGE('',*,*,#2188,.F.);
#2970=ORIENTED_EDGE('',*,*,#2309,.T.);
#2971=ORIENTED_EDGE('',*,*,#2310,.T.);
#2972=ORIENTED_EDGE('',*,*,#2311,.T.);
#2973=ORIENTED_EDGE('',*,*,#2312,.F.);
#2974=ORIENTED_EDGE('',*,*,#2311,.F.);
#2975=ORIENTED_EDGE('',*,*,#2313,.T.);
#2976=ORIENTED_EDGE('',*,*,#2222,.F.);
#2977=ORIENTED_EDGE('',*,*,#2314,.T.);
#2978=ORIENTED_EDGE('',*,*,#2315,.F.);
#2979=ORIENTED_EDGE('',*,*,#2316,.T.);
#2980=ORIENTED_EDGE('',*,*,#2317,.T.);
#2981=ORIENTED_EDGE('',*,*,#2318,.T.);
#2982=ORIENTED_EDGE('',*,*,#2319,.F.);
#2983=ORIENTED_EDGE('',*,*,#2320,.T.);
#2984=ORIENTED_EDGE('',*,*,#2215,.F.);
#2985=ORIENTED_EDGE('',*,*,#2321,.T.);
#2986=ORIENTED_EDGE('',*,*,#2242,.F.);
#2987=ORIENTED_EDGE('',*,*,#2322,.T.);
#2988=ORIENTED_EDGE('',*,*,#2097,.T.);
#2989=ORIENTED_EDGE('',*,*,#2323,.T.);
#2990=ORIENTED_EDGE('',*,*,#2230,.F.);
#2991=ORIENTED_EDGE('',*,*,#2249,.F.);
#2992=ORIENTED_EDGE('',*,*,#2324,.F.);
#2993=ORIENTED_EDGE('',*,*,#2279,.F.);
#2994=ORIENTED_EDGE('',*,*,#2325,.F.);
#2995=ORIENTED_EDGE('',*,*,#2078,.F.);
#2996=ORIENTED_EDGE('',*,*,#2326,.F.);
#2997=ORIENTED_EDGE('',*,*,#2273,.F.);
#2998=ORIENTED_EDGE('',*,*,#2327,.F.);
#2999=ORIENTED_EDGE('',*,*,#2263,.F.);
#3000=ORIENTED_EDGE('',*,*,#2328,.F.);
#3001=ORIENTED_EDGE('',*,*,#2329,.F.);
#3002=ORIENTED_EDGE('',*,*,#2330,.T.);
#3003=ORIENTED_EDGE('',*,*,#2331,.T.);
#3004=ORIENTED_EDGE('',*,*,#2332,.T.);
#3005=ORIENTED_EDGE('',*,*,#2333,.F.);
#3006=ORIENTED_EDGE('',*,*,#2334,.F.);
#3007=ORIENTED_EDGE('',*,*,#2259,.F.);
#3008=ORIENTED_EDGE('',*,*,#2335,.F.);
#3009=ORIENTED_EDGE('',*,*,#2269,.F.);
#3010=ORIENTED_EDGE('',*,*,#2336,.F.);
#3011=ORIENTED_EDGE('',*,*,#2074,.F.);
#3012=ORIENTED_EDGE('',*,*,#2337,.T.);
#3013=ORIENTED_EDGE('',*,*,#2338,.T.);
#3014=ORIENTED_EDGE('',*,*,#2339,.F.);
#3015=ORIENTED_EDGE('',*,*,#2340,.F.);
#3016=ORIENTED_EDGE('',*,*,#2341,.F.);
#3017=ORIENTED_EDGE('',*,*,#2342,.T.);
#3018=ORIENTED_EDGE('',*,*,#2339,.T.);
#3019=ORIENTED_EDGE('',*,*,#2343,.T.);
#3020=ORIENTED_EDGE('',*,*,#2344,.T.);
#3021=ORIENTED_EDGE('',*,*,#2345,.T.);
#3022=ORIENTED_EDGE('',*,*,#2346,.T.);
#3023=ORIENTED_EDGE('',*,*,#2347,.T.);
#3024=ORIENTED_EDGE('',*,*,#2348,.T.);
#3025=ORIENTED_EDGE('',*,*,#2349,.T.);
#3026=ORIENTED_EDGE('',*,*,#2350,.F.);
#3027=ORIENTED_EDGE('',*,*,#2129,.T.);
#3028=ORIENTED_EDGE('',*,*,#2351,.T.);
#3029=ORIENTED_EDGE('',*,*,#2352,.T.);
#3030=ORIENTED_EDGE('',*,*,#2353,.T.);
#3031=ORIENTED_EDGE('',*,*,#2354,.T.);
#3032=ORIENTED_EDGE('',*,*,#2355,.T.);
#3033=ORIENTED_EDGE('',*,*,#2124,.T.);
#3034=ORIENTED_EDGE('',*,*,#2116,.T.);
#3035=ORIENTED_EDGE('',*,*,#2356,.F.);
#3036=ORIENTED_EDGE('',*,*,#2357,.F.);
#3037=ORIENTED_EDGE('',*,*,#2358,.T.);
#3038=ORIENTED_EDGE('',*,*,#2333,.T.);
#3039=ORIENTED_EDGE('',*,*,#2359,.T.);
#3040=ORIENTED_EDGE('',*,*,#2360,.T.);
#3041=ORIENTED_EDGE('',*,*,#2361,.T.);
#3042=ORIENTED_EDGE('',*,*,#2362,.T.);
#3043=ORIENTED_EDGE('',*,*,#2363,.T.);
#3044=ORIENTED_EDGE('',*,*,#2364,.T.);
#3045=ORIENTED_EDGE('',*,*,#2365,.T.);
#3046=ORIENTED_EDGE('',*,*,#2329,.T.);
#3047=ORIENTED_EDGE('',*,*,#2366,.F.);
#3048=ORIENTED_EDGE('',*,*,#2367,.T.);
#3049=ORIENTED_EDGE('',*,*,#2285,.F.);
#3050=ORIENTED_EDGE('',*,*,#2368,.T.);
#3051=ORIENTED_EDGE('',*,*,#2369,.T.);
#3052=ORIENTED_EDGE('',*,*,#2370,.T.);
#3053=ORIENTED_EDGE('',*,*,#2290,.F.);
#3054=ORIENTED_EDGE('',*,*,#2287,.F.);
#3055=ORIENTED_EDGE('',*,*,#2371,.T.);
#3056=ORIENTED_EDGE('',*,*,#2292,.F.);
#3057=ORIENTED_EDGE('',*,*,#2372,.T.);
#3058=ORIENTED_EDGE('',*,*,#2373,.T.);
#3059=ORIENTED_EDGE('',*,*,#2130,.T.);
#3060=ORIENTED_EDGE('',*,*,#2350,.T.);
#3061=ORIENTED_EDGE('',*,*,#2299,.T.);
#3062=ORIENTED_EDGE('',*,*,#2302,.T.);
#3063=ORIENTED_EDGE('',*,*,#2374,.F.);
#3064=ORIENTED_EDGE('',*,*,#2375,.T.);
#3065=ORIENTED_EDGE('',*,*,#2376,.T.);
#3066=ORIENTED_EDGE('',*,*,#2319,.T.);
#3067=ORIENTED_EDGE('',*,*,#2377,.T.);
#3068=ORIENTED_EDGE('',*,*,#2378,.T.);
#3069=ORIENTED_EDGE('',*,*,#2379,.T.);
#3070=ORIENTED_EDGE('',*,*,#2380,.T.);
#3071=ORIENTED_EDGE('',*,*,#2381,.T.);
#3072=ORIENTED_EDGE('',*,*,#2382,.T.);
#3073=ORIENTED_EDGE('',*,*,#2383,.T.);
#3074=ORIENTED_EDGE('',*,*,#2315,.T.);
#3075=ORIENTED_EDGE('',*,*,#2384,.F.);
#3076=ORIENTED_EDGE('',*,*,#2385,.T.);
#3077=ORIENTED_EDGE('',*,*,#2386,.T.);
#3078=ORIENTED_EDGE('',*,*,#2105,.T.);
#3079=ORIENTED_EDGE('',*,*,#2136,.T.);
#3080=ORIENTED_EDGE('',*,*,#2387,.T.);
#3081=ORIENTED_EDGE('',*,*,#2388,.T.);
#3082=ORIENTED_EDGE('',*,*,#2389,.T.);
#3083=ORIENTED_EDGE('',*,*,#2390,.T.);
#3084=ORIENTED_EDGE('',*,*,#2391,.T.);
#3085=ORIENTED_EDGE('',*,*,#2131,.T.);
#3086=ORIENTED_EDGE('',*,*,#2373,.F.);
#3087=ORIENTED_EDGE('',*,*,#2392,.T.);
#3088=ORIENTED_EDGE('',*,*,#2393,.T.);
#3089=ORIENTED_EDGE('',*,*,#2394,.T.);
#3090=ORIENTED_EDGE('',*,*,#2395,.T.);
#3091=ORIENTED_EDGE('',*,*,#2396,.T.);
#3092=ORIENTED_EDGE('',*,*,#2397,.T.);
#3093=ORIENTED_EDGE('',*,*,#2398,.T.);
#3094=ORIENTED_EDGE('',*,*,#2399,.T.);
#3095=ORIENTED_EDGE('',*,*,#2338,.F.);
#3096=ORIENTED_EDGE('',*,*,#2400,.T.);
#3097=ORIENTED_EDGE('',*,*,#2085,.F.);
#3098=ORIENTED_EDGE('',*,*,#2401,.F.);
#3099=ORIENTED_EDGE('',*,*,#2402,.F.);
#3100=ORIENTED_EDGE('',*,*,#2403,.F.);
#3101=ORIENTED_EDGE('',*,*,#2119,.F.);
#3102=ORIENTED_EDGE('',*,*,#2404,.T.);
#3103=ORIENTED_EDGE('',*,*,#2405,.F.);
#3104=ORIENTED_EDGE('',*,*,#2398,.F.);
#3105=ORIENTED_EDGE('',*,*,#2406,.F.);
#3106=ORIENTED_EDGE('',*,*,#2407,.F.);
#3107=ORIENTED_EDGE('',*,*,#2408,.F.);
#3108=ORIENTED_EDGE('',*,*,#2409,.F.);
#3109=ORIENTED_EDGE('',*,*,#2392,.F.);
#3110=ORIENTED_EDGE('',*,*,#2372,.F.);
#3111=ORIENTED_EDGE('',*,*,#2349,.F.);
#3112=ORIENTED_EDGE('',*,*,#2410,.F.);
#3113=ORIENTED_EDGE('',*,*,#2411,.F.);
#3114=ORIENTED_EDGE('',*,*,#2412,.F.);
#3115=ORIENTED_EDGE('',*,*,#2413,.F.);
#3116=ORIENTED_EDGE('',*,*,#2343,.F.);
#3117=ORIENTED_EDGE('',*,*,#2414,.F.);
#3118=ORIENTED_EDGE('',*,*,#2415,.F.);
#3119=ORIENTED_EDGE('',*,*,#2416,.F.);
#3120=ORIENTED_EDGE('',*,*,#2417,.F.);
#3121=ORIENTED_EDGE('',*,*,#2418,.F.);
#3122=ORIENTED_EDGE('',*,*,#2419,.F.);
#3123=ORIENTED_EDGE('',*,*,#2305,.F.);
#3124=ORIENTED_EDGE('',*,*,#2420,.F.);
#3125=ORIENTED_EDGE('',*,*,#2421,.F.);
#3126=ORIENTED_EDGE('',*,*,#2422,.T.);
#3127=ORIENTED_EDGE('',*,*,#2423,.F.);
#3128=ORIENTED_EDGE('',*,*,#2424,.T.);
#3129=ORIENTED_EDGE('',*,*,#2425,.F.);
#3130=ORIENTED_EDGE('',*,*,#2426,.T.);
#3131=ORIENTED_EDGE('',*,*,#2427,.F.);
#3132=ORIENTED_EDGE('',*,*,#2428,.T.);
#3133=ORIENTED_EDGE('',*,*,#2429,.T.);
#3134=ORIENTED_EDGE('',*,*,#2430,.T.);
#3135=ORIENTED_EDGE('',*,*,#2431,.F.);
#3136=ORIENTED_EDGE('',*,*,#2432,.T.);
#3137=ORIENTED_EDGE('',*,*,#2433,.F.);
#3138=ORIENTED_EDGE('',*,*,#2434,.T.);
#3139=ORIENTED_EDGE('',*,*,#2435,.F.);
#3140=ORIENTED_EDGE('',*,*,#2436,.T.);
#3141=ORIENTED_EDGE('',*,*,#2437,.F.);
#3142=ORIENTED_EDGE('',*,*,#2438,.T.);
#3143=ORIENTED_EDGE('',*,*,#2369,.F.);
#3144=ORIENTED_EDGE('',*,*,#2439,.T.);
#3145=ORIENTED_EDGE('',*,*,#2440,.F.);
#3146=ORIENTED_EDGE('',*,*,#2441,.T.);
#3147=ORIENTED_EDGE('',*,*,#2442,.F.);
#3148=ORIENTED_EDGE('',*,*,#2443,.T.);
#3149=ORIENTED_EDGE('',*,*,#2444,.T.);
#3150=ORIENTED_EDGE('',*,*,#2445,.T.);
#3151=ORIENTED_EDGE('',*,*,#2446,.F.);
#3152=ORIENTED_EDGE('',*,*,#2447,.T.);
#3153=ORIENTED_EDGE('',*,*,#2448,.F.);
#3154=ORIENTED_EDGE('',*,*,#2449,.T.);
#3155=ORIENTED_EDGE('',*,*,#2450,.F.);
#3156=ORIENTED_EDGE('',*,*,#2451,.T.);
#3157=ORIENTED_EDGE('',*,*,#2452,.F.);
#3158=ORIENTED_EDGE('',*,*,#2453,.T.);
#3159=ORIENTED_EDGE('',*,*,#2454,.T.);
#3160=ORIENTED_EDGE('',*,*,#2455,.T.);
#3161=ORIENTED_EDGE('',*,*,#2456,.F.);
#3162=ORIENTED_EDGE('',*,*,#2457,.F.);
#3163=ORIENTED_EDGE('',*,*,#2406,.T.);
#3164=ORIENTED_EDGE('',*,*,#2397,.F.);
#3165=ORIENTED_EDGE('',*,*,#2458,.T.);
#3166=ORIENTED_EDGE('',*,*,#2456,.T.);
#3167=ORIENTED_EDGE('',*,*,#2396,.F.);
#3168=ORIENTED_EDGE('',*,*,#2459,.T.);
#3169=ORIENTED_EDGE('',*,*,#2460,.F.);
#3170=ORIENTED_EDGE('',*,*,#2461,.F.);
#3171=ORIENTED_EDGE('',*,*,#2462,.F.);
#3172=ORIENTED_EDGE('',*,*,#2459,.F.);
#3173=ORIENTED_EDGE('',*,*,#2395,.F.);
#3174=ORIENTED_EDGE('',*,*,#2394,.F.);
#3175=ORIENTED_EDGE('',*,*,#2463,.T.);
#3176=ORIENTED_EDGE('',*,*,#2464,.T.);
#3177=ORIENTED_EDGE('',*,*,#2460,.T.);
#3178=ORIENTED_EDGE('',*,*,#2463,.F.);
#3179=ORIENTED_EDGE('',*,*,#2393,.F.);
#3180=ORIENTED_EDGE('',*,*,#2409,.T.);
#3181=ORIENTED_EDGE('',*,*,#2465,.F.);
#3182=ORIENTED_EDGE('',*,*,#2466,.F.);
#3183=ORIENTED_EDGE('',*,*,#2467,.F.);
#3184=ORIENTED_EDGE('',*,*,#2132,.F.);
#3185=ORIENTED_EDGE('',*,*,#2391,.F.);
#3186=ORIENTED_EDGE('',*,*,#2390,.F.);
#3187=ORIENTED_EDGE('',*,*,#2468,.T.);
#3188=ORIENTED_EDGE('',*,*,#2469,.T.);
#3189=ORIENTED_EDGE('',*,*,#2466,.T.);
#3190=ORIENTED_EDGE('',*,*,#2468,.F.);
#3191=ORIENTED_EDGE('',*,*,#2389,.F.);
#3192=ORIENTED_EDGE('',*,*,#2470,.F.);
#3193=ORIENTED_EDGE('',*,*,#2471,.F.);
#3194=ORIENTED_EDGE('',*,*,#2472,.F.);
#3195=ORIENTED_EDGE('',*,*,#2473,.T.);
#3196=ORIENTED_EDGE('',*,*,#2470,.T.);
#3197=ORIENTED_EDGE('',*,*,#2388,.F.);
#3198=ORIENTED_EDGE('',*,*,#2474,.T.);
#3199=ORIENTED_EDGE('',*,*,#2474,.F.);
#3200=ORIENTED_EDGE('',*,*,#2387,.F.);
#3201=ORIENTED_EDGE('',*,*,#2135,.F.);
#3202=ORIENTED_EDGE('',*,*,#2475,.F.);
#3203=ORIENTED_EDGE('',*,*,#2476,.T.);
#3204=ORIENTED_EDGE('',*,*,#2211,.F.);
#3205=ORIENTED_EDGE('',*,*,#2477,.T.);
#3206=ORIENTED_EDGE('',*,*,#2399,.F.);
#3207=ORIENTED_EDGE('',*,*,#2405,.T.);
#3208=ORIENTED_EDGE('',*,*,#2478,.T.);
#3209=ORIENTED_EDGE('',*,*,#2101,.T.);
#3210=ORIENTED_EDGE('',*,*,#2479,.T.);
#3211=ORIENTED_EDGE('',*,*,#2238,.F.);
#3212=ORIENTED_EDGE('',*,*,#2480,.F.);
#3213=ORIENTED_EDGE('',*,*,#2481,.F.);
#3214=ORIENTED_EDGE('',*,*,#2316,.F.);
#3215=ORIENTED_EDGE('',*,*,#2383,.F.);
#3216=ORIENTED_EDGE('',*,*,#2482,.T.);
#3217=ORIENTED_EDGE('',*,*,#2483,.T.);
#3218=ORIENTED_EDGE('',*,*,#2484,.F.);
#3219=ORIENTED_EDGE('',*,*,#2485,.F.);
#3220=ORIENTED_EDGE('',*,*,#2480,.T.);
#3221=ORIENTED_EDGE('',*,*,#2382,.F.);
#3222=ORIENTED_EDGE('',*,*,#2486,.F.);
#3223=ORIENTED_EDGE('',*,*,#2487,.F.);
#3224=ORIENTED_EDGE('',*,*,#2488,.F.);
#3225=ORIENTED_EDGE('',*,*,#2489,.T.);
#3226=ORIENTED_EDGE('',*,*,#2381,.F.);
#3227=ORIENTED_EDGE('',*,*,#2490,.T.);
#3228=ORIENTED_EDGE('',*,*,#2491,.T.);
#3229=ORIENTED_EDGE('',*,*,#2486,.T.);
#3230=ORIENTED_EDGE('',*,*,#2490,.F.);
#3231=ORIENTED_EDGE('',*,*,#2380,.F.);
#3232=ORIENTED_EDGE('',*,*,#2492,.F.);
#3233=ORIENTED_EDGE('',*,*,#2493,.F.);
#3234=ORIENTED_EDGE('',*,*,#2379,.F.);
#3235=ORIENTED_EDGE('',*,*,#2494,.T.);
#3236=ORIENTED_EDGE('',*,*,#2495,.T.);
#3237=ORIENTED_EDGE('',*,*,#2492,.T.);
#3238=ORIENTED_EDGE('',*,*,#2496,.F.);
#3239=ORIENTED_EDGE('',*,*,#2497,.T.);
#3240=ORIENTED_EDGE('',*,*,#2498,.T.);
#3241=ORIENTED_EDGE('',*,*,#2499,.T.);
#3242=ORIENTED_EDGE('',*,*,#2500,.F.);
#3243=ORIENTED_EDGE('',*,*,#2501,.F.);
#3244=ORIENTED_EDGE('',*,*,#2494,.F.);
#3245=ORIENTED_EDGE('',*,*,#2378,.F.);
#3246=ORIENTED_EDGE('',*,*,#2502,.F.);
#3247=ORIENTED_EDGE('',*,*,#2503,.F.);
#3248=ORIENTED_EDGE('',*,*,#2318,.F.);
#3249=ORIENTED_EDGE('',*,*,#2504,.F.);
#3250=ORIENTED_EDGE('',*,*,#2502,.T.);
#3251=ORIENTED_EDGE('',*,*,#2377,.F.);
#3252=ORIENTED_EDGE('',*,*,#2505,.F.);
#3253=ORIENTED_EDGE('',*,*,#2506,.F.);
#3254=ORIENTED_EDGE('',*,*,#2412,.T.);
#3255=ORIENTED_EDGE('',*,*,#2507,.F.);
#3256=ORIENTED_EDGE('',*,*,#2508,.F.);
#3257=ORIENTED_EDGE('',*,*,#2344,.F.);
#3258=ORIENTED_EDGE('',*,*,#2413,.T.);
#3259=ORIENTED_EDGE('',*,*,#2506,.T.);
#3260=ORIENTED_EDGE('',*,*,#2139,.F.);
#3261=ORIENTED_EDGE('',*,*,#2509,.F.);
#3262=ORIENTED_EDGE('',*,*,#2401,.T.);
#3263=ORIENTED_EDGE('',*,*,#2084,.F.);
#3264=ORIENTED_EDGE('',*,*,#2402,.T.);
#3265=ORIENTED_EDGE('',*,*,#2509,.T.);
#3266=ORIENTED_EDGE('',*,*,#2138,.F.);
#3267=ORIENTED_EDGE('',*,*,#2510,.T.);
#3268=ORIENTED_EDGE('',*,*,#2312,.T.);
#3269=ORIENTED_EDGE('',*,*,#2190,.F.);
#3270=ORIENTED_EDGE('',*,*,#2195,.F.);
#3271=ORIENTED_EDGE('',*,*,#2200,.F.);
#3272=ORIENTED_EDGE('',*,*,#2205,.F.);
#3273=ORIENTED_EDGE('',*,*,#2137,.T.);
#3274=ORIENTED_EDGE('',*,*,#2120,.F.);
#3275=ORIENTED_EDGE('',*,*,#2403,.T.);
#3276=ORIENTED_EDGE('',*,*,#2510,.F.);
#3277=ORIENTED_EDGE('',*,*,#2511,.F.);
#3278=ORIENTED_EDGE('',*,*,#2512,.F.);
#3279=ORIENTED_EDGE('',*,*,#2407,.T.);
#3280=ORIENTED_EDGE('',*,*,#2457,.T.);
#3281=ORIENTED_EDGE('',*,*,#2513,.F.);
#3282=ORIENTED_EDGE('',*,*,#2465,.T.);
#3283=ORIENTED_EDGE('',*,*,#2408,.T.);
#3284=ORIENTED_EDGE('',*,*,#2512,.T.);
#3285=ORIENTED_EDGE('',*,*,#2514,.F.);
#3286=ORIENTED_EDGE('',*,*,#2515,.F.);
#3287=ORIENTED_EDGE('',*,*,#2410,.T.);
#3288=ORIENTED_EDGE('',*,*,#2348,.F.);
#3289=ORIENTED_EDGE('',*,*,#2516,.F.);
#3290=ORIENTED_EDGE('',*,*,#2507,.T.);
#3291=ORIENTED_EDGE('',*,*,#2411,.T.);
#3292=ORIENTED_EDGE('',*,*,#2515,.T.);
#3293=ORIENTED_EDGE('',*,*,#2309,.F.);
#3294=ORIENTED_EDGE('',*,*,#2187,.F.);
#3295=ORIENTED_EDGE('',*,*,#2308,.F.);
#3296=ORIENTED_EDGE('',*,*,#2202,.F.);
#3297=ORIENTED_EDGE('',*,*,#2307,.F.);
#3298=ORIENTED_EDGE('',*,*,#2143,.F.);
#3299=ORIENTED_EDGE('',*,*,#2517,.F.);
#3300=ORIENTED_EDGE('',*,*,#2196,.F.);
#3301=ORIENTED_EDGE('',*,*,#2193,.F.);
#3302=ORIENTED_EDGE('',*,*,#2518,.F.);
#3303=ORIENTED_EDGE('',*,*,#2201,.F.);
#3304=ORIENTED_EDGE('',*,*,#2198,.F.);
#3305=ORIENTED_EDGE('',*,*,#2519,.F.);
#3306=ORIENTED_EDGE('',*,*,#2420,.T.);
#3307=ORIENTED_EDGE('',*,*,#2310,.F.);
#3308=ORIENTED_EDGE('',*,*,#2518,.T.);
#3309=ORIENTED_EDGE('',*,*,#2192,.F.);
#3310=ORIENTED_EDGE('',*,*,#2517,.T.);
#3311=ORIENTED_EDGE('',*,*,#2142,.F.);
#3312=ORIENTED_EDGE('',*,*,#2520,.F.);
#3313=ORIENTED_EDGE('',*,*,#2414,.T.);
#3314=ORIENTED_EDGE('',*,*,#2519,.T.);
#3315=ORIENTED_EDGE('',*,*,#2197,.F.);
#3316=ORIENTED_EDGE('',*,*,#2521,.F.);
#3317=ORIENTED_EDGE('',*,*,#2415,.T.);
#3318=ORIENTED_EDGE('',*,*,#2520,.T.);
#3319=ORIENTED_EDGE('',*,*,#2141,.F.);
#3320=ORIENTED_EDGE('',*,*,#2245,.T.);
#3321=ORIENTED_EDGE('',*,*,#2255,.T.);
#3322=ORIENTED_EDGE('',*,*,#2522,.F.);
#3323=ORIENTED_EDGE('',*,*,#2416,.T.);
#3324=ORIENTED_EDGE('',*,*,#2521,.T.);
#3325=ORIENTED_EDGE('',*,*,#2140,.F.);
#3326=ORIENTED_EDGE('',*,*,#2523,.F.);
#3327=ORIENTED_EDGE('',*,*,#2417,.T.);
#3328=ORIENTED_EDGE('',*,*,#2522,.T.);
#3329=ORIENTED_EDGE('',*,*,#2147,.F.);
#3330=ORIENTED_EDGE('',*,*,#2524,.F.);
#3331=ORIENTED_EDGE('',*,*,#2418,.T.);
#3332=ORIENTED_EDGE('',*,*,#2523,.T.);
#3333=ORIENTED_EDGE('',*,*,#2146,.F.);
#3334=ORIENTED_EDGE('',*,*,#2306,.F.);
#3335=ORIENTED_EDGE('',*,*,#2419,.T.);
#3336=ORIENTED_EDGE('',*,*,#2524,.T.);
#3337=ORIENTED_EDGE('',*,*,#2145,.F.);
#3338=ORIENTED_EDGE('',*,*,#2207,.T.);
#3339=ORIENTED_EDGE('',*,*,#2218,.T.);
#3340=ORIENTED_EDGE('',*,*,#2150,.F.);
#3341=ORIENTED_EDGE('',*,*,#2525,.T.);
#3342=ORIENTED_EDGE('',*,*,#2421,.T.);
#3343=ORIENTED_EDGE('',*,*,#2526,.T.);
#3344=ORIENTED_EDGE('',*,*,#2425,.T.);
#3345=ORIENTED_EDGE('',*,*,#2527,.T.);
#3346=ORIENTED_EDGE('',*,*,#2182,.F.);
#3347=ORIENTED_EDGE('',*,*,#2528,.T.);
#3348=ORIENTED_EDGE('',*,*,#2180,.F.);
#3349=ORIENTED_EDGE('',*,*,#2529,.T.);
#3350=ORIENTED_EDGE('',*,*,#2530,.F.);
#3351=ORIENTED_EDGE('',*,*,#2531,.F.);
#3352=ORIENTED_EDGE('',*,*,#2532,.F.);
#3353=ORIENTED_EDGE('',*,*,#2533,.T.);
#3354=ORIENTED_EDGE('',*,*,#2427,.T.);
#3355=ORIENTED_EDGE('',*,*,#2534,.T.);
#3356=ORIENTED_EDGE('',*,*,#2431,.T.);
#3357=ORIENTED_EDGE('',*,*,#2535,.T.);
#3358=ORIENTED_EDGE('',*,*,#2536,.F.);
#3359=ORIENTED_EDGE('',*,*,#2537,.F.);
#3360=ORIENTED_EDGE('',*,*,#2538,.T.);
#3361=ORIENTED_EDGE('',*,*,#2539,.F.);
#3362=ORIENTED_EDGE('',*,*,#2540,.T.);
#3363=ORIENTED_EDGE('',*,*,#2172,.F.);
#3364=ORIENTED_EDGE('',*,*,#2541,.T.);
#3365=ORIENTED_EDGE('',*,*,#2435,.T.);
#3366=ORIENTED_EDGE('',*,*,#2542,.T.);
#3367=ORIENTED_EDGE('',*,*,#2543,.F.);
#3368=ORIENTED_EDGE('',*,*,#2544,.F.);
#3369=ORIENTED_EDGE('',*,*,#2170,.F.);
#3370=ORIENTED_EDGE('',*,*,#2545,.T.);
#3371=ORIENTED_EDGE('',*,*,#2437,.T.);
#3372=ORIENTED_EDGE('',*,*,#2546,.T.);
#3373=ORIENTED_EDGE('',*,*,#2547,.T.);
#3374=ORIENTED_EDGE('',*,*,#2297,.F.);
#3375=ORIENTED_EDGE('',*,*,#2294,.F.);
#3376=ORIENTED_EDGE('',*,*,#2548,.T.);
#3377=ORIENTED_EDGE('',*,*,#2168,.F.);
#3378=ORIENTED_EDGE('',*,*,#2440,.T.);
#3379=ORIENTED_EDGE('',*,*,#2549,.T.);
#3380=ORIENTED_EDGE('',*,*,#2166,.F.);
#3381=ORIENTED_EDGE('',*,*,#2550,.T.);
#3382=ORIENTED_EDGE('',*,*,#2500,.T.);
#3383=ORIENTED_EDGE('',*,*,#2551,.T.);
#3384=ORIENTED_EDGE('',*,*,#2442,.T.);
#3385=ORIENTED_EDGE('',*,*,#2552,.T.);
#3386=ORIENTED_EDGE('',*,*,#2164,.F.);
#3387=ORIENTED_EDGE('',*,*,#2553,.T.);
#3388=ORIENTED_EDGE('',*,*,#2488,.T.);
#3389=ORIENTED_EDGE('',*,*,#2554,.F.);
#3390=ORIENTED_EDGE('',*,*,#2446,.T.);
#3391=ORIENTED_EDGE('',*,*,#2555,.T.);
#3392=ORIENTED_EDGE('',*,*,#2496,.T.);
#3393=ORIENTED_EDGE('',*,*,#2556,.F.);
#3394=ORIENTED_EDGE('',*,*,#2557,.T.);
#3395=ORIENTED_EDGE('',*,*,#2156,.F.);
#3396=ORIENTED_EDGE('',*,*,#2558,.T.);
#3397=ORIENTED_EDGE('',*,*,#2450,.T.);
#3398=ORIENTED_EDGE('',*,*,#2559,.T.);
#3399=ORIENTED_EDGE('',*,*,#2560,.F.);
#3400=ORIENTED_EDGE('',*,*,#2561,.F.);
#3401=ORIENTED_EDGE('',*,*,#2562,.F.);
#3402=ORIENTED_EDGE('',*,*,#2563,.T.);
#3403=ORIENTED_EDGE('',*,*,#2452,.T.);
#3404=ORIENTED_EDGE('',*,*,#2564,.T.);
#3405=ORIENTED_EDGE('',*,*,#2154,.F.);
#3406=ORIENTED_EDGE('',*,*,#2565,.T.);
#3407=ORIENTED_EDGE('',*,*,#2566,.F.);
#3408=ORIENTED_EDGE('',*,*,#2567,.F.);
#3409=ORIENTED_EDGE('',*,*,#2125,.F.);
#3410=ORIENTED_EDGE('',*,*,#2355,.F.);
#3411=ORIENTED_EDGE('',*,*,#2568,.F.);
#3412=ORIENTED_EDGE('',*,*,#2569,.F.);
#3413=ORIENTED_EDGE('',*,*,#2566,.T.);
#3414=ORIENTED_EDGE('',*,*,#2354,.F.);
#3415=ORIENTED_EDGE('',*,*,#2570,.T.);
#3416=ORIENTED_EDGE('',*,*,#2568,.T.);
#3417=ORIENTED_EDGE('',*,*,#2353,.F.);
#3418=ORIENTED_EDGE('',*,*,#2571,.T.);
#3419=ORIENTED_EDGE('',*,*,#2572,.T.);
#3420=ORIENTED_EDGE('',*,*,#2571,.F.);
#3421=ORIENTED_EDGE('',*,*,#2352,.F.);
#3422=ORIENTED_EDGE('',*,*,#2573,.F.);
#3423=ORIENTED_EDGE('',*,*,#2574,.F.);
#3424=ORIENTED_EDGE('',*,*,#2573,.T.);
#3425=ORIENTED_EDGE('',*,*,#2351,.F.);
#3426=ORIENTED_EDGE('',*,*,#2128,.F.);
#3427=ORIENTED_EDGE('',*,*,#2575,.F.);
#3428=ORIENTED_EDGE('',*,*,#2514,.T.);
#3429=ORIENTED_EDGE('',*,*,#2347,.F.);
#3430=ORIENTED_EDGE('',*,*,#2576,.F.);
#3431=ORIENTED_EDGE('',*,*,#2577,.F.);
#3432=ORIENTED_EDGE('',*,*,#2578,.T.);
#3433=ORIENTED_EDGE('',*,*,#2579,.T.);
#3434=ORIENTED_EDGE('',*,*,#2580,.T.);
#3435=ORIENTED_EDGE('',*,*,#2576,.T.);
#3436=ORIENTED_EDGE('',*,*,#2346,.F.);
#3437=ORIENTED_EDGE('',*,*,#2508,.T.);
#3438=ORIENTED_EDGE('',*,*,#2581,.F.);
#3439=ORIENTED_EDGE('',*,*,#2578,.F.);
#3440=ORIENTED_EDGE('',*,*,#2345,.F.);
#3441=ORIENTED_EDGE('',*,*,#2582,.T.);
#3442=ORIENTED_EDGE('',*,*,#2330,.F.);
#3443=ORIENTED_EDGE('',*,*,#2365,.F.);
#3444=ORIENTED_EDGE('',*,*,#2583,.T.);
#3445=ORIENTED_EDGE('',*,*,#2584,.F.);
#3446=ORIENTED_EDGE('',*,*,#2585,.T.);
#3447=ORIENTED_EDGE('',*,*,#2537,.T.);
#3448=ORIENTED_EDGE('',*,*,#2586,.T.);
#3449=ORIENTED_EDGE('',*,*,#2583,.F.);
#3450=ORIENTED_EDGE('',*,*,#2364,.F.);
#3451=ORIENTED_EDGE('',*,*,#2587,.T.);
#3452=ORIENTED_EDGE('',*,*,#2588,.T.);
#3453=ORIENTED_EDGE('',*,*,#2543,.T.);
#3454=ORIENTED_EDGE('',*,*,#2589,.T.);
#3455=ORIENTED_EDGE('',*,*,#2587,.F.);
#3456=ORIENTED_EDGE('',*,*,#2363,.F.);
#3457=ORIENTED_EDGE('',*,*,#2590,.F.);
#3458=ORIENTED_EDGE('',*,*,#2591,.F.);
#3459=ORIENTED_EDGE('',*,*,#2590,.T.);
#3460=ORIENTED_EDGE('',*,*,#2362,.F.);
#3461=ORIENTED_EDGE('',*,*,#2592,.F.);
#3462=ORIENTED_EDGE('',*,*,#2593,.F.);
#3463=ORIENTED_EDGE('',*,*,#2592,.T.);
#3464=ORIENTED_EDGE('',*,*,#2361,.F.);
#3465=ORIENTED_EDGE('',*,*,#2594,.F.);
#3466=ORIENTED_EDGE('',*,*,#2595,.F.);
#3467=ORIENTED_EDGE('',*,*,#2596,.T.);
#3468=ORIENTED_EDGE('',*,*,#2597,.T.);
#3469=ORIENTED_EDGE('',*,*,#2598,.F.);
#3470=ORIENTED_EDGE('',*,*,#2599,.T.);
#3471=ORIENTED_EDGE('',*,*,#2539,.T.);
#3472=ORIENTED_EDGE('',*,*,#2600,.T.);
#3473=ORIENTED_EDGE('',*,*,#2594,.T.);
#3474=ORIENTED_EDGE('',*,*,#2360,.F.);
#3475=ORIENTED_EDGE('',*,*,#2601,.T.);
#3476=ORIENTED_EDGE('',*,*,#2602,.T.);
#3477=ORIENTED_EDGE('',*,*,#2603,.T.);
#3478=ORIENTED_EDGE('',*,*,#2601,.F.);
#3479=ORIENTED_EDGE('',*,*,#2359,.F.);
#3480=ORIENTED_EDGE('',*,*,#2332,.F.);
#3481=ORIENTED_EDGE('',*,*,#2604,.F.);
#3482=ORIENTED_EDGE('',*,*,#2475,.T.);
#3483=ORIENTED_EDGE('',*,*,#2134,.F.);
#3484=ORIENTED_EDGE('',*,*,#2605,.F.);
#3485=ORIENTED_EDGE('',*,*,#2606,.F.);
#3486=ORIENTED_EDGE('',*,*,#2605,.T.);
#3487=ORIENTED_EDGE('',*,*,#2133,.F.);
#3488=ORIENTED_EDGE('',*,*,#2467,.T.);
#3489=ORIENTED_EDGE('',*,*,#2607,.F.);
#3490=ORIENTED_EDGE('',*,*,#2575,.T.);
#3491=ORIENTED_EDGE('',*,*,#2127,.F.);
#3492=ORIENTED_EDGE('',*,*,#2608,.F.);
#3493=ORIENTED_EDGE('',*,*,#2609,.F.);
#3494=ORIENTED_EDGE('',*,*,#2608,.T.);
#3495=ORIENTED_EDGE('',*,*,#2126,.F.);
#3496=ORIENTED_EDGE('',*,*,#2567,.T.);
#3497=ORIENTED_EDGE('',*,*,#2610,.F.);
#3498=ORIENTED_EDGE('',*,*,#2611,.T.);
#3499=ORIENTED_EDGE('',*,*,#2176,.F.);
#3500=ORIENTED_EDGE('',*,*,#2612,.T.);
#3501=ORIENTED_EDGE('',*,*,#2596,.F.);
#3502=ORIENTED_EDGE('',*,*,#2484,.T.);
#3503=ORIENTED_EDGE('',*,*,#2613,.T.);
#3504=ORIENTED_EDGE('',*,*,#2160,.F.);
#3505=ORIENTED_EDGE('',*,*,#2614,.T.);
#3506=ORIENTED_EDGE('',*,*,#2615,.F.);
#3507=ORIENTED_EDGE('',*,*,#2301,.T.);
#3508=ORIENTED_EDGE('',*,*,#2289,.F.);
#3509=ORIENTED_EDGE('',*,*,#2304,.T.);
#3510=ORIENTED_EDGE('',*,*,#2296,.F.);
#3511=ORIENTED_EDGE('',*,*,#2616,.T.);
#3512=ORIENTED_EDGE('',*,*,#2511,.T.);
#3513=ORIENTED_EDGE('',*,*,#2458,.F.);
#3514=ORIENTED_EDGE('',*,*,#2462,.T.);
#3515=ORIENTED_EDGE('',*,*,#2464,.F.);
#3516=ORIENTED_EDGE('',*,*,#2513,.T.);
#3517=ORIENTED_EDGE('',*,*,#2616,.F.);
#3518=ORIENTED_EDGE('',*,*,#2461,.T.);
#3519=ORIENTED_EDGE('',*,*,#2469,.F.);
#3520=ORIENTED_EDGE('',*,*,#2472,.T.);
#3521=ORIENTED_EDGE('',*,*,#2617,.T.);
#3522=ORIENTED_EDGE('',*,*,#2606,.T.);
#3523=ORIENTED_EDGE('',*,*,#2617,.F.);
#3524=ORIENTED_EDGE('',*,*,#2471,.T.);
#3525=ORIENTED_EDGE('',*,*,#2473,.F.);
#3526=ORIENTED_EDGE('',*,*,#2604,.T.);
#3527=ORIENTED_EDGE('',*,*,#2561,.T.);
#3528=ORIENTED_EDGE('',*,*,#2618,.T.);
#3529=ORIENTED_EDGE('',*,*,#2317,.F.);
#3530=ORIENTED_EDGE('',*,*,#2619,.T.);
#3531=ORIENTED_EDGE('',*,*,#2615,.T.);
#3532=ORIENTED_EDGE('',*,*,#2620,.T.);
#3533=ORIENTED_EDGE('',*,*,#2621,.T.);
#3534=ORIENTED_EDGE('',*,*,#2622,.T.);
#3535=ORIENTED_EDGE('',*,*,#2562,.T.);
#3536=ORIENTED_EDGE('',*,*,#2619,.F.);
#3537=ORIENTED_EDGE('',*,*,#2481,.T.);
#3538=ORIENTED_EDGE('',*,*,#2485,.T.);
#3539=ORIENTED_EDGE('',*,*,#2554,.T.);
#3540=ORIENTED_EDGE('',*,*,#2487,.T.);
#3541=ORIENTED_EDGE('',*,*,#2623,.F.);
#3542=ORIENTED_EDGE('',*,*,#2501,.T.);
#3543=ORIENTED_EDGE('',*,*,#2491,.F.);
#3544=ORIENTED_EDGE('',*,*,#2493,.T.);
#3545=ORIENTED_EDGE('',*,*,#2495,.F.);
#3546=ORIENTED_EDGE('',*,*,#2623,.T.);
#3547=ORIENTED_EDGE('',*,*,#2624,.T.);
#3548=ORIENTED_EDGE('',*,*,#2625,.T.);
#3549=ORIENTED_EDGE('',*,*,#2556,.T.);
#3550=ORIENTED_EDGE('',*,*,#2503,.T.);
#3551=ORIENTED_EDGE('',*,*,#2504,.T.);
#3552=ORIENTED_EDGE('',*,*,#2618,.F.);
#3553=ORIENTED_EDGE('',*,*,#2560,.T.);
#3554=ORIENTED_EDGE('',*,*,#2626,.T.);
#3555=ORIENTED_EDGE('',*,*,#2505,.T.);
#3556=ORIENTED_EDGE('',*,*,#2627,.F.);
#3557=ORIENTED_EDGE('',*,*,#2579,.F.);
#3558=ORIENTED_EDGE('',*,*,#2581,.T.);
#3559=ORIENTED_EDGE('',*,*,#2331,.F.);
#3560=ORIENTED_EDGE('',*,*,#2628,.T.);
#3561=ORIENTED_EDGE('',*,*,#2531,.T.);
#3562=ORIENTED_EDGE('',*,*,#2629,.T.);
#3563=ORIENTED_EDGE('',*,*,#2516,.T.);
#3564=ORIENTED_EDGE('',*,*,#2577,.T.);
#3565=ORIENTED_EDGE('',*,*,#2580,.F.);
#3566=ORIENTED_EDGE('',*,*,#2627,.T.);
#3567=ORIENTED_EDGE('',*,*,#2536,.T.);
#3568=ORIENTED_EDGE('',*,*,#2630,.T.);
#3569=ORIENTED_EDGE('',*,*,#2631,.F.);
#3570=ORIENTED_EDGE('',*,*,#2632,.T.);
#3571=ORIENTED_EDGE('',*,*,#2532,.T.);
#3572=ORIENTED_EDGE('',*,*,#2628,.F.);
#3573=ORIENTED_EDGE('',*,*,#2582,.F.);
#3574=ORIENTED_EDGE('',*,*,#2586,.F.);
#3575=ORIENTED_EDGE('',*,*,#2633,.F.);
#3576=ORIENTED_EDGE('',*,*,#2634,.T.);
#3577=ORIENTED_EDGE('',*,*,#2610,.T.);
#3578=ORIENTED_EDGE('',*,*,#2602,.F.);
#3579=ORIENTED_EDGE('',*,*,#2603,.F.);
#3580=ORIENTED_EDGE('',*,*,#2629,.F.);
#3581=ORIENTED_EDGE('',*,*,#2530,.T.);
#3582=ORIENTED_EDGE('',*,*,#2635,.T.);
#3583=ORIENTED_EDGE('',*,*,#2588,.F.);
#3584=ORIENTED_EDGE('',*,*,#2636,.F.);
#3585=ORIENTED_EDGE('',*,*,#2600,.F.);
#3586=ORIENTED_EDGE('',*,*,#2544,.T.);
#3587=ORIENTED_EDGE('',*,*,#2570,.F.);
#3588=ORIENTED_EDGE('',*,*,#2637,.F.);
#3589=ORIENTED_EDGE('',*,*,#2609,.T.);
#3590=ORIENTED_EDGE('',*,*,#2569,.T.);
#3591=ORIENTED_EDGE('',*,*,#2572,.F.);
#3592=ORIENTED_EDGE('',*,*,#2574,.T.);
#3593=ORIENTED_EDGE('',*,*,#2607,.T.);
#3594=ORIENTED_EDGE('',*,*,#2637,.T.);
#3595=ORIENTED_EDGE('',*,*,#2591,.T.);
#3596=ORIENTED_EDGE('',*,*,#2593,.T.);
#3597=ORIENTED_EDGE('',*,*,#2595,.T.);
#3598=ORIENTED_EDGE('',*,*,#2636,.T.);
#3599=ORIENTED_EDGE('',*,*,#2148,.T.);
#3600=ORIENTED_EDGE('',*,*,#2638,.T.);
#3601=ORIENTED_EDGE('',*,*,#2423,.T.);
#3602=ORIENTED_EDGE('',*,*,#2639,.T.);
#3603=ORIENTED_EDGE('',*,*,#2631,.T.);
#3604=ORIENTED_EDGE('',*,*,#2640,.T.);
#3605=ORIENTED_EDGE('',*,*,#2429,.F.);
#3606=ORIENTED_EDGE('',*,*,#2641,.T.);
#3607=ORIENTED_EDGE('',*,*,#2633,.T.);
#3608=ORIENTED_EDGE('',*,*,#2642,.T.);
#3609=ORIENTED_EDGE('',*,*,#2178,.T.);
#3610=ORIENTED_EDGE('',*,*,#2643,.T.);
#3611=ORIENTED_EDGE('',*,*,#2624,.F.);
#3612=ORIENTED_EDGE('',*,*,#2644,.T.);
#3613=ORIENTED_EDGE('',*,*,#2448,.T.);
#3614=ORIENTED_EDGE('',*,*,#2645,.T.);
#3615=ORIENTED_EDGE('',*,*,#2454,.F.);
#3616=ORIENTED_EDGE('',*,*,#2646,.T.);
#3617=ORIENTED_EDGE('',*,*,#2152,.T.);
#3618=ORIENTED_EDGE('',*,*,#2647,.T.);
#3619=ORIENTED_EDGE('',*,*,#2158,.T.);
#3620=ORIENTED_EDGE('',*,*,#2648,.T.);
#3621=ORIENTED_EDGE('',*,*,#2621,.F.);
#3622=ORIENTED_EDGE('',*,*,#2649,.T.);
#3623=ORIENTED_EDGE('',*,*,#2444,.F.);
#3624=ORIENTED_EDGE('',*,*,#2650,.T.);
#3625=ORIENTED_EDGE('',*,*,#2498,.F.);
#3626=ORIENTED_EDGE('',*,*,#2651,.T.);
#3627=ORIENTED_EDGE('',*,*,#2482,.F.);
#3628=ORIENTED_EDGE('',*,*,#2652,.T.);
#3629=ORIENTED_EDGE('',*,*,#2162,.T.);
#3630=ORIENTED_EDGE('',*,*,#2653,.T.);
#3631=ORIENTED_EDGE('',*,*,#2433,.T.);
#3632=ORIENTED_EDGE('',*,*,#2654,.T.);
#3633=ORIENTED_EDGE('',*,*,#2584,.T.);
#3634=ORIENTED_EDGE('',*,*,#2655,.T.);
#3635=ORIENTED_EDGE('',*,*,#2174,.T.);
#3636=ORIENTED_EDGE('',*,*,#2656,.T.);
#3637=ORIENTED_EDGE('',*,*,#2598,.T.);
#3638=ORIENTED_EDGE('',*,*,#2657,.T.);
#3639=ORIENTED_EDGE('',*,*,#2499,.F.);
#3640=ORIENTED_EDGE('',*,*,#2650,.F.);
#3641=ORIENTED_EDGE('',*,*,#2443,.F.);
#3642=ORIENTED_EDGE('',*,*,#2551,.F.);
#3643=ORIENTED_EDGE('',*,*,#2163,.F.);
#3644=ORIENTED_EDGE('',*,*,#2652,.F.);
#3645=ORIENTED_EDGE('',*,*,#2489,.F.);
#3646=ORIENTED_EDGE('',*,*,#2553,.F.);
#3647=ORIENTED_EDGE('',*,*,#2173,.F.);
#3648=ORIENTED_EDGE('',*,*,#2540,.F.);
#3649=ORIENTED_EDGE('',*,*,#2599,.F.);
#3650=ORIENTED_EDGE('',*,*,#2656,.F.);
#3651=ORIENTED_EDGE('',*,*,#2183,.F.);
#3652=ORIENTED_EDGE('',*,*,#2527,.F.);
#3653=ORIENTED_EDGE('',*,*,#2424,.F.);
#3654=ORIENTED_EDGE('',*,*,#2638,.F.);
#3655=ORIENTED_EDGE('',*,*,#2422,.F.);
#3656=ORIENTED_EDGE('',*,*,#2525,.F.);
#3657=ORIENTED_EDGE('',*,*,#2149,.F.);
#3658=ORIENTED_EDGE('',*,*,#2639,.F.);
#3659=ORIENTED_EDGE('',*,*,#2155,.F.);
#3660=ORIENTED_EDGE('',*,*,#2564,.F.);
#3661=ORIENTED_EDGE('',*,*,#2451,.F.);
#3662=ORIENTED_EDGE('',*,*,#2558,.F.);
#3663=ORIENTED_EDGE('',*,*,#2153,.F.);
#3664=ORIENTED_EDGE('',*,*,#2646,.F.);
#3665=ORIENTED_EDGE('',*,*,#2453,.F.);
#3666=ORIENTED_EDGE('',*,*,#2565,.F.);
#3667=ORIENTED_EDGE('',*,*,#2371,.F.);
#3668=ORIENTED_EDGE('',*,*,#2286,.T.);
#3669=ORIENTED_EDGE('',*,*,#2367,.F.);
#3670=ORIENTED_EDGE('',*,*,#2438,.F.);
#3671=ORIENTED_EDGE('',*,*,#2545,.F.);
#3672=ORIENTED_EDGE('',*,*,#2169,.F.);
#3673=ORIENTED_EDGE('',*,*,#2548,.F.);
#3674=ORIENTED_EDGE('',*,*,#2293,.T.);
#3675=ORIENTED_EDGE('',*,*,#2368,.F.);
#3676=ORIENTED_EDGE('',*,*,#2291,.T.);
#3677=ORIENTED_EDGE('',*,*,#2370,.F.);
#3678=ORIENTED_EDGE('',*,*,#2298,.T.);
#3679=ORIENTED_EDGE('',*,*,#2547,.F.);
#3680=ORIENTED_EDGE('',*,*,#2167,.F.);
#3681=ORIENTED_EDGE('',*,*,#2549,.F.);
#3682=ORIENTED_EDGE('',*,*,#2439,.F.);
#3683=ORIENTED_EDGE('',*,*,#2165,.F.);
#3684=ORIENTED_EDGE('',*,*,#2552,.F.);
#3685=ORIENTED_EDGE('',*,*,#2441,.F.);
#3686=ORIENTED_EDGE('',*,*,#2550,.F.);
#3687=ORIENTED_EDGE('',*,*,#2171,.F.);
#3688=ORIENTED_EDGE('',*,*,#2546,.F.);
#3689=ORIENTED_EDGE('',*,*,#2436,.F.);
#3690=ORIENTED_EDGE('',*,*,#2541,.F.);
#3691=ORIENTED_EDGE('',*,*,#2630,.F.);
#3692=ORIENTED_EDGE('',*,*,#2535,.F.);
#3693=ORIENTED_EDGE('',*,*,#2430,.F.);
#3694=ORIENTED_EDGE('',*,*,#2640,.F.);
#3695=ORIENTED_EDGE('',*,*,#2161,.F.);
#3696=ORIENTED_EDGE('',*,*,#2613,.F.);
#3697=ORIENTED_EDGE('',*,*,#2483,.F.);
#3698=ORIENTED_EDGE('',*,*,#2653,.F.);
#3699=ORIENTED_EDGE('',*,*,#2497,.F.);
#3700=ORIENTED_EDGE('',*,*,#2555,.F.);
#3701=ORIENTED_EDGE('',*,*,#2445,.F.);
#3702=ORIENTED_EDGE('',*,*,#2651,.F.);
#3703=ORIENTED_EDGE('',*,*,#2626,.F.);
#3704=ORIENTED_EDGE('',*,*,#2559,.F.);
#3705=ORIENTED_EDGE('',*,*,#2449,.F.);
#3706=ORIENTED_EDGE('',*,*,#2644,.F.);
#3707=ORIENTED_EDGE('',*,*,#2447,.F.);
#3708=ORIENTED_EDGE('',*,*,#2557,.F.);
#3709=ORIENTED_EDGE('',*,*,#2625,.F.);
#3710=ORIENTED_EDGE('',*,*,#2645,.F.);
#3711=ORIENTED_EDGE('',*,*,#2157,.F.);
#3712=ORIENTED_EDGE('',*,*,#2563,.F.);
#3713=ORIENTED_EDGE('',*,*,#2622,.F.);
#3714=ORIENTED_EDGE('',*,*,#2648,.F.);
#3715=ORIENTED_EDGE('',*,*,#2620,.F.);
#3716=ORIENTED_EDGE('',*,*,#2614,.F.);
#3717=ORIENTED_EDGE('',*,*,#2159,.F.);
#3718=ORIENTED_EDGE('',*,*,#2649,.F.);
#3719=ORIENTED_EDGE('',*,*,#2179,.F.);
#3720=ORIENTED_EDGE('',*,*,#2642,.F.);
#3721=ORIENTED_EDGE('',*,*,#2635,.F.);
#3722=ORIENTED_EDGE('',*,*,#2529,.F.);
#3723=ORIENTED_EDGE('',*,*,#2177,.F.);
#3724=ORIENTED_EDGE('',*,*,#2611,.F.);
#3725=ORIENTED_EDGE('',*,*,#2634,.F.);
#3726=ORIENTED_EDGE('',*,*,#2643,.F.);
#3727=ORIENTED_EDGE('',*,*,#2597,.F.);
#3728=ORIENTED_EDGE('',*,*,#2612,.F.);
#3729=ORIENTED_EDGE('',*,*,#2175,.F.);
#3730=ORIENTED_EDGE('',*,*,#2657,.F.);
#3731=ORIENTED_EDGE('',*,*,#2432,.F.);
#3732=ORIENTED_EDGE('',*,*,#2538,.F.);
#3733=ORIENTED_EDGE('',*,*,#2585,.F.);
#3734=ORIENTED_EDGE('',*,*,#2654,.F.);
#3735=ORIENTED_EDGE('',*,*,#2589,.F.);
#3736=ORIENTED_EDGE('',*,*,#2542,.F.);
#3737=ORIENTED_EDGE('',*,*,#2434,.F.);
#3738=ORIENTED_EDGE('',*,*,#2655,.F.);
#3739=ORIENTED_EDGE('',*,*,#2151,.F.);
#3740=ORIENTED_EDGE('',*,*,#2526,.F.);
#3741=ORIENTED_EDGE('',*,*,#2455,.F.);
#3742=ORIENTED_EDGE('',*,*,#2647,.F.);
#3743=ORIENTED_EDGE('',*,*,#2181,.F.);
#3744=ORIENTED_EDGE('',*,*,#2534,.F.);
#3745=ORIENTED_EDGE('',*,*,#2426,.F.);
#3746=ORIENTED_EDGE('',*,*,#2528,.F.);
#3747=ORIENTED_EDGE('',*,*,#2632,.F.);
#3748=ORIENTED_EDGE('',*,*,#2641,.F.);
#3749=ORIENTED_EDGE('',*,*,#2428,.F.);
#3750=ORIENTED_EDGE('',*,*,#2533,.F.);
#3751=ORIENTED_EDGE('',*,*,#2086,.F.);
#3752=ORIENTED_EDGE('',*,*,#2400,.F.);
#3753=ORIENTED_EDGE('',*,*,#2337,.F.);
#3754=ORIENTED_EDGE('',*,*,#2073,.F.);
#3755=ORIENTED_EDGE('',*,*,#2478,.F.);
#3756=ORIENTED_EDGE('',*,*,#2404,.F.);
#3757=ORIENTED_EDGE('',*,*,#2118,.F.);
#3758=ORIENTED_EDGE('',*,*,#2102,.F.);
#3759=ORIENTED_EDGE('',*,*,#2115,.T.);
#3760=ORIENTED_EDGE('',*,*,#2252,.F.);
#3761=ORIENTED_EDGE('',*,*,#2658,.F.);
#3762=ORIENTED_EDGE('',*,*,#2356,.T.);
#3763=ORIENTED_EDGE('',*,*,#2334,.T.);
#3764=ORIENTED_EDGE('',*,*,#2358,.F.);
#3765=ORIENTED_EDGE('',*,*,#2659,.F.);
#3766=ORIENTED_EDGE('',*,*,#2250,.T.);
#3767=ORIENTED_EDGE('',*,*,#2658,.T.);
#3768=ORIENTED_EDGE('',*,*,#2251,.T.);
#3769=ORIENTED_EDGE('',*,*,#2659,.T.);
#3770=ORIENTED_EDGE('',*,*,#2357,.T.);
#3771=ORIENTED_EDGE('',*,*,#2325,.T.);
#3772=ORIENTED_EDGE('',*,*,#2278,.F.);
#3773=ORIENTED_EDGE('',*,*,#2660,.F.);
#3774=ORIENTED_EDGE('',*,*,#2079,.T.);
#3775=ORIENTED_EDGE('',*,*,#2111,.T.);
#3776=ORIENTED_EDGE('',*,*,#2081,.F.);
#3777=ORIENTED_EDGE('',*,*,#2661,.F.);
#3778=ORIENTED_EDGE('',*,*,#2283,.T.);
#3779=ORIENTED_EDGE('',*,*,#2660,.T.);
#3780=ORIENTED_EDGE('',*,*,#2277,.T.);
#3781=ORIENTED_EDGE('',*,*,#2284,.T.);
#3782=ORIENTED_EDGE('',*,*,#2661,.T.);
#3783=ORIENTED_EDGE('',*,*,#2080,.T.);
#3784=ORIENTED_EDGE('',*,*,#2340,.T.);
#3785=ORIENTED_EDGE('',*,*,#2342,.F.);
#3786=ORIENTED_EDGE('',*,*,#2662,.F.);
#3787=ORIENTED_EDGE('',*,*,#2260,.T.);
#3788=ORIENTED_EDGE('',*,*,#2328,.T.);
#3789=ORIENTED_EDGE('',*,*,#2262,.F.);
#3790=ORIENTED_EDGE('',*,*,#2663,.F.);
#3791=ORIENTED_EDGE('',*,*,#2366,.T.);
#3792=ORIENTED_EDGE('',*,*,#2662,.T.);
#3793=ORIENTED_EDGE('',*,*,#2341,.T.);
#3794=ORIENTED_EDGE('',*,*,#2663,.T.);
#3795=ORIENTED_EDGE('',*,*,#2261,.T.);
#3796=ORIENTED_EDGE('',*,*,#2326,.T.);
#3797=ORIENTED_EDGE('',*,*,#2077,.F.);
#3798=ORIENTED_EDGE('',*,*,#2664,.F.);
#3799=ORIENTED_EDGE('',*,*,#2274,.T.);
#3800=ORIENTED_EDGE('',*,*,#2336,.T.);
#3801=ORIENTED_EDGE('',*,*,#2268,.F.);
#3802=ORIENTED_EDGE('',*,*,#2665,.F.);
#3803=ORIENTED_EDGE('',*,*,#2075,.T.);
#3804=ORIENTED_EDGE('',*,*,#2664,.T.);
#3805=ORIENTED_EDGE('',*,*,#2076,.T.);
#3806=ORIENTED_EDGE('',*,*,#2665,.T.);
#3807=ORIENTED_EDGE('',*,*,#2267,.T.);
#3808=ORIENTED_EDGE('',*,*,#2275,.T.);
#3809=ORIENTED_EDGE('',*,*,#2335,.T.);
#3810=ORIENTED_EDGE('',*,*,#2258,.F.);
#3811=ORIENTED_EDGE('',*,*,#2666,.F.);
#3812=ORIENTED_EDGE('',*,*,#2270,.T.);
#3813=ORIENTED_EDGE('',*,*,#2327,.T.);
#3814=ORIENTED_EDGE('',*,*,#2272,.F.);
#3815=ORIENTED_EDGE('',*,*,#2667,.F.);
#3816=ORIENTED_EDGE('',*,*,#2264,.T.);
#3817=ORIENTED_EDGE('',*,*,#2271,.T.);
#3818=ORIENTED_EDGE('',*,*,#2666,.T.);
#3819=ORIENTED_EDGE('',*,*,#2257,.T.);
#3820=ORIENTED_EDGE('',*,*,#2265,.T.);
#3821=ORIENTED_EDGE('',*,*,#2667,.T.);
#3822=ORIENTED_EDGE('',*,*,#2324,.T.);
#3823=ORIENTED_EDGE('',*,*,#2248,.F.);
#3824=ORIENTED_EDGE('',*,*,#2668,.F.);
#3825=ORIENTED_EDGE('',*,*,#2280,.T.);
#3826=ORIENTED_EDGE('',*,*,#2113,.T.);
#3827=ORIENTED_EDGE('',*,*,#2282,.F.);
#3828=ORIENTED_EDGE('',*,*,#2669,.F.);
#3829=ORIENTED_EDGE('',*,*,#2253,.T.);
#3830=ORIENTED_EDGE('',*,*,#2281,.T.);
#3831=ORIENTED_EDGE('',*,*,#2668,.T.);
#3832=ORIENTED_EDGE('',*,*,#2247,.T.);
#3833=ORIENTED_EDGE('',*,*,#2254,.T.);
#3834=ORIENTED_EDGE('',*,*,#2669,.T.);
#3835=ORIENTED_EDGE('',*,*,#2106,.F.);
#3836=ORIENTED_EDGE('',*,*,#2386,.F.);
#3837=ORIENTED_EDGE('',*,*,#2670,.T.);
#3838=ORIENTED_EDGE('',*,*,#2225,.T.);
#3839=ORIENTED_EDGE('',*,*,#2314,.F.);
#3840=ORIENTED_EDGE('',*,*,#2221,.F.);
#3841=ORIENTED_EDGE('',*,*,#2671,.T.);
#3842=ORIENTED_EDGE('',*,*,#2384,.T.);
#3843=ORIENTED_EDGE('',*,*,#2670,.F.);
#3844=ORIENTED_EDGE('',*,*,#2385,.F.);
#3845=ORIENTED_EDGE('',*,*,#2671,.F.);
#3846=ORIENTED_EDGE('',*,*,#2220,.F.);
#3847=ORIENTED_EDGE('',*,*,#2226,.F.);
#3848=ORIENTED_EDGE('',*,*,#2323,.F.);
#3849=ORIENTED_EDGE('',*,*,#2096,.F.);
#3850=ORIENTED_EDGE('',*,*,#2672,.T.);
#3851=ORIENTED_EDGE('',*,*,#2231,.T.);
#3852=ORIENTED_EDGE('',*,*,#2110,.F.);
#3853=ORIENTED_EDGE('',*,*,#2233,.F.);
#3854=ORIENTED_EDGE('',*,*,#2673,.T.);
#3855=ORIENTED_EDGE('',*,*,#2094,.T.);
#3856=ORIENTED_EDGE('',*,*,#2672,.F.);
#3857=ORIENTED_EDGE('',*,*,#2095,.F.);
#3858=ORIENTED_EDGE('',*,*,#2673,.F.);
#3859=ORIENTED_EDGE('',*,*,#2232,.F.);
#3860=ORIENTED_EDGE('',*,*,#2477,.F.);
#3861=ORIENTED_EDGE('',*,*,#2210,.F.);
#3862=ORIENTED_EDGE('',*,*,#2674,.T.);
#3863=ORIENTED_EDGE('',*,*,#2374,.T.);
#3864=ORIENTED_EDGE('',*,*,#2320,.F.);
#3865=ORIENTED_EDGE('',*,*,#2376,.F.);
#3866=ORIENTED_EDGE('',*,*,#2675,.T.);
#3867=ORIENTED_EDGE('',*,*,#2216,.T.);
#3868=ORIENTED_EDGE('',*,*,#2674,.F.);
#3869=ORIENTED_EDGE('',*,*,#2209,.F.);
#3870=ORIENTED_EDGE('',*,*,#2217,.F.);
#3871=ORIENTED_EDGE('',*,*,#2675,.F.);
#3872=ORIENTED_EDGE('',*,*,#2375,.F.);
#3873=ORIENTED_EDGE('',*,*,#2322,.F.);
#3874=ORIENTED_EDGE('',*,*,#2241,.F.);
#3875=ORIENTED_EDGE('',*,*,#2676,.T.);
#3876=ORIENTED_EDGE('',*,*,#2098,.T.);
#3877=ORIENTED_EDGE('',*,*,#2479,.F.);
#3878=ORIENTED_EDGE('',*,*,#2100,.F.);
#3879=ORIENTED_EDGE('',*,*,#2677,.T.);
#3880=ORIENTED_EDGE('',*,*,#2239,.T.);
#3881=ORIENTED_EDGE('',*,*,#2676,.F.);
#3882=ORIENTED_EDGE('',*,*,#2240,.F.);
#3883=ORIENTED_EDGE('',*,*,#2677,.F.);
#3884=ORIENTED_EDGE('',*,*,#2099,.F.);
#3885=ORIENTED_EDGE('',*,*,#2321,.F.);
#3886=ORIENTED_EDGE('',*,*,#2214,.F.);
#3887=ORIENTED_EDGE('',*,*,#2678,.T.);
#3888=ORIENTED_EDGE('',*,*,#2243,.T.);
#3889=ORIENTED_EDGE('',*,*,#2476,.F.);
#3890=ORIENTED_EDGE('',*,*,#2237,.F.);
#3891=ORIENTED_EDGE('',*,*,#2679,.T.);
#3892=ORIENTED_EDGE('',*,*,#2212,.T.);
#3893=ORIENTED_EDGE('',*,*,#2244,.F.);
#3894=ORIENTED_EDGE('',*,*,#2678,.F.);
#3895=ORIENTED_EDGE('',*,*,#2213,.F.);
#3896=ORIENTED_EDGE('',*,*,#2679,.F.);
#3897=ORIENTED_EDGE('',*,*,#2236,.F.);
#3898=ORIENTED_EDGE('',*,*,#2313,.F.);
#3899=ORIENTED_EDGE('',*,*,#2229,.F.);
#3900=ORIENTED_EDGE('',*,*,#2680,.T.);
#3901=ORIENTED_EDGE('',*,*,#2223,.T.);
#3902=ORIENTED_EDGE('',*,*,#2234,.F.);
#3903=ORIENTED_EDGE('',*,*,#2184,.F.);
#3904=ORIENTED_EDGE('',*,*,#2224,.F.);
#3905=ORIENTED_EDGE('',*,*,#2680,.F.);
#3906=ORIENTED_EDGE('',*,*,#2228,.F.);
#3907=CYLINDRICAL_SURFACE('',#4172,4.);
#3908=CYLINDRICAL_SURFACE('',#4180,4.);
#3909=CYLINDRICAL_SURFACE('',#4221,1.75);
#3910=CYLINDRICAL_SURFACE('',#4224,1.75);
#3911=CYLINDRICAL_SURFACE('',#4228,1.75);
#3912=CYLINDRICAL_SURFACE('',#4232,1.75);
#3913=CYLINDRICAL_SURFACE('',#4235,2.75);
#3914=CYLINDRICAL_SURFACE('',#4242,2.75);
#3915=CYLINDRICAL_SURFACE('',#4248,2.75);
#3916=CYLINDRICAL_SURFACE('',#4253,2.75);
#3917=CYLINDRICAL_SURFACE('',#4259,2.75);
#3918=CYLINDRICAL_SURFACE('',#4265,2.75);
#3919=CYLINDRICAL_SURFACE('',#4272,2.75);
#3920=CYLINDRICAL_SURFACE('',#4278,2.75);
#3921=CYLINDRICAL_SURFACE('',#4283,2.75);
#3922=CYLINDRICAL_SURFACE('',#4288,2.75);
#3923=CYLINDRICAL_SURFACE('',#4293,5.);
#3924=CYLINDRICAL_SURFACE('',#4295,5.);
#3925=CYLINDRICAL_SURFACE('',#4297,6.);
#3926=CYLINDRICAL_SURFACE('',#4299,12.1);
#3927=CYLINDRICAL_SURFACE('',#4309,39.5009518295745);
#3928=CYLINDRICAL_SURFACE('',#4361,6.00006463624288);
#3929=CYLINDRICAL_SURFACE('',#4363,6.0000646362429);
#3930=CYLINDRICAL_SURFACE('',#4369,6.);
#3931=CYLINDRICAL_SURFACE('',#4371,6.);
#3932=CYLINDRICAL_SURFACE('',#4373,6.);
#3933=CYLINDRICAL_SURFACE('',#4450,1.);
#3934=CYLINDRICAL_SURFACE('',#4451,1.);
#3935=CYLINDRICAL_SURFACE('',#4452,1.);
#3936=CYLINDRICAL_SURFACE('',#4453,1.);
#3937=CYLINDRICAL_SURFACE('',#4454,1.);
#3938=CYLINDRICAL_SURFACE('',#4455,1.);
#3939=CYLINDRICAL_SURFACE('',#4456,1.);
#3940=CYLINDRICAL_SURFACE('',#4457,1.);
#3941=CYLINDRICAL_SURFACE('',#4458,1.);
#3942=CYLINDRICAL_SURFACE('',#4459,1.);
#3943=CYLINDRICAL_SURFACE('',#4460,1.);
#3944=CYLINDRICAL_SURFACE('',#4461,1.);
#3945=CYLINDRICAL_SURFACE('',#4462,1.);
#3946=CYLINDRICAL_SURFACE('',#4463,1.);
#3947=CYLINDRICAL_SURFACE('',#4464,1.);
#3948=CYLINDRICAL_SURFACE('',#4465,1.);
#3949=CYLINDRICAL_SURFACE('',#4466,1.);
#3950=CYLINDRICAL_SURFACE('',#4467,1.);
#3951=CYLINDRICAL_SURFACE('',#4468,0.999999999999999);
#3952=CYLINDRICAL_SURFACE('',#4469,1.);
#3953=CYLINDRICAL_SURFACE('',#4470,1.);
#3954=CYLINDRICAL_SURFACE('',#4471,1.);
#3955=CYLINDRICAL_SURFACE('',#4472,1.);
#3956=CYLINDRICAL_SURFACE('',#4473,1.);
#3957=CYLINDRICAL_SURFACE('',#4474,0.999999999999999);
#3958=CYLINDRICAL_SURFACE('',#4475,0.999999999999999);
#3959=CYLINDRICAL_SURFACE('',#4476,3.);
#3960=CYLINDRICAL_SURFACE('',#4477,3.);
#3961=ADVANCED_FACE('',(#200),#3907,.T.);
#3962=ADVANCED_FACE('',(#201),#57,.T.);
#3963=ADVANCED_FACE('',(#202,#35,#36),#58,.T.);
#3964=ADVANCED_FACE('',(#203),#3908,.T.);
#3965=ADVANCED_FACE('',(#204),#59,.T.);
#3966=ADVANCED_FACE('',(#205),#60,.T.);
#3967=ADVANCED_FACE('',(#206),#61,.T.);
#3968=ADVANCED_FACE('',(#207,#37,#38),#62,.T.);
#3969=ADVANCED_FACE('',(#208,#39,#40),#63,.T.);
#3970=ADVANCED_FACE('',(#209),#64,.T.);
#3971=ADVANCED_FACE('',(#210),#3909,.F.);
#3972=ADVANCED_FACE('',(#211),#3910,.F.);
#3973=ADVANCED_FACE('',(#212),#3911,.F.);
#3974=ADVANCED_FACE('',(#213),#3912,.F.);
#3975=ADVANCED_FACE('',(#214),#3913,.F.);
#3976=ADVANCED_FACE('',(#215),#3914,.F.);
#3977=ADVANCED_FACE('',(#216),#3915,.F.);
#3978=ADVANCED_FACE('',(#217),#3916,.F.);
#3979=ADVANCED_FACE('',(#218),#3917,.F.);
#3980=ADVANCED_FACE('',(#219),#3918,.F.);
#3981=ADVANCED_FACE('',(#220),#3919,.F.);
#3982=ADVANCED_FACE('',(#221),#3920,.F.);
#3983=ADVANCED_FACE('',(#222),#3921,.F.);
#3984=ADVANCED_FACE('',(#223),#3922,.F.);
#3985=ADVANCED_FACE('',(#224),#3923,.F.);
#3986=ADVANCED_FACE('',(#225),#3924,.F.);
#3987=ADVANCED_FACE('',(#226),#3925,.F.);
#3988=ADVANCED_FACE('',(#227),#3926,.F.);
#3989=ADVANCED_FACE('',(#228),#65,.T.);
#3990=ADVANCED_FACE('',(#229),#66,.T.);
#3991=ADVANCED_FACE('',(#230),#67,.T.);
#3992=ADVANCED_FACE('',(#231),#68,.T.);
#3993=ADVANCED_FACE('',(#232),#69,.F.);
#3994=ADVANCED_FACE('',(#233),#70,.F.);
#3995=ADVANCED_FACE('',(#234,#41,#42),#3927,.T.);
#3996=ADVANCED_FACE('',(#235),#71,.T.);
#3997=ADVANCED_FACE('',(#236,#43,#44),#72,.F.);
#3998=ADVANCED_FACE('',(#237),#73,.F.);
#3999=ADVANCED_FACE('',(#238),#74,.T.);
#4000=ADVANCED_FACE('',(#239),#75,.F.);
#4001=ADVANCED_FACE('',(#240),#76,.T.);
#4002=ADVANCED_FACE('',(#241),#77,.F.);
#4003=ADVANCED_FACE('',(#242),#78,.F.);
#4004=ADVANCED_FACE('',(#243),#79,.T.);
#4005=ADVANCED_FACE('',(#244),#80,.F.);
#4006=ADVANCED_FACE('',(#245),#81,.T.);
#4007=ADVANCED_FACE('',(#246),#82,.F.);
#4008=ADVANCED_FACE('',(#247),#83,.T.);
#4009=ADVANCED_FACE('',(#248),#84,.F.);
#4010=ADVANCED_FACE('',(#249),#85,.F.);
#4011=ADVANCED_FACE('',(#250),#86,.T.);
#4012=ADVANCED_FACE('',(#251),#87,.F.);
#4013=ADVANCED_FACE('',(#252),#88,.T.);
#4014=ADVANCED_FACE('',(#253),#89,.F.);
#4015=ADVANCED_FACE('',(#254),#90,.F.);
#4016=ADVANCED_FACE('',(#255),#91,.F.);
#4017=ADVANCED_FACE('',(#256),#92,.F.);
#4018=ADVANCED_FACE('',(#257),#3928,.F.);
#4019=ADVANCED_FACE('',(#258,#45,#46,#47,#48,#49),#93,.T.);
#4020=ADVANCED_FACE('',(#259),#3929,.F.);
#4021=ADVANCED_FACE('',(#260),#94,.F.);
#4022=ADVANCED_FACE('',(#261),#95,.F.);
#4023=ADVANCED_FACE('',(#262),#96,.F.);
#4024=ADVANCED_FACE('',(#263),#97,.F.);
#4025=ADVANCED_FACE('',(#264,#50),#98,.F.);
#4026=ADVANCED_FACE('',(#265),#3930,.F.);
#4027=ADVANCED_FACE('',(#266,#51,#52),#99,.F.);
#4028=ADVANCED_FACE('',(#267),#3931,.F.);
#4029=ADVANCED_FACE('',(#268),#100,.F.);
#4030=ADVANCED_FACE('',(#269),#3932,.F.);
#4031=ADVANCED_FACE('',(#270,#53,#54),#101,.F.);
#4032=ADVANCED_FACE('',(#271),#102,.F.);
#4033=ADVANCED_FACE('',(#272),#103,.F.);
#4034=ADVANCED_FACE('',(#273),#104,.F.);
#4035=ADVANCED_FACE('',(#274),#105,.F.);
#4036=ADVANCED_FACE('',(#275),#106,.F.);
#4037=ADVANCED_FACE('',(#276),#107,.F.);
#4038=ADVANCED_FACE('',(#277),#108,.F.);
#4039=ADVANCED_FACE('',(#278),#109,.F.);
#4040=ADVANCED_FACE('',(#279),#110,.F.);
#4041=ADVANCED_FACE('',(#280),#111,.F.);
#4042=ADVANCED_FACE('',(#281),#112,.F.);
#4043=ADVANCED_FACE('',(#282),#113,.F.);
#4044=ADVANCED_FACE('',(#283),#114,.F.);
#4045=ADVANCED_FACE('',(#284),#115,.F.);
#4046=ADVANCED_FACE('',(#285),#116,.T.);
#4047=ADVANCED_FACE('',(#286),#117,.F.);
#4048=ADVANCED_FACE('',(#287),#118,.F.);
#4049=ADVANCED_FACE('',(#288),#119,.F.);
#4050=ADVANCED_FACE('',(#289),#120,.T.);
#4051=ADVANCED_FACE('',(#290),#121,.F.);
#4052=ADVANCED_FACE('',(#291),#122,.T.);
#4053=ADVANCED_FACE('',(#292),#123,.T.);
#4054=ADVANCED_FACE('',(#293),#124,.F.);
#4055=ADVANCED_FACE('',(#294),#125,.F.);
#4056=ADVANCED_FACE('',(#295),#126,.F.);
#4057=ADVANCED_FACE('',(#296),#127,.T.);
#4058=ADVANCED_FACE('',(#297),#128,.T.);
#4059=ADVANCED_FACE('',(#298),#129,.F.);
#4060=ADVANCED_FACE('',(#299),#130,.F.);
#4061=ADVANCED_FACE('',(#300),#131,.F.);
#4062=ADVANCED_FACE('',(#301),#132,.F.);
#4063=ADVANCED_FACE('',(#302),#133,.F.);
#4064=ADVANCED_FACE('',(#303),#134,.F.);
#4065=ADVANCED_FACE('',(#304,#55),#135,.F.);
#4066=ADVANCED_FACE('',(#305,#56),#136,.F.);
#4067=ADVANCED_FACE('',(#306),#137,.T.);
#4068=ADVANCED_FACE('',(#307),#138,.T.);
#4069=ADVANCED_FACE('',(#308),#139,.T.);
#4070=ADVANCED_FACE('',(#309),#140,.T.);
#4071=ADVANCED_FACE('',(#310),#141,.T.);
#4072=ADVANCED_FACE('',(#311),#142,.F.);
#4073=ADVANCED_FACE('',(#312),#143,.F.);
#4074=ADVANCED_FACE('',(#313),#144,.F.);
#4075=ADVANCED_FACE('',(#314),#145,.F.);
#4076=ADVANCED_FACE('',(#315),#146,.F.);
#4077=ADVANCED_FACE('',(#316),#147,.T.);
#4078=ADVANCED_FACE('',(#317),#148,.F.);
#4079=ADVANCED_FACE('',(#318),#149,.T.);
#4080=ADVANCED_FACE('',(#319),#150,.T.);
#4081=ADVANCED_FACE('',(#320),#151,.F.);
#4082=ADVANCED_FACE('',(#321),#152,.F.);
#4083=ADVANCED_FACE('',(#322),#153,.F.);
#4084=ADVANCED_FACE('',(#323),#154,.F.);
#4085=ADVANCED_FACE('',(#324),#155,.F.);
#4086=ADVANCED_FACE('',(#325),#156,.F.);
#4087=ADVANCED_FACE('',(#326),#157,.F.);
#4088=ADVANCED_FACE('',(#327),#158,.F.);
#4089=ADVANCED_FACE('',(#328),#159,.F.);
#4090=ADVANCED_FACE('',(#329),#160,.F.);
#4091=ADVANCED_FACE('',(#330),#161,.F.);
#4092=ADVANCED_FACE('',(#331),#162,.F.);
#4093=ADVANCED_FACE('',(#332),#163,.F.);
#4094=ADVANCED_FACE('',(#333),#164,.F.);
#4095=ADVANCED_FACE('',(#334),#3933,.F.);
#4096=ADVANCED_FACE('',(#335),#3934,.F.);
#4097=ADVANCED_FACE('',(#336),#3935,.F.);
#4098=ADVANCED_FACE('',(#337),#3936,.F.);
#4099=ADVANCED_FACE('',(#338),#3937,.T.);
#4100=ADVANCED_FACE('',(#339),#3938,.F.);
#4101=ADVANCED_FACE('',(#340),#3939,.F.);
#4102=ADVANCED_FACE('',(#341),#3940,.F.);
#4103=ADVANCED_FACE('',(#342),#3941,.F.);
#4104=ADVANCED_FACE('',(#343),#3942,.F.);
#4105=ADVANCED_FACE('',(#344),#3943,.F.);
#4106=ADVANCED_FACE('',(#345),#3944,.T.);
#4107=ADVANCED_FACE('',(#346),#3945,.T.);
#4108=ADVANCED_FACE('',(#347),#3946,.T.);
#4109=ADVANCED_FACE('',(#348),#3947,.F.);
#4110=ADVANCED_FACE('',(#349),#3948,.T.);
#4111=ADVANCED_FACE('',(#350),#3949,.F.);
#4112=ADVANCED_FACE('',(#351),#3950,.T.);
#4113=ADVANCED_FACE('',(#352),#3951,.F.);
#4114=ADVANCED_FACE('',(#353),#3952,.T.);
#4115=ADVANCED_FACE('',(#354),#3953,.T.);
#4116=ADVANCED_FACE('',(#355),#3954,.T.);
#4117=ADVANCED_FACE('',(#356),#3955,.F.);
#4118=ADVANCED_FACE('',(#357),#3956,.T.);
#4119=ADVANCED_FACE('',(#358),#3957,.F.);
#4120=ADVANCED_FACE('',(#359),#3958,.F.);
#4121=ADVANCED_FACE('',(#360),#3959,.T.);
#4122=ADVANCED_FACE('',(#361),#3960,.T.);
#4123=ADVANCED_FACE('',(#362),#165,.F.);
#4124=ADVANCED_FACE('',(#363),#166,.F.);
#4125=ADVANCED_FACE('',(#364),#167,.T.);
#4126=ADVANCED_FACE('',(#365),#168,.F.);
#4127=ADVANCED_FACE('',(#366),#169,.F.);
#4128=ADVANCED_FACE('',(#367),#170,.T.);
#4129=ADVANCED_FACE('',(#368),#171,.F.);
#4130=ADVANCED_FACE('',(#369),#172,.F.);
#4131=ADVANCED_FACE('',(#370),#173,.T.);
#4132=ADVANCED_FACE('',(#371),#174,.F.);
#4133=ADVANCED_FACE('',(#372),#175,.F.);
#4134=ADVANCED_FACE('',(#373),#176,.T.);
#4135=ADVANCED_FACE('',(#374),#177,.F.);
#4136=ADVANCED_FACE('',(#375),#178,.F.);
#4137=ADVANCED_FACE('',(#376),#179,.T.);
#4138=ADVANCED_FACE('',(#377),#180,.F.);
#4139=ADVANCED_FACE('',(#378),#181,.F.);
#4140=ADVANCED_FACE('',(#379),#182,.T.);
#4141=ADVANCED_FACE('',(#380),#183,.T.);
#4142=ADVANCED_FACE('',(#381),#184,.T.);
#4143=ADVANCED_FACE('',(#382),#185,.T.);
#4144=ADVANCED_FACE('',(#383),#186,.T.);
#4145=ADVANCED_FACE('',(#384),#187,.T.);
#4146=ADVANCED_FACE('',(#385),#188,.T.);
#4147=ADVANCED_FACE('',(#386),#189,.T.);
#4148=ADVANCED_FACE('',(#387),#190,.T.);
#4149=ADVANCED_FACE('',(#388),#191,.T.);
#4150=ADVANCED_FACE('',(#389),#192,.T.);
#4151=ADVANCED_FACE('',(#390),#193,.T.);
#4152=ADVANCED_FACE('',(#391),#194,.T.);
#4153=ADVANCED_FACE('',(#392),#195,.T.);
#4154=ADVANCED_FACE('',(#393),#196,.T.);
#4155=ADVANCED_FACE('',(#394),#197,.T.);
#4156=ADVANCED_FACE('',(#395),#198,.T.);
#4157=ADVANCED_FACE('',(#396),#199,.T.);
#4158=CLOSED_SHELL('',(#3961,#3962,#3963,#3964,#3965,#3966,#3967,#3968,
#3969,#3970,#3971,#3972,#3973,#3974,#3975,#3976,#3977,#3978,#3979,#3980,
#3981,#3982,#3983,#3984,#3985,#3986,#3987,#3988,#3989,#3990,#3991,#3992,
#3993,#3994,#3995,#3996,#3997,#3998,#3999,#4000,#4001,#4002,#4003,#4004,
#4005,#4006,#4007,#4008,#4009,#4010,#4011,#4012,#4013,#4014,#4015,#4016,
#4017,#4018,#4019,#4020,#4021,#4022,#4023,#4024,#4025,#4026,#4027,#4028,
#4029,#4030,#4031,#4032,#4033,#4034,#4035,#4036,#4037,#4038,#4039,#4040,
#4041,#4042,#4043,#4044,#4045,#4046,#4047,#4048,#4049,#4050,#4051,#4052,
#4053,#4054,#4055,#4056,#4057,#4058,#4059,#4060,#4061,#4062,#4063,#4064,
#4065,#4066,#4067,#4068,#4069,#4070,#4071,#4072,#4073,#4074,#4075,#4076,
#4077,#4078,#4079,#4080,#4081,#4082,#4083,#4084,#4085,#4086,#4087,#4088,
#4089,#4090,#4091,#4092,#4093,#4094,#4095,#4096,#4097,#4098,#4099,#4100,
#4101,#4102,#4103,#4104,#4105,#4106,#4107,#4108,#4109,#4110,#4111,#4112,
#4113,#4114,#4115,#4116,#4117,#4118,#4119,#4120,#4121,#4122,#4123,#4124,
#4125,#4126,#4127,#4128,#4129,#4130,#4131,#4132,#4133,#4134,#4135,#4136,
#4137,#4138,#4139,#4140,#4141,#4142,#4143,#4144,#4145,#4146,#4147,#4148,
#4149,#4150,#4151,#4152,#4153,#4154,#4155,#4156,#4157));
#4159=DERIVED_UNIT_ELEMENT(#4161,1.);
#4160=DERIVED_UNIT_ELEMENT(#7086,-3.);
#4161=(
MASS_UNIT()
NAMED_UNIT(*)
SI_UNIT(.KILO.,.GRAM.)
);
#4162=DERIVED_UNIT((#4159,#4160));
#4163=MEASURE_REPRESENTATION_ITEM('density measure',
POSITIVE_RATIO_MEASURE(7850.),#4162);
#4164=PROPERTY_DEFINITION_REPRESENTATION(#4169,#4166);
#4165=PROPERTY_DEFINITION_REPRESENTATION(#4170,#4167);
#4166=REPRESENTATION('material name',(#4168),#7083);
#4167=REPRESENTATION('density',(#4163),#7083);
#4168=DESCRIPTIVE_REPRESENTATION_ITEM('Steel','Steel');
#4169=PROPERTY_DEFINITION('material property','material name',#7093);
#4170=PROPERTY_DEFINITION('material property','density of part',#7093);
#4171=AXIS2_PLACEMENT_3D('',#5654,#4513,#4514);
#4172=AXIS2_PLACEMENT_3D('',#5655,#4515,#4516);
#4173=AXIS2_PLACEMENT_3D('',#5658,#4517,#4518);
#4174=AXIS2_PLACEMENT_3D('',#5662,#4520,#4521);
#4175=AXIS2_PLACEMENT_3D('',#5664,#4523,#4524);
#4176=AXIS2_PLACEMENT_3D('',#5686,#4536,#4537);
#4177=AXIS2_PLACEMENT_3D('',#5693,#4541,#4542);
#4178=AXIS2_PLACEMENT_3D('',#5695,#4543,#4544);
#4179=AXIS2_PLACEMENT_3D('',#5697,#4545,#4546);
#4180=AXIS2_PLACEMENT_3D('',#5698,#4547,#4548);
#4181=AXIS2_PLACEMENT_3D('',#5701,#4549,#4550);
#4182=AXIS2_PLACEMENT_3D('',#5705,#4552,#4553);
#4183=AXIS2_PLACEMENT_3D('',#5707,#4555,#4556);
#4184=AXIS2_PLACEMENT_3D('',#5729,#4568,#4569);
#4185=AXIS2_PLACEMENT_3D('',#5737,#4573,#4574);
#4186=AXIS2_PLACEMENT_3D('',#5741,#4576,#4577);
#4187=AXIS2_PLACEMENT_3D('',#5743,#4579,#4580);
#4188=AXIS2_PLACEMENT_3D('',#5747,#4582,#4583);
#4189=AXIS2_PLACEMENT_3D('',#5751,#4585,#4586);
#4190=AXIS2_PLACEMENT_3D('',#5757,#4590,#4591);
#4191=AXIS2_PLACEMENT_3D('',#5759,#4592,#4593);
#4192=AXIS2_PLACEMENT_3D('',#5766,#4597,#4598);
#4193=AXIS2_PLACEMENT_3D('',#5768,#4599,#4600);
#4194=AXIS2_PLACEMENT_3D('',#5769,#4601,#4602);
#4195=AXIS2_PLACEMENT_3D('',#5783,#4609,#4610);
#4196=AXIS2_PLACEMENT_3D('',#5796,#4617,#4618);
#4197=AXIS2_PLACEMENT_3D('',#5799,#4620,#4621);
#4198=AXIS2_PLACEMENT_3D('',#5802,#4622,#4623);
#4199=AXIS2_PLACEMENT_3D('',#5806,#4625,#4626);
#4200=AXIS2_PLACEMENT_3D('',#5810,#4628,#4629);
#4201=AXIS2_PLACEMENT_3D('',#5814,#4631,#4632);
#4202=AXIS2_PLACEMENT_3D('',#5820,#4635,#4636);
#4203=AXIS2_PLACEMENT_3D('',#5824,#4638,#4639);
#4204=AXIS2_PLACEMENT_3D('',#5828,#4641,#4642);
#4205=AXIS2_PLACEMENT_3D('',#5832,#4644,#4645);
#4206=AXIS2_PLACEMENT_3D('',#5836,#4647,#4648);
#4207=AXIS2_PLACEMENT_3D('',#5840,#4650,#4651);
#4208=AXIS2_PLACEMENT_3D('',#5844,#4653,#4654);
#4209=AXIS2_PLACEMENT_3D('',#5848,#4656,#4657);
#4210=AXIS2_PLACEMENT_3D('',#5852,#4659,#4660);
#4211=AXIS2_PLACEMENT_3D('',#5856,#4662,#4663);
#4212=AXIS2_PLACEMENT_3D('',#5860,#4665,#4666);
#4213=AXIS2_PLACEMENT_3D('',#5864,#4668,#4669);
#4214=AXIS2_PLACEMENT_3D('',#5868,#4671,#4672);
#4215=AXIS2_PLACEMENT_3D('',#5872,#4674,#4675);
#4216=AXIS2_PLACEMENT_3D('',#5876,#4677,#4678);
#4217=AXIS2_PLACEMENT_3D('',#5880,#4680,#4681);
#4218=AXIS2_PLACEMENT_3D('',#5884,#4683,#4684);
#4219=AXIS2_PLACEMENT_3D('',#5887,#4686,#4687);
#4220=AXIS2_PLACEMENT_3D('',#5888,#4688,#4689);
#4221=AXIS2_PLACEMENT_3D('',#5894,#4693,#4694);
#4222=AXIS2_PLACEMENT_3D('',#5897,#4695,#4696);
#4223=AXIS2_PLACEMENT_3D('',#5911,#4698,#4699);
#4224=AXIS2_PLACEMENT_3D('',#5922,#4700,#4701);
#4225=AXIS2_PLACEMENT_3D('',#5941,#4702,#4703);
#4226=AXIS2_PLACEMENT_3D('',#5944,#4705,#4706);
#4227=AXIS2_PLACEMENT_3D('',#5945,#4707,#4708);
#4228=AXIS2_PLACEMENT_3D('',#5946,#4709,#4710);
#4229=AXIS2_PLACEMENT_3D('',#5965,#4711,#4712);
#4230=AXIS2_PLACEMENT_3D('',#5968,#4714,#4715);
#4231=AXIS2_PLACEMENT_3D('',#5969,#4716,#4717);
#4232=AXIS2_PLACEMENT_3D('',#5970,#4718,#4719);
#4233=AXIS2_PLACEMENT_3D('',#5973,#4720,#4721);
#4234=AXIS2_PLACEMENT_3D('',#5987,#4723,#4724);
#4235=AXIS2_PLACEMENT_3D('',#5998,#4725,#4726);
#4236=AXIS2_PLACEMENT_3D('',#6000,#4727,#4728);
#4237=AXIS2_PLACEMENT_3D('',#6004,#4730,#4731);
#4238=AXIS2_PLACEMENT_3D('',#6008,#4733,#4734);
#4239=AXIS2_PLACEMENT_3D('',#6012,#4736,#4737);
#4240=AXIS2_PLACEMENT_3D('',#6016,#4739,#4740);
#4241=AXIS2_PLACEMENT_3D('',#6019,#4742,#4743);
#4242=AXIS2_PLACEMENT_3D('',#6020,#4744,#4745);
#4243=AXIS2_PLACEMENT_3D('',#6022,#4746,#4747);
#4244=AXIS2_PLACEMENT_3D('',#6026,#4749,#4750);
#4245=AXIS2_PLACEMENT_3D('',#6030,#4752,#4753);
#4246=AXIS2_PLACEMENT_3D('',#6033,#4755,#4756);
#4247=AXIS2_PLACEMENT_3D('',#6036,#4758,#4759);
#4248=AXIS2_PLACEMENT_3D('',#6037,#4760,#4761);
#4249=AXIS2_PLACEMENT_3D('',#6041,#4763,#4764);
#4250=AXIS2_PLACEMENT_3D('',#6045,#4766,#4767);
#4251=AXIS2_PLACEMENT_3D('',#6049,#4769,#4770);
#4252=AXIS2_PLACEMENT_3D('',#6051,#4772,#4773);
#4253=AXIS2_PLACEMENT_3D('',#6052,#4774,#4775);
#4254=AXIS2_PLACEMENT_3D('',#6056,#4777,#4778);
#4255=AXIS2_PLACEMENT_3D('',#6060,#4780,#4781);
#4256=AXIS2_PLACEMENT_3D('',#6064,#4783,#4784);
#4257=AXIS2_PLACEMENT_3D('',#6068,#4786,#4787);
#4258=AXIS2_PLACEMENT_3D('',#6071,#4789,#4790);
#4259=AXIS2_PLACEMENT_3D('',#6072,#4791,#4792);
#4260=AXIS2_PLACEMENT_3D('',#6074,#4793,#4794);
#4261=AXIS2_PLACEMENT_3D('',#6078,#4796,#4797);
#4262=AXIS2_PLACEMENT_3D('',#6082,#4799,#4800);
#4263=AXIS2_PLACEMENT_3D('',#6086,#4802,#4803);
#4264=AXIS2_PLACEMENT_3D('',#6090,#4806,#4807);
#4265=AXIS2_PLACEMENT_3D('',#6091,#4808,#4809);
#4266=AXIS2_PLACEMENT_3D('',#6093,#4810,#4811);
#4267=AXIS2_PLACEMENT_3D('',#6097,#4813,#4814);
#4268=AXIS2_PLACEMENT_3D('',#6101,#4816,#4817);
#4269=AXIS2_PLACEMENT_3D('',#6105,#4819,#4820);
#4270=AXIS2_PLACEMENT_3D('',#6109,#4822,#4823);
#4271=AXIS2_PLACEMENT_3D('',#6112,#4825,#4826);
#4272=AXIS2_PLACEMENT_3D('',#6113,#4827,#4828);
#4273=AXIS2_PLACEMENT_3D('',#6117,#4830,#4831);
#4274=AXIS2_PLACEMENT_3D('',#6121,#4833,#4834);
#4275=AXIS2_PLACEMENT_3D('',#6125,#4836,#4837);
#4276=AXIS2_PLACEMENT_3D('',#6129,#4839,#4840);
#4277=AXIS2_PLACEMENT_3D('',#6132,#4842,#4843);
#4278=AXIS2_PLACEMENT_3D('',#6133,#4844,#4845);
#4279=AXIS2_PLACEMENT_3D('',#6137,#4847,#4848);
#4280=AXIS2_PLACEMENT_3D('',#6141,#4850,#4851);
#4281=AXIS2_PLACEMENT_3D('',#6145,#4853,#4854);
#4282=AXIS2_PLACEMENT_3D('',#6149,#4857,#4858);
#4283=AXIS2_PLACEMENT_3D('',#6150,#4859,#4860);
#4284=AXIS2_PLACEMENT_3D('',#6153,#4861,#4862);
#4285=AXIS2_PLACEMENT_3D('',#6178,#4863,#4864);
#4286=AXIS2_PLACEMENT_3D('',#6181,#4866,#4867);
#4287=AXIS2_PLACEMENT_3D('',#6183,#4868,#4869);
#4288=AXIS2_PLACEMENT_3D('',#6206,#4870,#4871);
#4289=AXIS2_PLACEMENT_3D('',#6209,#4872,#4873);
#4290=AXIS2_PLACEMENT_3D('',#6234,#4874,#4875);
#4291=AXIS2_PLACEMENT_3D('',#6237,#4877,#4878);
#4292=AXIS2_PLACEMENT_3D('',#6239,#4879,#4880);
#4293=AXIS2_PLACEMENT_3D('',#6262,#4881,#4882);
#4294=AXIS2_PLACEMENT_3D('',#6300,#4884,#4885);
#4295=AXIS2_PLACEMENT_3D('',#6301,#4886,#4887);
#4296=AXIS2_PLACEMENT_3D('',#6339,#4889,#4890);
#4297=AXIS2_PLACEMENT_3D('',#6340,#4891,#4892);
#4298=AXIS2_PLACEMENT_3D('',#6343,#4893,#4894);
#4299=AXIS2_PLACEMENT_3D('',#6348,#4899,#4900);
#4300=AXIS2_PLACEMENT_3D('',#6350,#4901,#4902);
#4301=AXIS2_PLACEMENT_3D('',#6353,#4904,#4905);
#4302=AXIS2_PLACEMENT_3D('',#6354,#4906,#4907);
#4303=AXIS2_PLACEMENT_3D('',#6372,#4919,#4920);
#4304=AXIS2_PLACEMENT_3D('',#6390,#4932,#4933);
#4305=AXIS2_PLACEMENT_3D('',#6394,#4936,#4937);
#4306=AXIS2_PLACEMENT_3D('',#6400,#4941,#4942);
#4307=AXIS2_PLACEMENT_3D('',#6448,#4969,#4970);
#4308=AXIS2_PLACEMENT_3D('',#6454,#4974,#4975);
#4309=AXIS2_PLACEMENT_3D('',#6457,#4978,#4979);
#4310=AXIS2_PLACEMENT_3D('',#6459,#4980,#4981);
#4311=AXIS2_PLACEMENT_3D('',#6461,#4983,#4984);
#4312=AXIS2_PLACEMENT_3D('',#6510,#5011,#5012);
#4313=AXIS2_PLACEMENT_3D('',#6513,#5014,#5015);
#4314=AXIS2_PLACEMENT_3D('',#6516,#5017,#5018);
#4315=AXIS2_PLACEMENT_3D('',#6536,#5029,#5030);
#4316=AXIS2_PLACEMENT_3D('',#6540,#5032,#5033);
#4317=AXIS2_PLACEMENT_3D('',#6544,#5035,#5036);
#4318=AXIS2_PLACEMENT_3D('',#6551,#5040,#5041);
#4319=AXIS2_PLACEMENT_3D('',#6555,#5043,#5044);
#4320=AXIS2_PLACEMENT_3D('',#6559,#5046,#5047);
#4321=AXIS2_PLACEMENT_3D('',#6563,#5049,#5050);
#4322=AXIS2_PLACEMENT_3D('',#6567,#5052,#5053);
#4323=AXIS2_PLACEMENT_3D('',#6571,#5055,#5056);
#4324=AXIS2_PLACEMENT_3D('',#6575,#5058,#5059);
#4325=AXIS2_PLACEMENT_3D('',#6579,#5061,#5062);
#4326=AXIS2_PLACEMENT_3D('',#6582,#5064,#5065);
#4327=AXIS2_PLACEMENT_3D('',#6584,#5066,#5067);
#4328=AXIS2_PLACEMENT_3D('',#6588,#5069,#5070);
#4329=AXIS2_PLACEMENT_3D('',#6592,#5072,#5073);
#4330=AXIS2_PLACEMENT_3D('',#6596,#5075,#5076);
#4331=AXIS2_PLACEMENT_3D('',#6600,#5078,#5079);
#4332=AXIS2_PLACEMENT_3D('',#6604,#5081,#5082);
#4333=AXIS2_PLACEMENT_3D('',#6608,#5084,#5085);
#4334=AXIS2_PLACEMENT_3D('',#6612,#5087,#5088);
#4335=AXIS2_PLACEMENT_3D('',#6615,#5090,#5091);
#4336=AXIS2_PLACEMENT_3D('',#6616,#5092,#5093);
#4337=AXIS2_PLACEMENT_3D('',#6620,#5096,#5097);
#4338=AXIS2_PLACEMENT_3D('',#6624,#5100,#5101);
#4339=AXIS2_PLACEMENT_3D('',#6630,#5105,#5106);
#4340=AXIS2_PLACEMENT_3D('',#6634,#5109,#5110);
#4341=AXIS2_PLACEMENT_3D('',#6636,#5112,#5113);
#4342=AXIS2_PLACEMENT_3D('',#6640,#5116,#5117);
#4343=AXIS2_PLACEMENT_3D('',#6644,#5120,#5121);
#4344=AXIS2_PLACEMENT_3D('',#6650,#5125,#5126);
#4345=AXIS2_PLACEMENT_3D('',#6654,#5129,#5130);
#4346=AXIS2_PLACEMENT_3D('',#6656,#5132,#5133);
#4347=AXIS2_PLACEMENT_3D('',#6659,#5136,#5137);
#4348=AXIS2_PLACEMENT_3D('',#6661,#5139,#5140);
#4349=AXIS2_PLACEMENT_3D('',#6665,#5143,#5144);
#4350=AXIS2_PLACEMENT_3D('',#6670,#5146,#5147);
#4351=AXIS2_PLACEMENT_3D('',#6680,#5153,#5154);
#4352=AXIS2_PLACEMENT_3D('',#6681,#5155,#5156);
#4353=AXIS2_PLACEMENT_3D('',#6685,#5159,#5160);
#4354=AXIS2_PLACEMENT_3D('',#6689,#5163,#5164);
#4355=AXIS2_PLACEMENT_3D('',#6693,#5167,#5168);
#4356=AXIS2_PLACEMENT_3D('',#6698,#5170,#5171);
#4357=AXIS2_PLACEMENT_3D('',#6702,#5173,#5174);
#4358=AXIS2_PLACEMENT_3D('',#6709,#5179,#5180);
#4359=AXIS2_PLACEMENT_3D('',#6711,#5182,#5183);
#4360=AXIS2_PLACEMENT_3D('',#6717,#5187,#5188);
#4361=AXIS2_PLACEMENT_3D('',#6719,#5190,#5191);
#4362=AXIS2_PLACEMENT_3D('',#6721,#5193,#5194);
#4363=AXIS2_PLACEMENT_3D('',#6723,#5196,#5197);
#4364=AXIS2_PLACEMENT_3D('',#6724,#5198,#5199);
#4365=AXIS2_PLACEMENT_3D('',#6728,#5202,#5203);
#4366=AXIS2_PLACEMENT_3D('',#6730,#5205,#5206);
#4367=AXIS2_PLACEMENT_3D('',#6734,#5209,#5210);
#4368=AXIS2_PLACEMENT_3D('',#6736,#5212,#5213);
#4369=AXIS2_PLACEMENT_3D('',#6740,#5217,#5218);
#4370=AXIS2_PLACEMENT_3D('',#6742,#5220,#5221);
#4371=AXIS2_PLACEMENT_3D('',#6744,#5223,#5224);
#4372=AXIS2_PLACEMENT_3D('',#6746,#5226,#5227);
#4373=AXIS2_PLACEMENT_3D('',#6748,#5229,#5230);
#4374=AXIS2_PLACEMENT_3D('',#6750,#5232,#5233);
#4375=AXIS2_PLACEMENT_3D('',#6751,#5234,#5235);
#4376=AXIS2_PLACEMENT_3D('',#6754,#5238,#5239);
#4377=AXIS2_PLACEMENT_3D('',#6757,#5242,#5243);
#4378=AXIS2_PLACEMENT_3D('',#6768,#5250,#5251);
#4379=AXIS2_PLACEMENT_3D('',#6776,#5256,#5257);
#4380=AXIS2_PLACEMENT_3D('',#6787,#5264,#5265);
#4381=AXIS2_PLACEMENT_3D('',#6790,#5268,#5269);
#4382=AXIS2_PLACEMENT_3D('',#6793,#5272,#5273);
#4383=AXIS2_PLACEMENT_3D('',#6796,#5276,#5277);
#4384=AXIS2_PLACEMENT_3D('',#6801,#5282,#5283);
#4385=AXIS2_PLACEMENT_3D('',#6806,#5287,#5288);
#4386=AXIS2_PLACEMENT_3D('',#6817,#5295,#5296);
#4387=AXIS2_PLACEMENT_3D('',#6820,#5299,#5300);
#4388=AXIS2_PLACEMENT_3D('',#6824,#5303,#5304);
#4389=AXIS2_PLACEMENT_3D('',#6828,#5307,#5308);
#4390=AXIS2_PLACEMENT_3D('',#6834,#5312,#5313);
#4391=AXIS2_PLACEMENT_3D('',#6838,#5316,#5317);
#4392=AXIS2_PLACEMENT_3D('',#6840,#5319,#5320);
#4393=AXIS2_PLACEMENT_3D('',#6844,#5323,#5324);
#4394=AXIS2_PLACEMENT_3D('',#6850,#5328,#5329);
#4395=AXIS2_PLACEMENT_3D('',#6852,#5331,#5332);
#4396=AXIS2_PLACEMENT_3D('',#6856,#5335,#5336);
#4397=AXIS2_PLACEMENT_3D('',#6860,#5338,#5339);
#4398=AXIS2_PLACEMENT_3D('',#6865,#5343,#5344);
#4399=AXIS2_PLACEMENT_3D('',#6866,#5345,#5346);
#4400=AXIS2_PLACEMENT_3D('',#6870,#5349,#5350);
#4401=AXIS2_PLACEMENT_3D('',#6874,#5353,#5354);
#4402=AXIS2_PLACEMENT_3D('',#6878,#5357,#5358);
#4403=AXIS2_PLACEMENT_3D('',#6883,#5360,#5361);
#4404=AXIS2_PLACEMENT_3D('',#6886,#5363,#5364);
#4405=AXIS2_PLACEMENT_3D('',#6891,#5368,#5369);
#4406=AXIS2_PLACEMENT_3D('',#6893,#5371,#5372);
#4407=AXIS2_PLACEMENT_3D('',#6897,#5375,#5376);
#4408=AXIS2_PLACEMENT_3D('',#6899,#5378,#5379);
#4409=AXIS2_PLACEMENT_3D('',#6903,#5382,#5383);
#4410=AXIS2_PLACEMENT_3D('',#6905,#5385,#5386);
#4411=AXIS2_PLACEMENT_3D('',#6910,#5390,#5391);
#4412=AXIS2_PLACEMENT_3D('',#6915,#5395,#5396);
#4413=AXIS2_PLACEMENT_3D('',#6916,#5397,#5398);
#4414=AXIS2_PLACEMENT_3D('',#6917,#5399,#5400);
#4415=AXIS2_PLACEMENT_3D('',#6919,#5402,#5403);
#4416=AXIS2_PLACEMENT_3D('',#6920,#5404,#5405);
#4417=AXIS2_PLACEMENT_3D('',#6922,#5407,#5408);
#4418=AXIS2_PLACEMENT_3D('',#6923,#5409,#5410);
#4419=AXIS2_PLACEMENT_3D('',#6926,#5413,#5414);
#4420=AXIS2_PLACEMENT_3D('',#6928,#5415,#5416);
#4421=AXIS2_PLACEMENT_3D('',#6931,#5418,#5419);
#4422=AXIS2_PLACEMENT_3D('',#6932,#5420,#5421);
#4423=AXIS2_PLACEMENT_3D('',#6934,#5423,#5424);
#4424=AXIS2_PLACEMENT_3D('',#6935,#5425,#5426);
#4425=AXIS2_PLACEMENT_3D('',#6939,#5428,#5429);
#4426=AXIS2_PLACEMENT_3D('',#6940,#5430,#5431);
#4427=AXIS2_PLACEMENT_3D('',#6941,#5432,#5433);
#4428=AXIS2_PLACEMENT_3D('',#6943,#5435,#5436);
#4429=AXIS2_PLACEMENT_3D('',#6946,#5439,#5440);
#4430=AXIS2_PLACEMENT_3D('',#6947,#5441,#5442);
#4431=AXIS2_PLACEMENT_3D('',#6949,#5443,#5444);
#4432=AXIS2_PLACEMENT_3D('',#6952,#5446,#5447);
#4433=AXIS2_PLACEMENT_3D('',#6953,#5448,#5449);
#4434=AXIS2_PLACEMENT_3D('',#6957,#5451,#5452);
#4435=AXIS2_PLACEMENT_3D('',#6958,#5453,#5454);
#4436=AXIS2_PLACEMENT_3D('',#6959,#5455,#5456);
#4437=AXIS2_PLACEMENT_3D('',#6961,#5458,#5459);
#4438=AXIS2_PLACEMENT_3D('',#6963,#5461,#5462);
#4439=AXIS2_PLACEMENT_3D('',#6964,#5463,#5464);
#4440=AXIS2_PLACEMENT_3D('',#6965,#5465,#5466);
#4441=AXIS2_PLACEMENT_3D('',#6968,#5469,#5470);
#4442=AXIS2_PLACEMENT_3D('',#6971,#5473,#5474);
#4443=AXIS2_PLACEMENT_3D('',#6974,#5477,#5478);
#4444=AXIS2_PLACEMENT_3D('',#6977,#5481,#5482);
#4445=AXIS2_PLACEMENT_3D('',#6980,#5485,#5486);
#4446=AXIS2_PLACEMENT_3D('',#6983,#5489,#5490);
#4447=AXIS2_PLACEMENT_3D('',#6986,#5493,#5494);
#4448=AXIS2_PLACEMENT_3D('',#6989,#5497,#5498);
#4449=AXIS2_PLACEMENT_3D('',#6992,#5501,#5502);
#4450=AXIS2_PLACEMENT_3D('',#6995,#5505,#5506);
#4451=AXIS2_PLACEMENT_3D('',#6996,#5507,#5508);
#4452=AXIS2_PLACEMENT_3D('',#6997,#5509,#5510);
#4453=AXIS2_PLACEMENT_3D('',#6998,#5511,#5512);
#4454=AXIS2_PLACEMENT_3D('',#6999,#5513,#5514);
#4455=AXIS2_PLACEMENT_3D('',#7000,#5515,#5516);
#4456=AXIS2_PLACEMENT_3D('',#7001,#5517,#5518);
#4457=AXIS2_PLACEMENT_3D('',#7002,#5519,#5520);
#4458=AXIS2_PLACEMENT_3D('',#7003,#5521,#5522);
#4459=AXIS2_PLACEMENT_3D('',#7004,#5523,#5524);
#4460=AXIS2_PLACEMENT_3D('',#7005,#5525,#5526);
#4461=AXIS2_PLACEMENT_3D('',#7006,#5527,#5528);
#4462=AXIS2_PLACEMENT_3D('',#7007,#5529,#5530);
#4463=AXIS2_PLACEMENT_3D('',#7008,#5531,#5532);
#4464=AXIS2_PLACEMENT_3D('',#7009,#5533,#5534);
#4465=AXIS2_PLACEMENT_3D('',#7010,#5535,#5536);
#4466=AXIS2_PLACEMENT_3D('',#7011,#5537,#5538);
#4467=AXIS2_PLACEMENT_3D('',#7012,#5539,#5540);
#4468=AXIS2_PLACEMENT_3D('',#7013,#5541,#5542);
#4469=AXIS2_PLACEMENT_3D('',#7014,#5543,#5544);
#4470=AXIS2_PLACEMENT_3D('',#7015,#5545,#5546);
#4471=AXIS2_PLACEMENT_3D('',#7016,#5547,#5548);
#4472=AXIS2_PLACEMENT_3D('',#7017,#5549,#5550);
#4473=AXIS2_PLACEMENT_3D('',#7018,#5551,#5552);
#4474=AXIS2_PLACEMENT_3D('',#7019,#5553,#5554);
#4475=AXIS2_PLACEMENT_3D('',#7020,#5555,#5556);
#4476=AXIS2_PLACEMENT_3D('',#7021,#5557,#5558);
#4477=AXIS2_PLACEMENT_3D('',#7022,#5559,#5560);
#4478=AXIS2_PLACEMENT_3D('',#7023,#5561,#5562);
#4479=AXIS2_PLACEMENT_3D('',#7025,#5564,#5565);
#4480=AXIS2_PLACEMENT_3D('',#7027,#5567,#5568);
#4481=AXIS2_PLACEMENT_3D('',#7028,#5569,#5570);
#4482=AXIS2_PLACEMENT_3D('',#7030,#5572,#5573);
#4483=AXIS2_PLACEMENT_3D('',#7032,#5575,#5576);
#4484=AXIS2_PLACEMENT_3D('',#7033,#5577,#5578);
#4485=AXIS2_PLACEMENT_3D('',#7035,#5580,#5581);
#4486=AXIS2_PLACEMENT_3D('',#7037,#5583,#5584);
#4487=AXIS2_PLACEMENT_3D('',#7038,#5585,#5586);
#4488=AXIS2_PLACEMENT_3D('',#7040,#5588,#5589);
#4489=AXIS2_PLACEMENT_3D('',#7042,#5591,#5592);
#4490=AXIS2_PLACEMENT_3D('',#7043,#5593,#5594);
#4491=AXIS2_PLACEMENT_3D('',#7045,#5596,#5597);
#4492=AXIS2_PLACEMENT_3D('',#7047,#5599,#5600);
#4493=AXIS2_PLACEMENT_3D('',#7048,#5601,#5602);
#4494=AXIS2_PLACEMENT_3D('',#7050,#5604,#5605);
#4495=AXIS2_PLACEMENT_3D('',#7052,#5607,#5608);
#4496=AXIS2_PLACEMENT_3D('',#7053,#5609,#5610);
#4497=AXIS2_PLACEMENT_3D('',#7055,#5612,#5613);
#4498=AXIS2_PLACEMENT_3D('',#7057,#5615,#5616);
#4499=AXIS2_PLACEMENT_3D('',#7058,#5617,#5618);
#4500=AXIS2_PLACEMENT_3D('',#7060,#5620,#5621);
#4501=AXIS2_PLACEMENT_3D('',#7062,#5623,#5624);
#4502=AXIS2_PLACEMENT_3D('',#7063,#5625,#5626);
#4503=AXIS2_PLACEMENT_3D('',#7065,#5628,#5629);
#4504=AXIS2_PLACEMENT_3D('',#7067,#5631,#5632);
#4505=AXIS2_PLACEMENT_3D('',#7068,#5633,#5634);
#4506=AXIS2_PLACEMENT_3D('',#7070,#5636,#5637);
#4507=AXIS2_PLACEMENT_3D('',#7072,#5639,#5640);
#4508=AXIS2_PLACEMENT_3D('',#7073,#5641,#5642);
#4509=AXIS2_PLACEMENT_3D('',#7075,#5644,#5645);
#4510=AXIS2_PLACEMENT_3D('',#7077,#5647,#5648);
#4511=AXIS2_PLACEMENT_3D('',#7078,#5649,#5650);
#4512=AXIS2_PLACEMENT_3D('',#7080,#5652,#5653);
#4513=DIRECTION('axis',(0.,0.,1.));
#4514=DIRECTION('refdir',(1.,0.,0.));
#4515=DIRECTION('center_axis',(-0.866025403784439,-0.499999999999999,0.));
#4516=DIRECTION('ref_axis',(-0.353553390593272,0.612372435695795,0.707106781186548));
#4517=DIRECTION('center_axis',(0.866025403784438,0.500000000000001,0.));
#4518=DIRECTION('ref_axis',(-0.353553390593272,0.612372435695795,0.707106781186548));
#4519=DIRECTION('',(0.866025403784439,0.499999999999999,0.));
#4520=DIRECTION('center_axis',(-0.866025403784438,-0.500000000000001,0.));
#4521=DIRECTION('ref_axis',(-0.353553390593272,0.612372435695795,0.707106781186548));
#4522=DIRECTION('',(-0.866025403784439,-0.499999999999999,0.));
#4523=DIRECTION('center_axis',(-0.499999999999999,0.866025403784439,0.));
#4524=DIRECTION('ref_axis',(-0.866025403784439,-0.499999999999999,0.));
#4525=DIRECTION('',(0.,0.,-1.));
#4526=DIRECTION('',(-0.866025403784439,-0.499999999999999,0.));
#4527=DIRECTION('',(0.,0.,1.));
#4528=DIRECTION('',(0.866025403784438,0.500000000000001,0.));
#4529=DIRECTION('',(0.,0.,-1.));
#4530=DIRECTION('',(0.866025403784438,0.500000000000001,0.));
#4531=DIRECTION('',(0.,0.,1.));
#4532=DIRECTION('',(0.866025403784438,0.500000000000001,0.));
#4533=DIRECTION('',(0.,0.,-1.));
#4534=DIRECTION('',(0.866025403784438,0.500000000000001,0.));
#4535=DIRECTION('',(0.,0.,-1.));
#4536=DIRECTION('center_axis',(0.866025403784438,0.500000000000001,0.));
#4537=DIRECTION('ref_axis',(-0.500000000000001,0.866025403784438,0.));
#4538=DIRECTION('',(0.500000000000001,-0.866025403784438,0.));
#4539=DIRECTION('',(0.,0.,-1.));
#4540=DIRECTION('',(-0.500000000000001,0.866025403784438,0.));
#4541=DIRECTION('center_axis',(0.866025403784438,0.500000000000001,0.));
#4542=DIRECTION('ref_axis',(-0.500000000000001,0.866025403784438,0.));
#4543=DIRECTION('center_axis',(-0.866025403784438,-0.500000000000001,0.));
#4544=DIRECTION('ref_axis',(-0.500000000000001,0.866025403784438,0.));
#4545=DIRECTION('center_axis',(-0.866025403784438,-0.500000000000001,0.));
#4546=DIRECTION('ref_axis',(-0.500000000000001,0.866025403784438,0.));
#4547=DIRECTION('center_axis',(-0.866025403784438,0.500000000000002,0.));
#4548=DIRECTION('ref_axis',(0.353553390593274,0.612372435695794,0.707106781186548));
#4549=DIRECTION('center_axis',(0.866025403784438,-0.500000000000002,0.));
#4550=DIRECTION('ref_axis',(0.353553390593274,0.612372435695794,0.707106781186548));
#4551=DIRECTION('',(0.866025403784437,-0.500000000000002,0.));
#4552=DIRECTION('center_axis',(-0.866025403784438,0.500000000000001,0.));
#4553=DIRECTION('ref_axis',(0.353553390593274,0.612372435695794,0.707106781186548));
#4554=DIRECTION('',(-0.866025403784437,0.500000000000002,0.));
#4555=DIRECTION('center_axis',(0.500000000000002,0.866025403784438,0.));
#4556=DIRECTION('ref_axis',(-0.866025403784437,0.500000000000002,0.));
#4557=DIRECTION('',(0.,0.,1.));
#4558=DIRECTION('',(-0.866025403784438,0.500000000000001,0.));
#4559=DIRECTION('',(0.,0.,-1.));
#4560=DIRECTION('',(-0.866025403784438,0.500000000000001,0.));
#4561=DIRECTION('',(0.,0.,1.));
#4562=DIRECTION('',(-0.866025403784438,0.500000000000001,0.));
#4563=DIRECTION('',(0.,0.,-1.));
#4564=DIRECTION('',(-0.866025403784438,0.500000000000001,0.));
#4565=DIRECTION('',(0.,0.,1.));
#4566=DIRECTION('',(-0.866025403784437,0.500000000000002,0.));
#4567=DIRECTION('',(0.,0.,-1.));
#4568=DIRECTION('center_axis',(0.866025403784438,-0.500000000000001,0.));
#4569=DIRECTION('ref_axis',(0.500000000000001,0.866025403784438,0.));
#4570=DIRECTION('',(0.500000000000001,0.866025403784438,0.));
#4571=DIRECTION('',(0.,0.,1.));
#4572=DIRECTION('',(0.500000000000001,0.866025403784438,-1.04932360731411E-16));
#4573=DIRECTION('center_axis',(0.866025403784438,-0.500000000000001,0.));
#4574=DIRECTION('ref_axis',(0.500000000000001,0.866025403784438,0.));
#4575=DIRECTION('',(0.500000000000001,0.866025403784438,0.));
#4576=DIRECTION('center_axis',(0.866025403784438,-0.500000000000001,0.));
#4577=DIRECTION('ref_axis',(0.500000000000001,0.866025403784438,0.));
#4578=DIRECTION('',(0.500000000000001,0.866025403784438,0.));
#4579=DIRECTION('center_axis',(-0.866025403784438,-0.500000000000001,0.));
#4580=DIRECTION('ref_axis',(0.500000000000001,-0.866025403784438,0.));
#4581=DIRECTION('',(-0.500000000000001,0.866025403784438,0.));
#4582=DIRECTION('center_axis',(-0.866025403784438,-0.500000000000001,0.));
#4583=DIRECTION('ref_axis',(0.500000000000001,-0.866025403784438,0.));
#4584=DIRECTION('',(-0.500000000000001,0.866025403784438,0.));
#4585=DIRECTION('center_axis',(-0.866025403784438,-0.500000000000001,0.));
#4586=DIRECTION('ref_axis',(0.500000000000001,-0.866025403784438,0.));
#4587=DIRECTION('',(-0.500000000000001,0.866025403784438,-1.04932360731411E-16));
#4588=DIRECTION('',(0.,0.,-1.));
#4589=DIRECTION('',(0.500000000000001,-0.866025403784438,0.));
#4590=DIRECTION('center_axis',(-0.866025403784438,0.500000000000002,0.));
#4591=DIRECTION('ref_axis',(-0.500000000000002,-0.866025403784437,0.));
#4592=DIRECTION('center_axis',(-0.866025403784438,0.500000000000002,0.));
#4593=DIRECTION('ref_axis',(-0.500000000000002,-0.866025403784437,0.));
#4594=DIRECTION('',(-0.500000000000002,-0.866025403784437,0.));
#4595=DIRECTION('',(0.,0.,1.));
#4596=DIRECTION('',(0.500000000000002,0.866025403784437,0.));
#4597=DIRECTION('center_axis',(0.866025403784438,-0.500000000000002,0.));
#4598=DIRECTION('ref_axis',(-0.500000000000002,-0.866025403784437,0.));
#4599=DIRECTION('center_axis',(0.866025403784438,-0.500000000000002,0.));
#4600=DIRECTION('ref_axis',(-0.500000000000002,-0.866025403784438,0.));
#4601=DIRECTION('center_axis',(0.,0.,1.));
#4602=DIRECTION('ref_axis',(1.,0.,0.));
#4603=DIRECTION('',(0.866025403784438,0.500000000000001,0.));
#4604=DIRECTION('',(0.5,-0.866025403784438,0.));
#4605=DIRECTION('',(-0.500000000000003,-0.866025403784437,0.));
#4606=DIRECTION('',(-1.,0.,0.));
#4607=DIRECTION('',(-0.499999999999999,0.866025403784439,0.));
#4608=DIRECTION('',(0.866025403784438,0.500000000000001,0.));
#4609=DIRECTION('center_axis',(0.,0.,-1.));
#4610=DIRECTION('ref_axis',(1.,0.,0.));
#4611=DIRECTION('',(0.866025403784438,-0.500000000000001,0.));
#4612=DIRECTION('',(-0.500000000000001,-0.866025403784438,0.));
#4613=DIRECTION('',(-1.,0.,0.));
#4614=DIRECTION('',(-0.500000000000003,0.866025403784437,0.));
#4615=DIRECTION('',(0.499999999999999,0.866025403784439,0.));
#4616=DIRECTION('',(0.866025403784438,-0.500000000000001,0.));
#4617=DIRECTION('center_axis',(0.,0.,1.));
#4618=DIRECTION('ref_axis',(1.,0.,0.));
#4619=DIRECTION('',(-1.,0.,0.));
#4620=DIRECTION('center_axis',(0.,0.,-1.));
#4621=DIRECTION('ref_axis',(1.,1.73470478851014E-15,0.));
#4622=DIRECTION('center_axis',(0.,0.,-1.));
#4623=DIRECTION('ref_axis',(1.,0.,0.));
#4624=DIRECTION('',(-0.5,0.866025403784439,0.));
#4625=DIRECTION('center_axis',(0.,0.,-1.));
#4626=DIRECTION('ref_axis',(1.,0.,0.));
#4627=DIRECTION('',(1.,0.,0.));
#4628=DIRECTION('center_axis',(0.,0.,-1.));
#4629=DIRECTION('ref_axis',(1.,-1.73472347597681E-15,0.));
#4630=DIRECTION('',(-0.5,-0.866025403784439,0.));
#4631=DIRECTION('center_axis',(0.,0.,-1.));
#4632=DIRECTION('ref_axis',(1.,0.,0.));
#4633=DIRECTION('',(-1.,0.,0.));
#4634=DIRECTION('',(1.11917643611407E-16,1.,0.));
#4635=DIRECTION('center_axis',(0.,0.,1.));
#4636=DIRECTION('ref_axis',(1.,0.,0.));
#4637=DIRECTION('',(1.,0.,0.));
#4638=DIRECTION('center_axis',(0.,0.,1.));
#4639=DIRECTION('ref_axis',(1.,0.,0.));
#4640=DIRECTION('',(-1.11917643611407E-16,-1.,0.));
#4641=DIRECTION('center_axis',(0.,0.,-1.));
#4642=DIRECTION('ref_axis',(1.,0.,0.));
#4643=DIRECTION('',(1.,0.,0.));
#4644=DIRECTION('center_axis',(0.,0.,-1.));
#4645=DIRECTION('ref_axis',(1.,0.,0.));
#4646=DIRECTION('',(0.,-1.,0.));
#4647=DIRECTION('center_axis',(0.,0.,-1.));
#4648=DIRECTION('ref_axis',(1.,0.,0.));
#4649=DIRECTION('',(1.,0.,0.));
#4650=DIRECTION('center_axis',(0.,0.,1.));
#4651=DIRECTION('ref_axis',(1.,0.,0.));
#4652=DIRECTION('',(0.,-1.,0.));
#4653=DIRECTION('center_axis',(0.,0.,1.));
#4654=DIRECTION('ref_axis',(1.,0.,0.));
#4655=DIRECTION('',(-1.,0.,0.));
#4656=DIRECTION('center_axis',(0.,0.,-1.));
#4657=DIRECTION('ref_axis',(1.,0.,0.));
#4658=DIRECTION('',(0.,-1.,0.));
#4659=DIRECTION('center_axis',(0.,0.,-1.));
#4660=DIRECTION('ref_axis',(1.,0.,0.));
#4661=DIRECTION('',(-1.,0.,0.));
#4662=DIRECTION('center_axis',(0.,0.,-1.));
#4663=DIRECTION('ref_axis',(1.,0.,0.));
#4664=DIRECTION('',(-1.,0.,0.));
#4665=DIRECTION('center_axis',(0.,0.,-1.));
#4666=DIRECTION('ref_axis',(1.,0.,0.));
#4667=DIRECTION('',(-1.,0.,0.));
#4668=DIRECTION('center_axis',(0.,0.,-1.));
#4669=DIRECTION('ref_axis',(1.,0.,0.));
#4670=DIRECTION('',(0.,1.,0.));
#4671=DIRECTION('center_axis',(0.,0.,-1.));
#4672=DIRECTION('ref_axis',(1.,0.,0.));
#4673=DIRECTION('',(-1.,0.,0.));
#4674=DIRECTION('center_axis',(0.,0.,1.));
#4675=DIRECTION('ref_axis',(1.,0.,0.));
#4676=DIRECTION('',(0.,1.,0.));
#4677=DIRECTION('center_axis',(0.,0.,1.));
#4678=DIRECTION('ref_axis',(1.,0.,0.));
#4679=DIRECTION('',(1.,0.,0.));
#4680=DIRECTION('center_axis',(0.,0.,-1.));
#4681=DIRECTION('ref_axis',(1.,0.,0.));
#4682=DIRECTION('',(0.,1.,0.));
#4683=DIRECTION('center_axis',(0.,0.,-1.));
#4684=DIRECTION('ref_axis',(1.,0.,0.));
#4685=DIRECTION('',(1.,0.,0.));
#4686=DIRECTION('center_axis',(0.,0.,-1.));
#4687=DIRECTION('ref_axis',(1.,0.,0.));
#4688=DIRECTION('center_axis',(0.,0.,1.));
#4689=DIRECTION('ref_axis',(1.,0.,0.));
#4690=DIRECTION('',(0.500000000000001,0.866025403784438,0.));
#4691=DIRECTION('',(-0.866025403784438,0.500000000000001,0.));
#4692=DIRECTION('',(-0.866025403784438,0.500000000000001,0.));
#4693=DIRECTION('center_axis',(-2.73146273916783E-16,1.,0.));
#4694=DIRECTION('ref_axis',(-1.,-2.73146273916783E-16,0.));
#4695=DIRECTION('center_axis',(1.60955279639346E-16,-1.,0.));
#4696=DIRECTION('ref_axis',(-1.,-1.60955279639346E-16,0.));
#4697=DIRECTION('',(-2.73146273916783E-16,1.,0.));
#4698=DIRECTION('center_axis',(-2.73146273916783E-16,1.,0.));
#4699=DIRECTION('ref_axis',(-1.,-2.73146273916783E-16,0.));
#4700=DIRECTION('center_axis',(-2.73146273916783E-16,1.,0.));
#4701=DIRECTION('ref_axis',(-1.,-2.73146273916783E-16,0.));
#4702=DIRECTION('center_axis',(1.60955279639346E-16,-1.,0.));
#4703=DIRECTION('ref_axis',(-1.,-1.60955279639346E-16,-9.91270557701032E-16));
#4704=DIRECTION('',(-2.73146273916783E-16,1.,0.));
#4705=DIRECTION('center_axis',(-2.73146273916783E-16,1.,0.));
#4706=DIRECTION('ref_axis',(-1.,-2.73146273916783E-16,0.));
#4707=DIRECTION('center_axis',(1.60955279639346E-16,-1.,0.));
#4708=DIRECTION('ref_axis',(-1.,-1.60955279639346E-16,-9.91270557701032E-16));
#4709=DIRECTION('center_axis',(-2.73146273916783E-16,1.,0.));
#4710=DIRECTION('ref_axis',(-1.,-2.73146273916783E-16,0.));
#4711=DIRECTION('center_axis',(1.60955279639346E-16,-1.,0.));
#4712=DIRECTION('ref_axis',(-1.,-1.60955279639346E-16,0.));
#4713=DIRECTION('',(-2.73146273916783E-16,1.,0.));
#4714=DIRECTION('center_axis',(-2.73146273916783E-16,1.,0.));
#4715=DIRECTION('ref_axis',(-1.,-2.73146273916783E-16,0.));
#4716=DIRECTION('center_axis',(1.60955279639346E-16,-1.,0.));
#4717=DIRECTION('ref_axis',(-1.,-1.60955279639346E-16,0.));
#4718=DIRECTION('center_axis',(-2.73146273916783E-16,1.,0.));
#4719=DIRECTION('ref_axis',(-1.,-2.73146273916783E-16,0.));
#4720=DIRECTION('center_axis',(1.60955279639346E-16,-1.,0.));
#4721=DIRECTION('ref_axis',(-1.,-1.60955279639346E-16,0.));
#4722=DIRECTION('',(-2.73146273916783E-16,1.,0.));
#4723=DIRECTION('center_axis',(-2.73146273916783E-16,1.,0.));
#4724=DIRECTION('ref_axis',(-1.,-2.73146273916783E-16,0.));
#4725=DIRECTION('center_axis',(0.866025403784438,-0.500000000000001,0.));
#4726=DIRECTION('ref_axis',(0.500000000000001,0.866025403784438,0.));
#4727=DIRECTION('center_axis',(0.866025403784439,-0.5,0.));
#4728=DIRECTION('ref_axis',(0.5,0.866025403784439,0.));
#4729=DIRECTION('',(0.866025403784438,-0.500000000000001,0.));
#4730=DIRECTION('center_axis',(0.866025403784438,-0.500000000000001,0.));
#4731=DIRECTION('ref_axis',(-0.500000000000001,-0.866025403784438,0.));
#4732=DIRECTION('',(-0.866025403784438,0.500000000000001,0.));
#4733=DIRECTION('center_axis',(0.866025403784438,-0.500000000000001,0.));
#4734=DIRECTION('ref_axis',(0.500000000000001,0.866025403784438,0.));
#4735=DIRECTION('',(-0.866025403784438,0.500000000000001,0.));
#4736=DIRECTION('center_axis',(0.866025403784438,-0.500000000000001,0.));
#4737=DIRECTION('ref_axis',(-0.500000000000001,-0.866025403784438,0.));
#4738=DIRECTION('',(-0.866025403784438,0.500000000000001,0.));
#4739=DIRECTION('center_axis',(0.866025403784438,-0.500000000000001,0.));
#4740=DIRECTION('ref_axis',(0.500000000000001,0.866025403784438,0.));
#4741=DIRECTION('',(-0.866025403784438,0.500000000000001,0.));
#4742=DIRECTION('center_axis',(0.866025403784438,-0.500000000000001,0.));
#4743=DIRECTION('ref_axis',(-0.500000000000001,-0.866025403784438,0.));
#4744=DIRECTION('center_axis',(0.866025403784438,-0.500000000000001,0.));
#4745=DIRECTION('ref_axis',(0.500000000000001,0.866025403784438,0.));
#4746=DIRECTION('center_axis',(0.866025403784439,-0.5,0.));
#4747=DIRECTION('ref_axis',(0.5,0.866025403784439,0.));
#4748=DIRECTION('',(0.866025403784438,-0.500000000000001,0.));
#4749=DIRECTION('center_axis',(0.866025403784438,-0.500000000000001,0.));
#4750=DIRECTION('ref_axis',(-0.500000000000001,-0.866025403784438,0.));
#4751=DIRECTION('',(-0.866025403784438,0.500000000000001,0.));
#4752=DIRECTION('center_axis',(0.866025403784438,-0.500000000000001,0.));
#4753=DIRECTION('ref_axis',(0.500000000000001,0.866025403784438,0.));
#4754=DIRECTION('',(-0.866025403784438,0.500000000000001,0.));
#4755=DIRECTION('center_axis',(0.866025403784438,-0.500000000000001,0.));
#4756=DIRECTION('ref_axis',(-0.500000000000001,-0.866025403784438,0.));
#4757=DIRECTION('',(-0.866025403784438,0.500000000000001,0.));
#4758=DIRECTION('center_axis',(0.866025403784438,-0.500000000000001,0.));
#4759=DIRECTION('ref_axis',(-0.500000000000001,-0.866025403784438,0.));
#4760=DIRECTION('center_axis',(0.866025403784438,-0.500000000000001,0.));
#4761=DIRECTION('ref_axis',(0.500000000000001,0.866025403784438,0.));
#4762=DIRECTION('',(0.866025403784438,-0.500000000000001,0.));
#4763=DIRECTION('center_axis',(0.866025403784438,-0.500000000000001,0.));
#4764=DIRECTION('ref_axis',(-0.500000000000001,-0.866025403784438,0.));
#4765=DIRECTION('',(-0.866025403784438,0.500000000000001,0.));
#4766=DIRECTION('center_axis',(0.866025403784438,-0.500000000000001,0.));
#4767=DIRECTION('ref_axis',(0.500000000000001,0.866025403784438,0.));
#4768=DIRECTION('',(-0.866025403784438,0.500000000000001,0.));
#4769=DIRECTION('center_axis',(0.866025403784438,-0.500000000000001,0.));
#4770=DIRECTION('ref_axis',(-0.500000000000001,-0.866025403784438,0.));
#4771=DIRECTION('',(-0.866025403784438,0.500000000000001,0.));
#4772=DIRECTION('center_axis',(0.866025403784438,-0.500000000000001,0.));
#4773=DIRECTION('ref_axis',(-0.500000000000001,-0.866025403784438,0.));
#4774=DIRECTION('center_axis',(0.866025403784438,-0.500000000000001,0.));
#4775=DIRECTION('ref_axis',(0.500000000000001,0.866025403784438,0.));
#4776=DIRECTION('',(0.866025403784438,-0.500000000000001,0.));
#4777=DIRECTION('center_axis',(0.866025403784438,-0.500000000000001,0.));
#4778=DIRECTION('ref_axis',(-0.500000000000001,-0.866025403784438,0.));
#4779=DIRECTION('',(-0.866025403784438,0.500000000000001,0.));
#4780=DIRECTION('center_axis',(0.866025403784438,-0.500000000000001,0.));
#4781=DIRECTION('ref_axis',(0.500000000000001,0.866025403784438,0.));
#4782=DIRECTION('',(-0.866025403784438,0.500000000000001,0.));
#4783=DIRECTION('center_axis',(0.866025403784438,-0.500000000000001,0.));
#4784=DIRECTION('ref_axis',(-0.500000000000001,-0.866025403784438,0.));
#4785=DIRECTION('',(-0.866025403784438,0.500000000000001,0.));
#4786=DIRECTION('center_axis',(0.866025403784438,-0.500000000000001,0.));
#4787=DIRECTION('ref_axis',(0.500000000000001,0.866025403784438,0.));
#4788=DIRECTION('',(-0.866025403784438,0.500000000000001,0.));
#4789=DIRECTION('center_axis',(0.866025403784438,-0.500000000000001,0.));
#4790=DIRECTION('ref_axis',(-0.500000000000001,-0.866025403784438,0.));
#4791=DIRECTION('center_axis',(-0.866025403784438,-0.500000000000001,0.));
#4792=DIRECTION('ref_axis',(0.500000000000001,-0.866025403784438,0.));
#4793=DIRECTION('center_axis',(-0.866025403784439,-0.5,0.));
#4794=DIRECTION('ref_axis',(0.5,-0.866025403784439,0.));
#4795=DIRECTION('',(-0.866025403784438,-0.500000000000001,0.));
#4796=DIRECTION('center_axis',(0.866025403784438,0.500000000000001,0.));
#4797=DIRECTION('ref_axis',(0.500000000000001,-0.866025403784438,0.));
#4798=DIRECTION('',(0.866025403784438,0.500000000000001,0.));
#4799=DIRECTION('center_axis',(-0.866025403784438,-0.500000000000001,0.));
#4800=DIRECTION('ref_axis',(0.500000000000001,-0.866025403784438,0.));
#4801=DIRECTION('',(0.866025403784438,0.500000000000001,0.));
#4802=DIRECTION('center_axis',(0.866025403784438,0.500000000000001,0.));
#4803=DIRECTION('ref_axis',(0.500000000000001,-0.866025403784438,0.));
#4804=DIRECTION('',(0.866025403784438,0.500000000000001,0.));
#4805=DIRECTION('',(0.866025403784438,0.500000000000001,0.));
#4806=DIRECTION('center_axis',(0.866025403784438,0.500000000000001,0.));
#4807=DIRECTION('ref_axis',(0.500000000000001,-0.866025403784438,0.));
#4808=DIRECTION('center_axis',(-0.866025403784438,-0.500000000000001,0.));
#4809=DIRECTION('ref_axis',(0.500000000000001,-0.866025403784438,0.));
#4810=DIRECTION('center_axis',(-0.866025403784439,-0.5,0.));
#4811=DIRECTION('ref_axis',(0.5,-0.866025403784439,0.));
#4812=DIRECTION('',(-0.866025403784438,-0.500000000000001,0.));
#4813=DIRECTION('center_axis',(0.866025403784438,0.500000000000001,0.));
#4814=DIRECTION('ref_axis',(0.500000000000001,-0.866025403784438,0.));
#4815=DIRECTION('',(0.866025403784438,0.500000000000001,0.));
#4816=DIRECTION('center_axis',(-0.866025403784438,-0.500000000000001,0.));
#4817=DIRECTION('ref_axis',(0.500000000000001,-0.866025403784438,0.));
#4818=DIRECTION('',(0.866025403784438,0.500000000000001,0.));
#4819=DIRECTION('center_axis',(0.866025403784438,0.500000000000001,0.));
#4820=DIRECTION('ref_axis',(0.500000000000001,-0.866025403784438,0.));
#4821=DIRECTION('',(0.866025403784438,0.500000000000001,0.));
#4822=DIRECTION('center_axis',(-0.866025403784438,-0.500000000000001,0.));
#4823=DIRECTION('ref_axis',(0.500000000000001,-0.866025403784438,0.));
#4824=DIRECTION('',(0.866025403784438,0.500000000000001,0.));
#4825=DIRECTION('center_axis',(0.866025403784438,0.500000000000001,0.));
#4826=DIRECTION('ref_axis',(0.500000000000001,-0.866025403784438,0.));
#4827=DIRECTION('center_axis',(-0.866025403784438,-0.500000000000001,0.));
#4828=DIRECTION('ref_axis',(0.500000000000001,-0.866025403784438,0.));
#4829=DIRECTION('',(-0.866025403784438,-0.500000000000001,0.));
#4830=DIRECTION('center_axis',(0.866025403784438,0.500000000000001,0.));
#4831=DIRECTION('ref_axis',(0.500000000000001,-0.866025403784438,0.));
#4832=DIRECTION('',(0.866025403784438,0.500000000000001,0.));
#4833=DIRECTION('center_axis',(-0.866025403784438,-0.500000000000001,0.));
#4834=DIRECTION('ref_axis',(0.500000000000001,-0.866025403784438,0.));
#4835=DIRECTION('',(0.866025403784438,0.500000000000001,0.));
#4836=DIRECTION('center_axis',(0.866025403784438,0.500000000000001,0.));
#4837=DIRECTION('ref_axis',(0.500000000000001,-0.866025403784438,0.));
#4838=DIRECTION('',(0.866025403784438,0.500000000000001,0.));
#4839=DIRECTION('center_axis',(-0.866025403784438,-0.500000000000001,0.));
#4840=DIRECTION('ref_axis',(0.500000000000001,-0.866025403784438,0.));
#4841=DIRECTION('',(0.866025403784438,0.500000000000001,0.));
#4842=DIRECTION('center_axis',(0.866025403784438,0.500000000000001,0.));
#4843=DIRECTION('ref_axis',(0.500000000000001,-0.866025403784438,0.));
#4844=DIRECTION('center_axis',(-0.866025403784438,-0.500000000000001,0.));
#4845=DIRECTION('ref_axis',(0.500000000000001,-0.866025403784438,0.));
#4846=DIRECTION('',(-0.866025403784438,-0.500000000000001,0.));
#4847=DIRECTION('center_axis',(0.866025403784438,0.500000000000001,0.));
#4848=DIRECTION('ref_axis',(0.500000000000001,-0.866025403784438,0.));
#4849=DIRECTION('',(0.866025403784438,0.500000000000001,0.));
#4850=DIRECTION('center_axis',(-0.866025403784438,-0.500000000000001,0.));
#4851=DIRECTION('ref_axis',(0.500000000000001,-0.866025403784438,0.));
#4852=DIRECTION('',(0.866025403784438,0.500000000000001,0.));
#4853=DIRECTION('center_axis',(0.866025403784438,0.500000000000001,0.));
#4854=DIRECTION('ref_axis',(0.500000000000001,-0.866025403784438,0.));
#4855=DIRECTION('',(0.866025403784438,0.500000000000001,0.));
#4856=DIRECTION('',(0.866025403784438,0.500000000000001,0.));
#4857=DIRECTION('center_axis',(0.866025403784438,0.500000000000001,0.));
#4858=DIRECTION('ref_axis',(0.500000000000001,-0.866025403784438,0.));
#4859=DIRECTION('center_axis',(0.,-1.,0.));
#4860=DIRECTION('ref_axis',(0.,0.,-1.));
#4861=DIRECTION('center_axis',(0.,1.,0.));
#4862=DIRECTION('ref_axis',(0.,0.,-1.));
#4863=DIRECTION('center_axis',(0.,1.,0.));
#4864=DIRECTION('ref_axis',(1.77635683940025E-15,0.,-1.));
#4865=DIRECTION('',(0.,-1.,0.));
#4866=DIRECTION('center_axis',(0.,-1.,0.));
#4867=DIRECTION('ref_axis',(0.,0.,-1.));
#4868=DIRECTION('center_axis',(0.,1.,0.));
#4869=DIRECTION('ref_axis',(1.77635683940025E-15,0.,-1.));
#4870=DIRECTION('center_axis',(0.,-1.,0.));
#4871=DIRECTION('ref_axis',(0.,0.,-1.));
#4872=DIRECTION('center_axis',(0.,1.,0.));
#4873=DIRECTION('ref_axis',(0.,0.,-1.));
#4874=DIRECTION('center_axis',(0.,1.,0.));
#4875=DIRECTION('ref_axis',(0.,0.,-1.));
#4876=DIRECTION('',(0.,-1.,0.));
#4877=DIRECTION('center_axis',(0.,-1.,0.));
#4878=DIRECTION('ref_axis',(0.,0.,-1.));
#4879=DIRECTION('center_axis',(0.,1.,0.));
#4880=DIRECTION('ref_axis',(0.,0.,-1.));
#4881=DIRECTION('center_axis',(0.,1.,0.));
#4882=DIRECTION('ref_axis',(0.,0.,1.));
#4883=DIRECTION('',(0.,1.,0.));
#4884=DIRECTION('center_axis',(0.,-1.,0.));
#4885=DIRECTION('ref_axis',(0.,0.,1.));
#4886=DIRECTION('center_axis',(0.,1.,0.));
#4887=DIRECTION('ref_axis',(0.,0.,1.));
#4888=DIRECTION('',(0.,1.,0.));
#4889=DIRECTION('center_axis',(0.,-1.,0.));
#4890=DIRECTION('ref_axis',(0.,0.,1.));
#4891=DIRECTION('center_axis',(0.,0.,1.));
#4892=DIRECTION('ref_axis',(1.,0.,0.));
#4893=DIRECTION('center_axis',(0.,0.,-1.));
#4894=DIRECTION('ref_axis',(1.,-1.73472347597681E-15,0.));
#4895=DIRECTION('',(0.,0.,1.));
#4896=DIRECTION('',(0.,0.,-1.));
#4897=DIRECTION('',(0.,0.,-1.));
#4898=DIRECTION('',(0.,0.,-1.));
#4899=DIRECTION('center_axis',(-6.76542155630955E-17,1.,0.));
#4900=DIRECTION('ref_axis',(-1.,-6.76542155630955E-17,0.));
#4901=DIRECTION('center_axis',(6.76542155630955E-17,-1.,0.));
#4902=DIRECTION('ref_axis',(-1.,-6.76542155630955E-17,0.));
#4903=DIRECTION('',(-6.76542155630955E-17,1.,0.));
#4904=DIRECTION('center_axis',(6.76542155630955E-17,-1.,0.));
#4905=DIRECTION('ref_axis',(-1.,-6.76542155630955E-17,0.));
#4906=DIRECTION('center_axis',(0.866025403784438,-0.500000000000001,0.));
#4907=DIRECTION('ref_axis',(0.500000000000001,0.866025403784438,0.));
#4908=DIRECTION('',(-0.500000000000001,-0.866025403784438,4.8579838683829E-17));
#4909=DIRECTION('',(-0.500000000000001,-0.866025403784438,-2.09864721462823E-16));
#4910=DIRECTION('',(0.,0.,1.));
#4911=DIRECTION('',(-0.500000000000001,-0.866025403784438,0.));
#4912=DIRECTION('',(0.,0.,-1.));
#4913=DIRECTION('',(0.500000000000001,0.866025403784438,0.));
#4914=DIRECTION('',(0.,0.,1.));
#4915=DIRECTION('',(0.500000000000001,0.866025403784438,0.));
#4916=DIRECTION('',(0.500000000000001,0.866025403784438,1.94319354735316E-16));
#4917=DIRECTION('',(0.5,0.866025403784438,0.));
#4918=DIRECTION('',(-0.500000000000001,-0.866025403784438,0.));
#4919=DIRECTION('center_axis',(-0.866025403784438,-0.500000000000001,0.));
#4920=DIRECTION('ref_axis',(0.500000000000001,-0.866025403784438,0.));
#4921=DIRECTION('',(0.500000000000001,-0.866025403784438,4.8579838683829E-17));
#4922=DIRECTION('',(0.500000000000001,-0.866025403784438,0.));
#4923=DIRECTION('',(-0.5,0.866025403784438,0.));
#4924=DIRECTION('',(-0.500000000000001,0.866025403784438,1.94319354735316E-16));
#4925=DIRECTION('',(-0.500000000000001,0.866025403784438,0.));
#4926=DIRECTION('',(0.,0.,-1.));
#4927=DIRECTION('',(0.500000000000001,-0.866025403784438,0.));
#4928=DIRECTION('',(0.,0.,1.));
#4929=DIRECTION('',(-0.500000000000001,0.866025403784438,0.));
#4930=DIRECTION('',(0.,0.,-1.));
#4931=DIRECTION('',(0.500000000000001,-0.866025403784438,-2.09864721462823E-16));
#4932=DIRECTION('center_axis',(-0.866025403784438,-0.500000000000001,0.));
#4933=DIRECTION('ref_axis',(0.500000000000001,-0.866025403784438,0.));
#4934=DIRECTION('',(0.500000000000001,-0.866025403784438,0.));
#4935=DIRECTION('',(0.5,-0.866025403784438,0.));
#4936=DIRECTION('center_axis',(-0.866025403784438,-0.500000000000001,0.));
#4937=DIRECTION('ref_axis',(0.500000000000001,-0.866025403784438,0.));
#4938=DIRECTION('',(0.500000000000001,-0.866025403784438,0.));
#4939=DIRECTION('',(0.,0.,-1.));
#4940=DIRECTION('',(0.500000000000001,-0.866025403784438,0.));
#4941=DIRECTION('center_axis',(-0.500000000000001,0.866025403784438,0.));
#4942=DIRECTION('ref_axis',(-0.866025403784438,-0.500000000000001,0.));
#4943=DIRECTION('',(0.,0.,1.));
#4944=DIRECTION('',(0.866025403784438,0.500000000000001,0.));
#4945=DIRECTION('',(-0.866025403784438,-0.500000000000001,0.));
#4946=DIRECTION('',(0.,0.,1.));
#4947=DIRECTION('',(-0.612372435695798,-0.353553390593277,0.707106781186543));
#4948=DIRECTION('',(-0.866025403784438,-0.500000000000001,0.));
#4949=DIRECTION('',(-0.612372435695797,-0.353553390593277,-0.707106781186544));
#4950=DIRECTION('',(0.,0.,-1.));
#4951=DIRECTION('',(-0.866025403784437,-0.500000000000004,0.));
#4952=DIRECTION('',(0.,0.,-1.));
#4953=DIRECTION('',(0.,0.,-1.));
#4954=DIRECTION('',(0.61237243569579,0.353553390593273,-0.707106781186552));
#4955=DIRECTION('',(0.866025403784438,0.500000000000001,0.));
#4956=DIRECTION('',(0.612372435695791,0.353553390593273,0.707106781186551));
#4957=DIRECTION('',(0.,0.,1.));
#4958=DIRECTION('',(0.866025403784438,0.500000000000001,0.));
#4959=DIRECTION('',(0.,0.,1.));
#4960=DIRECTION('',(0.866025403784438,0.500000000000001,0.));
#4961=DIRECTION('',(-0.612372435695791,-0.353553390593273,0.707106781186551));
#4962=DIRECTION('',(-0.866025403784438,-0.500000000000001,0.));
#4963=DIRECTION('',(-0.612372435695791,-0.353553390593273,-0.70710678118655));
#4964=DIRECTION('',(0.,0.,-1.));
#4965=DIRECTION('',(0.61237243569579,0.353553390593272,-0.707106781186552));
#4966=DIRECTION('',(0.866025403784438,0.500000000000001,0.));
#4967=DIRECTION('',(0.612372435695797,0.353553390593276,0.707106781186544));
#4968=DIRECTION('',(0.866025403784438,0.500000000000001,0.));
#4969=DIRECTION('center_axis',(0.,-1.,0.));
#4970=DIRECTION('ref_axis',(0.,0.,-1.));
#4971=DIRECTION('',(0.,0.,1.));
#4972=DIRECTION('',(0.,0.,-1.));
#4973=DIRECTION('',(-1.,0.,0.));
#4974=DIRECTION('center_axis',(0.,-1.,0.));
#4975=DIRECTION('ref_axis',(0.,0.,-1.));
#4976=DIRECTION('',(0.,0.,-1.));
#4977=DIRECTION('',(0.,0.,1.));
#4978=DIRECTION('center_axis',(0.,0.,1.));
#4979=DIRECTION('ref_axis',(1.,0.,0.));
#4980=DIRECTION('center_axis',(0.,0.,1.));
#4981=DIRECTION('ref_axis',(1.,0.,0.));
#4982=DIRECTION('',(0.,0.,1.));
#4983=DIRECTION('center_axis',(0.500000000000001,0.866025403784438,0.));
#4984=DIRECTION('ref_axis',(-0.866025403784438,0.500000000000001,0.));
#4985=DIRECTION('',(-0.866025403784438,0.500000000000001,0.));
#4986=DIRECTION('',(0.,0.,1.));
#4987=DIRECTION('',(-0.866025403784438,0.500000000000001,0.));
#4988=DIRECTION('',(0.612372435695791,-0.353553390593273,-0.707106781186551));
#4989=DIRECTION('',(0.866025403784438,-0.500000000000001,0.));
#4990=DIRECTION('',(0.612372435695797,-0.353553390593276,0.707106781186544));
#4991=DIRECTION('',(0.,0.,1.));
#4992=DIRECTION('',(-0.612372435695797,0.353553390593276,0.707106781186544));
#4993=DIRECTION('',(-0.866025403784438,0.500000000000001,0.));
#4994=DIRECTION('',(-0.612372435695796,0.353553390593276,-0.707106781186545));
#4995=DIRECTION('',(-0.866025403784438,0.500000000000001,0.));
#4996=DIRECTION('',(0.,0.,1.));
#4997=DIRECTION('',(-0.866025403784438,0.500000000000001,0.));
#4998=DIRECTION('',(0.,0.,-1.));
#4999=DIRECTION('',(0.612372435695798,-0.353553390593277,-0.707106781186543));
#5000=DIRECTION('',(0.866025403784438,-0.500000000000001,0.));
#5001=DIRECTION('',(0.612372435695797,-0.353553390593276,0.707106781186544));
#5002=DIRECTION('',(0.,0.,1.));
#5003=DIRECTION('',(-0.866025403784438,0.500000000000001,0.));
#5004=DIRECTION('',(0.,0.,1.));
#5005=DIRECTION('',(-0.61237243569579,0.353553390593272,0.707106781186552));
#5006=DIRECTION('',(-0.866025403784438,0.500000000000001,0.));
#5007=DIRECTION('',(-0.612372435695791,0.353553390593273,-0.707106781186551));
#5008=DIRECTION('',(0.,0.,-1.));
#5009=DIRECTION('',(-0.866025403784438,0.500000000000001,0.));
#5010=DIRECTION('',(0.,0.,1.));
#5011=DIRECTION('center_axis',(0.,0.,1.));
#5012=DIRECTION('ref_axis',(1.,0.,0.));
#5013=DIRECTION('',(0.866025403784439,0.499999999999999,0.));
#5014=DIRECTION('center_axis',(0.,0.,-1.));
#5015=DIRECTION('ref_axis',(1.,0.,0.));
#5016=DIRECTION('',(-1.,0.,0.));
#5017=DIRECTION('center_axis',(0.,0.,-1.));
#5018=DIRECTION('ref_axis',(1.,1.15646985900675E-15,0.));
#5019=DIRECTION('',(0.866025403784437,-0.500000000000002,0.));
#5020=DIRECTION('',(0.500000000000001,0.866025403784438,0.));
#5021=DIRECTION('',(0.5,0.866025403784439,0.));
#5022=DIRECTION('',(-0.500000000000003,0.866025403784437,0.));
#5023=DIRECTION('',(-1.,0.,0.));
#5024=DIRECTION('',(-0.500000000000001,-0.866025403784438,0.));
#5025=DIRECTION('',(-0.5,0.866025403784439,0.));
#5026=DIRECTION('',(-1.,0.,0.));
#5027=DIRECTION('',(-0.500000000000003,-0.866025403784437,0.));
#5028=DIRECTION('',(0.5,-0.866025403784438,0.));
#5029=DIRECTION('center_axis',(0.,0.,-1.));
#5030=DIRECTION('ref_axis',(1.,8.67361737988404E-16,0.));
#5031=DIRECTION('',(-0.5,0.866025403784439,0.));
#5032=DIRECTION('center_axis',(0.,0.,-1.));
#5033=DIRECTION('ref_axis',(1.,0.,0.));
#5034=DIRECTION('',(-1.,0.,0.));
#5035=DIRECTION('center_axis',(0.,0.,-1.));
#5036=DIRECTION('ref_axis',(1.,0.,0.));
#5037=DIRECTION('',(-0.5,-0.866025403784439,0.));
#5038=DIRECTION('',(1.,0.,0.));
#5039=DIRECTION('',(1.,0.,0.));
#5040=DIRECTION('center_axis',(0.,0.,-1.));
#5041=DIRECTION('ref_axis',(1.,0.,0.));
#5042=DIRECTION('',(-1.11917643611407E-16,-1.,0.));
#5043=DIRECTION('center_axis',(0.,0.,1.));
#5044=DIRECTION('ref_axis',(1.,0.,0.));
#5045=DIRECTION('',(1.,0.,0.));
#5046=DIRECTION('center_axis',(0.,0.,1.));
#5047=DIRECTION('ref_axis',(1.,0.,0.));
#5048=DIRECTION('',(0.,1.,0.));
#5049=DIRECTION('center_axis',(0.,0.,1.));
#5050=DIRECTION('ref_axis',(1.,0.,0.));
#5051=DIRECTION('',(1.,0.,0.));
#5052=DIRECTION('center_axis',(0.,0.,-1.));
#5053=DIRECTION('ref_axis',(1.,0.,0.));
#5054=DIRECTION('',(0.,1.,0.));
#5055=DIRECTION('center_axis',(0.,0.,-1.));
#5056=DIRECTION('ref_axis',(1.,0.,0.));
#5057=DIRECTION('',(1.,0.,0.));
#5058=DIRECTION('center_axis',(0.,0.,1.));
#5059=DIRECTION('ref_axis',(1.,0.,0.));
#5060=DIRECTION('',(0.,1.,0.));
#5061=DIRECTION('center_axis',(0.,0.,1.));
#5062=DIRECTION('ref_axis',(1.,0.,0.));
#5063=DIRECTION('',(-1.,0.,0.));
#5064=DIRECTION('center_axis',(0.,0.,1.));
#5065=DIRECTION('ref_axis',(1.,0.,0.));
#5066=DIRECTION('center_axis',(0.,0.,1.));
#5067=DIRECTION('ref_axis',(1.,0.,0.));
#5068=DIRECTION('',(-1.,0.,0.));
#5069=DIRECTION('center_axis',(0.,0.,1.));
#5070=DIRECTION('ref_axis',(1.,0.,0.));
#5071=DIRECTION('',(0.,-1.,0.));
#5072=DIRECTION('center_axis',(0.,0.,1.));
#5073=DIRECTION('ref_axis',(1.,0.,0.));
#5074=DIRECTION('',(-1.,0.,0.));
#5075=DIRECTION('center_axis',(0.,0.,-1.));
#5076=DIRECTION('ref_axis',(1.,0.,0.));
#5077=DIRECTION('',(0.,-1.,0.));
#5078=DIRECTION('center_axis',(0.,0.,-1.));
#5079=DIRECTION('ref_axis',(1.,0.,0.));
#5080=DIRECTION('',(-1.,0.,0.));
#5081=DIRECTION('center_axis',(0.,0.,1.));
#5082=DIRECTION('ref_axis',(1.,0.,0.));
#5083=DIRECTION('',(0.,-1.,0.));
#5084=DIRECTION('center_axis',(0.,0.,1.));
#5085=DIRECTION('ref_axis',(1.,0.,0.));
#5086=DIRECTION('',(1.,0.,0.));
#5087=DIRECTION('center_axis',(0.,0.,1.));
#5088=DIRECTION('ref_axis',(1.,0.,0.));
#5089=DIRECTION('',(-1.11917643611407E-16,-1.,0.));
#5090=DIRECTION('center_axis',(0.,0.,-1.));
#5091=DIRECTION('ref_axis',(1.,0.,0.));
#5092=DIRECTION('center_axis',(-0.866025403784439,0.5,0.));
#5093=DIRECTION('ref_axis',(-0.5,-0.866025403784439,0.));
#5094=DIRECTION('',(0.5,0.866025403784439,0.));
#5095=DIRECTION('',(0.,0.,1.));
#5096=DIRECTION('center_axis',(0.612372435695798,-0.353553390593276,-0.707106781186544));
#5097=DIRECTION('ref_axis',(-0.755928946018451,1.9620532203333E-17,-0.654653670707981));
#5098=DIRECTION('',(-0.755928946018451,0.,-0.654653670707981));
#5099=DIRECTION('',(-0.499999999999999,-0.866025403784439,-1.71693096998533E-15));
#5100=DIRECTION('center_axis',(-5.00771532912387E-16,2.89120579329469E-16,
1.));
#5101=DIRECTION('ref_axis',(1.,-2.85136629468211E-48,5.00771532912387E-16));
#5102=DIRECTION('',(0.5,0.866025403784438,0.));
#5103=DIRECTION('',(1.,-1.50231459873718E-15,1.50231459873716E-15));
#5104=DIRECTION('',(0.500000000000002,-0.866025403784437,0.));
#5105=DIRECTION('center_axis',(-0.612372435695797,0.353553390593276,-0.707106781186544));
#5106=DIRECTION('ref_axis',(-0.755928946018451,2.2334364815648E-17,0.654653670707981));
#5107=DIRECTION('',(-0.500000000000001,-0.866025403784438,0.));
#5108=DIRECTION('',(-0.377964473009224,0.654653670707975,0.654653670707981));
#5109=DIRECTION('center_axis',(0.866025403784438,-0.500000000000001,0.));
#5110=DIRECTION('ref_axis',(0.500000000000001,0.866025403784438,0.));
#5111=DIRECTION('',(0.,0.,-1.));
#5112=DIRECTION('center_axis',(0.866025403784438,-0.500000000000001,0.));
#5113=DIRECTION('ref_axis',(0.500000000000001,0.866025403784438,0.));
#5114=DIRECTION('',(0.500000000000001,0.866025403784438,0.));
#5115=DIRECTION('',(0.,0.,-1.));
#5116=DIRECTION('center_axis',(-0.612372435695791,0.353553390593273,0.707106781186551));
#5117=DIRECTION('ref_axis',(0.755928946018458,2.48045292829016E-17,0.654653670707974));
#5118=DIRECTION('',(-0.500000000000001,-0.866025403784438,0.));
#5119=DIRECTION('',(0.377964473009227,-0.654653670707981,0.654653670707974));
#5120=DIRECTION('center_axis',(0.,0.,-1.));
#5121=DIRECTION('ref_axis',(-1.,0.,0.));
#5122=DIRECTION('',(0.500000000000001,0.866025403784438,0.));
#5123=DIRECTION('',(-0.500000000000004,0.866025403784436,0.));
#5124=DIRECTION('',(-1.,0.,0.));
#5125=DIRECTION('center_axis',(0.612372435695792,-0.353553390593272,0.707106781186551));
#5126=DIRECTION('ref_axis',(0.755928946018458,6.8882092583383E-18,-0.654653670707974));
#5127=DIRECTION('',(0.755928946018457,0.,-0.654653670707974));
#5128=DIRECTION('',(-0.5,-0.866025403784438,1.25192883228096E-16));
#5129=DIRECTION('center_axis',(-0.866025403784439,0.5,0.));
#5130=DIRECTION('ref_axis',(-0.5,-0.866025403784439,0.));
#5131=DIRECTION('',(0.,0.,1.));
#5132=DIRECTION('center_axis',(0.866025403784438,-0.500000000000001,0.));
#5133=DIRECTION('ref_axis',(0.500000000000001,0.866025403784438,0.));
#5134=DIRECTION('',(-0.500000000000001,-0.866025403784438,0.));
#5135=DIRECTION('',(-0.500000000000001,-0.866025403784438,0.));
#5136=DIRECTION('center_axis',(0.866025403784438,-0.500000000000001,0.));
#5137=DIRECTION('ref_axis',(0.500000000000001,0.866025403784438,0.));
#5138=DIRECTION('',(-0.5,-0.866025403784438,0.));
#5139=DIRECTION('center_axis',(-0.612372435695792,0.353553390593273,0.70710678118655));
#5140=DIRECTION('ref_axis',(0.755928946018457,-8.16008649099484E-18,0.654653670707974));
#5141=DIRECTION('',(0.500000000000001,0.866025403784438,5.81896035077154E-16));
#5142=DIRECTION('',(0.377964473009231,-0.654653670707977,0.654653670707975));
#5143=DIRECTION('center_axis',(-2.50385766456193E-16,1.44560289664735E-16,
1.));
#5144=DIRECTION('ref_axis',(1.,1.71010297234076E-48,2.50385766456193E-16));
#5145=DIRECTION('',(-1.,0.,-2.50385766456193E-16));
#5146=DIRECTION('center_axis',(2.50385766456193E-16,-1.44560289664735E-16,
-1.));
#5147=DIRECTION('ref_axis',(1.,3.61958389268339E-32,2.50385766456193E-16));
#5148=DIRECTION('',(-3.61958389268339E-32,-1.,1.44560289664735E-16));
#5149=DIRECTION('',(-1.,0.,-2.50385766456193E-16));
#5150=DIRECTION('',(0.499999999999992,0.866025403784443,3.33847688608257E-16));
#5151=DIRECTION('',(0.933153780278444,0.35947742954468,0.));
#5152=DIRECTION('',(-3.61958389268339E-32,-1.,1.44560289664735E-16));
#5153=DIRECTION('center_axis',(-2.50385766456193E-16,1.44560289664735E-16,
1.));
#5154=DIRECTION('ref_axis',(1.,3.61958389268339E-32,2.50385766456193E-16));
#5155=DIRECTION('center_axis',(-0.612372435695791,0.353553390593273,-0.707106781186551));
#5156=DIRECTION('ref_axis',(-0.755928946018458,-1.4733840369808E-17,0.654653670707973));
#5157=DIRECTION('',(-0.500000000000001,-0.866025403784438,5.00771532912383E-16));
#5158=DIRECTION('',(-0.755928946018458,0.,0.654653670707973));
#5159=DIRECTION('center_axis',(0.866025403784438,-0.500000000000001,0.));
#5160=DIRECTION('ref_axis',(0.500000000000001,0.866025403784438,0.));
#5161=DIRECTION('',(0.500000000000001,0.866025403784438,0.));
#5162=DIRECTION('',(0.,0.,-1.));
#5163=DIRECTION('center_axis',(-0.612372435695791,0.353553390593273,0.707106781186551));
#5164=DIRECTION('ref_axis',(0.755928946018458,1.09010747288482E-17,0.654653670707973));
#5165=DIRECTION('',(-0.500000000000852,-0.866025403783947,-9.82179899885492E-13));
#5166=DIRECTION('',(0.755928946018458,0.,0.654653670707973));
#5167=DIRECTION('center_axis',(0.,0.,-1.));
#5168=DIRECTION('ref_axis',(-1.,0.,0.));
#5169=DIRECTION('',(0.,1.,0.));
#5170=DIRECTION('center_axis',(0.,0.,1.));
#5171=DIRECTION('ref_axis',(-1.,0.,0.));
#5172=DIRECTION('',(1.,0.,0.));
#5173=DIRECTION('center_axis',(0.,0.,-1.));
#5174=DIRECTION('ref_axis',(-1.,0.,0.));
#5175=DIRECTION('',(0.,1.,0.));
#5176=DIRECTION('',(-0.933153780278444,-0.35947742954468,0.));
#5177=DIRECTION('',(0.500000000000001,0.866025403784438,0.));
#5178=DIRECTION('',(1.,0.,0.));
#5179=DIRECTION('center_axis',(-0.612372435695797,0.353553390593276,-0.707106781186544));
#5180=DIRECTION('ref_axis',(-0.755928946018452,5.04820300903102E-18,0.65465367070798));
#5181=DIRECTION('',(-0.377964473009228,0.654653670707972,0.654653670707982));
#5182=DIRECTION('center_axis',(0.866025403784437,-0.500000000000003,0.));
#5183=DIRECTION('ref_axis',(0.500000000000003,0.866025403784437,0.));
#5184=DIRECTION('',(-0.500000000000003,-0.866025403784437,0.));
#5185=DIRECTION('',(0.,0.,1.));
#5186=DIRECTION('',(0.,0.,-1.));
#5187=DIRECTION('center_axis',(0.866025403784438,0.5,0.));
#5188=DIRECTION('ref_axis',(-0.5,0.866025403784438,0.));
#5189=DIRECTION('',(0.5,-0.866025403784438,0.));
#5190=DIRECTION('center_axis',(0.,0.,1.));
#5191=DIRECTION('ref_axis',(1.,0.,0.));
#5192=DIRECTION('',(0.,0.,1.));
#5193=DIRECTION('center_axis',(-2.73146273916783E-16,1.,0.));
#5194=DIRECTION('ref_axis',(-1.,-2.73146273916783E-16,0.));
#5195=DIRECTION('',(0.,0.,-1.));
#5196=DIRECTION('center_axis',(0.,0.,1.));
#5197=DIRECTION('ref_axis',(1.,0.,0.));
#5198=DIRECTION('center_axis',(-0.866025403784437,-0.500000000000003,0.));
#5199=DIRECTION('ref_axis',(0.500000000000003,-0.866025403784437,0.));
#5200=DIRECTION('',(-0.500000000000003,0.866025403784437,0.));
#5201=DIRECTION('',(0.,0.,1.));
#5202=DIRECTION('center_axis',(-2.50385766456194E-15,-1.,0.));
#5203=DIRECTION('ref_axis',(1.,-2.50385766456194E-15,0.));
#5204=DIRECTION('',(-1.,2.50385766456194E-15,0.));
#5205=DIRECTION('center_axis',(-0.866025403784439,-0.5,0.));
#5206=DIRECTION('ref_axis',(0.5,-0.866025403784439,0.));
#5207=DIRECTION('',(-0.5,0.866025403784439,0.));
#5208=DIRECTION('',(0.,0.,1.));
#5209=DIRECTION('center_axis',(2.50385766456194E-15,-1.,0.));
#5210=DIRECTION('ref_axis',(1.,2.50385766456194E-15,0.));
#5211=DIRECTION('',(-1.,-2.50385766456194E-15,0.));
#5212=DIRECTION('center_axis',(-1.60955279639346E-16,1.,0.));
#5213=DIRECTION('ref_axis',(-1.,-1.60955279639346E-16,0.));
#5214=DIRECTION('',(0.,0.,1.));
#5215=DIRECTION('',(0.,0.,1.));
#5216=DIRECTION('',(0.,0.,1.));
#5217=DIRECTION('center_axis',(0.,0.,1.));
#5218=DIRECTION('ref_axis',(-0.866025403784327,0.500000000000193,0.));
#5219=DIRECTION('',(0.,0.,1.));
#5220=DIRECTION('center_axis',(-0.866025403784439,-0.5,0.));
#5221=DIRECTION('ref_axis',(0.5,-0.866025403784439,0.));
#5222=DIRECTION('',(0.,0.,1.));
#5223=DIRECTION('center_axis',(0.,0.,1.));
#5224=DIRECTION('ref_axis',(1.,0.,0.));
#5225=DIRECTION('',(0.,0.,1.));
#5226=DIRECTION('center_axis',(1.25180182444341E-16,-1.,0.));
#5227=DIRECTION('ref_axis',(1.,1.25180182444341E-16,0.));
#5228=DIRECTION('',(0.,0.,1.));
#5229=DIRECTION('center_axis',(0.,0.,1.));
#5230=DIRECTION('ref_axis',(1.,0.,0.));
#5231=DIRECTION('',(0.,0.,1.));
#5232=DIRECTION('center_axis',(0.866025403784439,-0.5,0.));
#5233=DIRECTION('ref_axis',(0.5,0.866025403784439,0.));
#5234=DIRECTION('center_axis',(0.,1.,0.));
#5235=DIRECTION('ref_axis',(0.,0.,1.));
#5236=DIRECTION('',(0.,0.,-1.));
#5237=DIRECTION('',(0.,0.,1.));
#5238=DIRECTION('center_axis',(0.,1.,0.));
#5239=DIRECTION('ref_axis',(0.,0.,1.));
#5240=DIRECTION('',(0.,0.,1.));
#5241=DIRECTION('',(0.,0.,-1.));
#5242=DIRECTION('center_axis',(-1.,1.90106682298828E-15,0.));
#5243=DIRECTION('ref_axis',(-1.90106682298828E-15,-1.,0.));
#5244=DIRECTION('',(0.,0.,-1.));
#5245=DIRECTION('',(-7.66646708341684E-16,-0.707106781186545,0.70710678118655));
#5246=DIRECTION('',(0.,0.,1.));
#5247=DIRECTION('',(7.66646708341689E-16,0.70710678118655,0.707106781186545));
#5248=DIRECTION('',(0.,0.,-1.));
#5249=DIRECTION('',(0.,0.,1.));
#5250=DIRECTION('center_axis',(-1.,0.,0.));
#5251=DIRECTION('ref_axis',(0.,0.,1.));
#5252=DIRECTION('',(0.,0.,1.));
#5253=DIRECTION('',(0.,0.707106781186549,0.707106781186546));
#5254=DIRECTION('',(0.,1.,0.));
#5255=DIRECTION('',(0.,0.,-1.));
#5256=DIRECTION('center_axis',(-1.,0.,0.));
#5257=DIRECTION('ref_axis',(0.,0.,1.));
#5258=DIRECTION('',(0.,-1.,0.));
#5259=DIRECTION('',(0.,0.,1.));
#5260=DIRECTION('',(0.,0.,-1.));
#5261=DIRECTION('',(0.,0.,1.));
#5262=DIRECTION('',(0.,1.,0.));
#5263=DIRECTION('',(0.,0.,-1.));
#5264=DIRECTION('center_axis',(0.,-1.,0.));
#5265=DIRECTION('ref_axis',(0.,0.,-1.));
#5266=DIRECTION('',(0.,0.,-1.));
#5267=DIRECTION('',(0.,0.,1.));
#5268=DIRECTION('center_axis',(0.,-1.,0.));
#5269=DIRECTION('ref_axis',(0.,0.,-1.));
#5270=DIRECTION('',(0.,0.,-1.));
#5271=DIRECTION('',(0.,0.,1.));
#5272=DIRECTION('center_axis',(0.,-1.,0.));
#5273=DIRECTION('ref_axis',(0.,0.,-1.));
#5274=DIRECTION('',(0.,0.,1.));
#5275=DIRECTION('',(0.,0.,-1.));
#5276=DIRECTION('center_axis',(1.,0.,0.));
#5277=DIRECTION('ref_axis',(0.,0.,-1.));
#5278=DIRECTION('',(0.,0.,-1.));
#5279=DIRECTION('',(0.,0.,1.));
#5280=DIRECTION('',(0.,0.,-1.));
#5281=DIRECTION('',(0.,0.,1.));
#5282=DIRECTION('center_axis',(1.,0.,0.));
#5283=DIRECTION('ref_axis',(0.,0.,-1.));
#5284=DIRECTION('',(0.,0.,1.));
#5285=DIRECTION('',(0.,-0.707106781186542,-0.707106781186553));
#5286=DIRECTION('',(0.,0.,-1.));
#5287=DIRECTION('center_axis',(1.,0.,0.));
#5288=DIRECTION('ref_axis',(0.,0.,-1.));
#5289=DIRECTION('',(0.,0.,-1.));
#5290=DIRECTION('',(0.,0.,1.));
#5291=DIRECTION('',(0.,-0.707106781186542,-0.707106781186553));
#5292=DIRECTION('',(0.,0.,-1.));
#5293=DIRECTION('',(0.,0.707106781186551,-0.707106781186544));
#5294=DIRECTION('',(0.,0.,1.));
#5295=DIRECTION('center_axis',(0.,1.,0.));
#5296=DIRECTION('ref_axis',(0.,0.,1.));
#5297=DIRECTION('',(0.,0.,1.));
#5298=DIRECTION('',(0.,0.,-1.));
#5299=DIRECTION('center_axis',(0.866025403784438,0.5,0.));
#5300=DIRECTION('ref_axis',(-0.5,0.866025403784438,0.));
#5301=DIRECTION('',(-0.5,0.866025403784438,0.));
#5302=DIRECTION('',(0.,0.,-1.));
#5303=DIRECTION('center_axis',(0.612372435695798,0.353553390593276,-0.707106781186543));
#5304=DIRECTION('ref_axis',(-0.75592894601845,-1.39553719762488E-18,-0.654653670707982));
#5305=DIRECTION('',(-0.5,0.866025403784439,-8.58465484992656E-16));
#5306=DIRECTION('',(-0.755928946018451,0.,-0.654653670707982));
#5307=DIRECTION('center_axis',(0.,0.,1.));
#5308=DIRECTION('ref_axis',(1.,0.,0.));
#5309=DIRECTION('',(0.500000000000003,0.866025403784437,0.));
#5310=DIRECTION('',(0.5,-0.866025403784439,0.));
#5311=DIRECTION('',(1.,1.25192883228098E-15,1.25192883228097E-15));
#5312=DIRECTION('center_axis',(-0.612372435695798,-0.353553390593276,-0.707106781186543));
#5313=DIRECTION('ref_axis',(-0.755928946018451,1.00514262327758E-17,0.654653670707981));
#5314=DIRECTION('',(-0.5,0.866025403784438,-1.25192883228095E-16));
#5315=DIRECTION('',(-0.377964473009224,-0.654653670707975,0.654653670707981));
#5316=DIRECTION('center_axis',(-0.866025403784439,-0.5,0.));
#5317=DIRECTION('ref_axis',(0.5,-0.866025403784439,0.));
#5318=DIRECTION('',(0.,0.,1.));
#5319=DIRECTION('center_axis',(-0.612372435695791,-0.353553390593272,0.707106781186552));
#5320=DIRECTION('ref_axis',(0.755928946018458,-2.31454879510884E-17,0.654653670707973));
#5321=DIRECTION('',(-0.499999999999999,0.866025403784439,1.71693096998533E-15));
#5322=DIRECTION('',(0.377964473009228,0.654653670707982,0.654653670707972));
#5323=DIRECTION('center_axis',(-5.00771532912387E-16,-2.89120579329469E-16,
-1.));
#5324=DIRECTION('ref_axis',(-1.,-5.64602058724304E-48,5.00771532912387E-16));
#5325=DIRECTION('',(0.499999999999999,-0.866025403784439,-1.71693096998533E-15));
#5326=DIRECTION('',(-0.5,-0.866025403784439,0.));
#5327=DIRECTION('',(-1.,0.,5.00771532912387E-16));
#5328=DIRECTION('center_axis',(0.612372435695791,0.353553390593272,0.707106781186551));
#5329=DIRECTION('ref_axis',(0.755928946018458,-1.60200649723409E-17,-0.654653670707973));
#5330=DIRECTION('',(0.755928946018458,0.,-0.654653670707973));
#5331=DIRECTION('center_axis',(-0.612372435695791,-0.353553390593273,0.707106781186551));
#5332=DIRECTION('ref_axis',(0.755928946018458,-1.85926892962086E-18,0.654653670707973));
#5333=DIRECTION('',(0.377964473009231,0.654653670707978,0.654653670707974));
#5334=DIRECTION('',(0.500000000000001,-0.866025403784438,5.81896035077155E-16));
#5335=DIRECTION('center_axis',(0.,0.,1.));
#5336=DIRECTION('ref_axis',(1.,0.,0.));
#5337=DIRECTION('',(-1.,0.,0.));
#5338=DIRECTION('center_axis',(0.,0.,1.));
#5339=DIRECTION('ref_axis',(1.,0.,0.));
#5340=DIRECTION('',(-1.,0.,0.));
#5341=DIRECTION('',(0.499999999999999,-0.866025403784439,0.));
#5342=DIRECTION('',(0.933153780278443,-0.35947742954468,0.));
#5343=DIRECTION('center_axis',(0.,0.,-1.));
#5344=DIRECTION('ref_axis',(1.,0.,0.));
#5345=DIRECTION('center_axis',(-0.612372435695798,-0.353553390593276,-0.707106781186543));
#5346=DIRECTION('ref_axis',(-0.75592894601845,-5.71707764927927E-18,0.654653670707982));
#5347=DIRECTION('',(-0.5,0.866025403784439,0.));
#5348=DIRECTION('',(-0.75592894601845,0.,0.654653670707982));
#5349=DIRECTION('center_axis',(-0.866025403784439,-0.5,0.));
#5350=DIRECTION('ref_axis',(0.5,-0.866025403784439,0.));
#5351=DIRECTION('',(-0.5,0.866025403784439,0.));
#5352=DIRECTION('',(0.,0.,1.));
#5353=DIRECTION('center_axis',(-0.612372435695798,-0.353553390593276,0.707106781186544));
#5354=DIRECTION('ref_axis',(0.755928946018451,3.85202832127783E-18,0.654653670707981));
#5355=DIRECTION('',(-0.499999999999998,0.86602540378444,2.67078150886606E-15));
#5356=DIRECTION('',(0.755928946018451,0.,0.654653670707981));
#5357=DIRECTION('center_axis',(-2.50385766456193E-16,-1.44560289664734E-16,
-1.));
#5358=DIRECTION('ref_axis',(-1.,1.01143939920053E-48,2.50385766456193E-16));
#5359=DIRECTION('',(3.61958389268339E-32,-1.,1.44560289664734E-16));
#5360=DIRECTION('center_axis',(-2.50385766456193E-16,-1.44560289664734E-16,
-1.));
#5361=DIRECTION('ref_axis',(-1.,3.61958389268339E-32,2.50385766456193E-16));
#5362=DIRECTION('',(1.,0.,-2.50385766456193E-16));
#5363=DIRECTION('center_axis',(2.50385766456193E-16,1.44560289664734E-16,
1.));
#5364=DIRECTION('ref_axis',(-1.,3.61958389268339E-32,2.50385766456193E-16));
#5365=DIRECTION('',(-0.933153780278443,0.35947742954468,0.));
#5366=DIRECTION('',(0.500000000000001,-0.866025403784438,0.));
#5367=DIRECTION('',(1.,0.,-2.50385766456193E-16));
#5368=DIRECTION('center_axis',(-0.612372435695797,-0.353553390593276,-0.707106781186544));
#5369=DIRECTION('ref_axis',(-0.755928946018452,-1.36912839123395E-17,0.654653670707981));
#5370=DIRECTION('',(-0.377964473009228,-0.654653670707972,0.654653670707982));
#5371=DIRECTION('center_axis',(-0.866025403784437,-0.500000000000003,0.));
#5372=DIRECTION('ref_axis',(0.500000000000003,-0.866025403784437,0.));
#5373=DIRECTION('',(0.500000000000003,-0.866025403784437,0.));
#5374=DIRECTION('',(0.,0.,1.));
#5375=DIRECTION('center_axis',(-2.50385766456194E-15,-1.,0.));
#5376=DIRECTION('ref_axis',(1.,-2.50385766456194E-15,0.));
#5377=DIRECTION('',(1.,-2.50385766456194E-15,0.));
#5378=DIRECTION('center_axis',(2.50385766456194E-15,-1.,0.));
#5379=DIRECTION('ref_axis',(1.,2.50385766456194E-15,0.));
#5380=DIRECTION('',(1.,2.50385766456194E-15,0.));
#5381=DIRECTION('',(0.,0.,1.));
#5382=DIRECTION('center_axis',(0.866025403784437,-0.500000000000003,0.));
#5383=DIRECTION('ref_axis',(0.500000000000003,0.866025403784437,0.));
#5384=DIRECTION('',(0.500000000000003,0.866025403784437,0.));
#5385=DIRECTION('center_axis',(-1.,0.,0.));
#5386=DIRECTION('ref_axis',(0.,0.,1.));
#5387=DIRECTION('',(0.,-0.707106781186545,0.70710678118655));
#5388=DIRECTION('',(0.,0.,1.));
#5389=DIRECTION('',(0.,0.,-1.));
#5390=DIRECTION('center_axis',(1.,0.,0.));
#5391=DIRECTION('ref_axis',(0.,0.,-1.));
#5392=DIRECTION('',(0.,0.,1.));
#5393=DIRECTION('',(0.,0.,-1.));
#5394=DIRECTION('',(0.,0.707106781186553,-0.707106781186542));
#5395=DIRECTION('center_axis',(0.,1.,0.));
#5396=DIRECTION('ref_axis',(0.,0.,1.));
#5397=DIRECTION('center_axis',(0.,1.,0.));
#5398=DIRECTION('ref_axis',(0.,0.,1.));
#5399=DIRECTION('center_axis',(0.612372435695797,0.353553390593278,-0.707106781186544));
#5400=DIRECTION('ref_axis',(-0.755928946018452,-3.49775029338024E-17,-0.654653670707981));
#5401=DIRECTION('',(-0.377964473009225,-0.654653670707974,-0.654653670707982));
#5402=DIRECTION('center_axis',(2.1245936804852E-15,0.707106781186551,-0.707106781186544));
#5403=DIRECTION('ref_axis',(4.3985165359663E-32,0.707106781186544,0.707106781186552));
#5404=DIRECTION('center_axis',(1.77049473373765E-15,0.707106781186544,0.707106781186551));
#5405=DIRECTION('ref_axis',(7.22329353118287E-32,-0.707106781186551,0.707106781186544));
#5406=DIRECTION('',(-0.377964473009228,-0.65465367070798,0.654653670707974));
#5407=DIRECTION('center_axis',(0.61237243569579,0.353553390593274,0.707106781186551));
#5408=DIRECTION('ref_axis',(0.755928946018458,-1.93768640582633E-17,-0.654653670707973));
#5409=DIRECTION('center_axis',(0.,-1.,0.));
#5410=DIRECTION('ref_axis',(0.,0.,-1.));
#5411=DIRECTION('',(1.,0.,0.));
#5412=DIRECTION('',(-1.,0.,0.));
#5413=DIRECTION('center_axis',(-1.77049473373766E-16,0.707106781186544,
0.707106781186551));
#5414=DIRECTION('ref_axis',(2.36831276489583E-33,-0.707106781186551,0.707106781186544));
#5415=DIRECTION('center_axis',(8.41192551985366E-15,-0.707106781186547,
-0.707106781186548));
#5416=DIRECTION('ref_axis',(1.85838220827413E-13,0.707106781186548,-0.707106781186547));
#5417=DIRECTION('',(1.,0.,2.50385766456193E-16));
#5418=DIRECTION('center_axis',(-1.81574489879768E-14,0.707106781186553,
0.707106781186542));
#5419=DIRECTION('ref_axis',(-5.19904546362438E-14,-0.707106781186542,0.707106781186553));
#5420=DIRECTION('center_axis',(0.35947742954468,-0.933153780278444,0.));
#5421=DIRECTION('ref_axis',(0.933153780278444,0.35947742954468,0.));
#5422=DIRECTION('',(0.,0.,1.));
#5423=DIRECTION('center_axis',(-2.50385766456194E-15,-1.,0.));
#5424=DIRECTION('ref_axis',(1.,-2.50385766456194E-15,0.));
#5425=DIRECTION('center_axis',(0.,0.707106781186551,-0.707106781186544));
#5426=DIRECTION('ref_axis',(0.,0.707106781186544,0.707106781186551));
#5427=DIRECTION('',(-1.,0.,0.));
#5428=DIRECTION('center_axis',(-8.51450997741269E-15,-0.707106781186548,
0.707106781186547));
#5429=DIRECTION('ref_axis',(-1.49997992524957E-13,-0.707106781186547,-0.707106781186548));
#5430=DIRECTION('center_axis',(0.,0.707106781186548,-0.707106781186548));
#5431=DIRECTION('ref_axis',(-1.94245187960115E-13,0.707106781186548,0.707106781186548));
#5432=DIRECTION('center_axis',(0.612372435695791,-0.353553390593274,0.707106781186551));
#5433=DIRECTION('ref_axis',(0.755928946018458,-1.31890268197133E-17,-0.654653670707973));
#5434=DIRECTION('',(0.377964473009227,-0.654653670707981,-0.654653670707974));
#5435=DIRECTION('center_axis',(0.,-1.,0.));
#5436=DIRECTION('ref_axis',(0.,0.,-1.));
#5437=DIRECTION('',(1.,0.,0.));
#5438=DIRECTION('',(-1.,0.,0.));
#5439=DIRECTION('center_axis',(2.12459368048518E-15,-0.707106781186543,
0.707106781186552));
#5440=DIRECTION('ref_axis',(-3.36745397374637E-32,-0.707106781186552,-0.707106781186543));
#5441=DIRECTION('center_axis',(0.,-0.707106781186544,0.707106781186551));
#5442=DIRECTION('ref_axis',(0.,-0.707106781186551,-0.707106781186544));
#5443=DIRECTION('center_axis',(-3.07753372677574E-15,-0.707106781186546,
0.707106781186549));
#5444=DIRECTION('ref_axis',(2.56191261569203E-13,-0.707106781186549,-0.707106781186546));
#5445=DIRECTION('',(1.,0.,0.));
#5446=DIRECTION('center_axis',(-3.48787155701248E-15,0.707106781186538,
-0.707106781186557));
#5447=DIRECTION('ref_axis',(-2.30749124194032E-13,0.707106781186557,0.707106781186538));
#5448=DIRECTION('center_axis',(-1.77049473373764E-16,-0.707106781186552,
-0.707106781186543));
#5449=DIRECTION('ref_axis',(-6.00510834263495E-33,0.707106781186543,-0.707106781186552));
#5450=DIRECTION('',(-1.,0.,2.50385766456193E-16));
#5451=DIRECTION('center_axis',(8.51450997741296E-15,-0.707106781186548,
-0.707106781186547));
#5452=DIRECTION('ref_axis',(-1.99554851412287E-13,0.707106781186547,-0.707106781186548));
#5453=DIRECTION('center_axis',(3.48787155701236E-15,0.707106781186557,0.707106781186538));
#5454=DIRECTION('ref_axis',(-2.32297776034286E-13,-0.707106781186538,0.707106781186557));
#5455=DIRECTION('center_axis',(-0.35947742954468,-0.933153780278444,0.));
#5456=DIRECTION('ref_axis',(0.933153780278444,-0.35947742954468,0.));
#5457=DIRECTION('',(0.,0.,-1.));
#5458=DIRECTION('center_axis',(0.612372435695797,-0.353553390593278,-0.707106781186543));
#5459=DIRECTION('ref_axis',(-0.755928946018452,-5.33653878522643E-19,-0.654653670707981));
#5460=DIRECTION('',(-0.377964473009225,0.654653670707973,-0.654653670707982));
#5461=DIRECTION('center_axis',(1.77049473373767E-15,-0.707106781186552,
-0.707106781186543));
#5462=DIRECTION('ref_axis',(-5.71704097242998E-32,0.707106781186543,-0.707106781186552));
#5463=DIRECTION('center_axis',(2.50385766456194E-15,-1.,0.));
#5464=DIRECTION('ref_axis',(1.,2.50385766456194E-15,0.));
#5465=DIRECTION('center_axis',(1.,-1.11917643611407E-16,0.));
#5466=DIRECTION('ref_axis',(1.11917643611407E-16,1.,0.));
#5467=DIRECTION('',(0.,0.,-1.));
#5468=DIRECTION('',(0.,0.,1.));
#5469=DIRECTION('center_axis',(0.,-1.,0.));
#5470=DIRECTION('ref_axis',(0.,0.,-1.));
#5471=DIRECTION('',(0.,0.,-1.));
#5472=DIRECTION('',(0.,0.,1.));
#5473=DIRECTION('center_axis',(0.,-1.,0.));
#5474=DIRECTION('ref_axis',(0.,0.,-1.));
#5475=DIRECTION('',(0.,0.,1.));
#5476=DIRECTION('',(0.,0.,-1.));
#5477=DIRECTION('center_axis',(0.,-1.,0.));
#5478=DIRECTION('ref_axis',(0.,0.,-1.));
#5479=DIRECTION('',(0.,0.,-1.));
#5480=DIRECTION('',(0.,0.,1.));
#5481=DIRECTION('center_axis',(-1.,1.11917643611407E-16,0.));
#5482=DIRECTION('ref_axis',(-1.11917643611407E-16,-1.,0.));
#5483=DIRECTION('',(0.,0.,1.));
#5484=DIRECTION('',(0.,0.,-1.));
#5485=DIRECTION('center_axis',(0.,-1.,0.));
#5486=DIRECTION('ref_axis',(0.,0.,-1.));
#5487=DIRECTION('',(0.,0.,-1.));
#5488=DIRECTION('',(0.,0.,1.));
#5489=DIRECTION('center_axis',(0.,1.,0.));
#5490=DIRECTION('ref_axis',(0.,0.,1.));
#5491=DIRECTION('',(0.,0.,1.));
#5492=DIRECTION('',(0.,0.,-1.));
#5493=DIRECTION('center_axis',(0.,1.,0.));
#5494=DIRECTION('ref_axis',(0.,0.,1.));
#5495=DIRECTION('',(0.,0.,1.));
#5496=DIRECTION('',(0.,0.,-1.));
#5497=DIRECTION('center_axis',(0.,1.,0.));
#5498=DIRECTION('ref_axis',(0.,0.,1.));
#5499=DIRECTION('',(0.,0.,1.));
#5500=DIRECTION('',(0.,0.,-1.));
#5501=DIRECTION('center_axis',(0.,1.,0.));
#5502=DIRECTION('ref_axis',(0.,0.,1.));
#5503=DIRECTION('',(0.,0.,-1.));
#5504=DIRECTION('',(0.,0.,1.));
#5505=DIRECTION('center_axis',(0.,0.,1.));
#5506=DIRECTION('ref_axis',(1.,0.,0.));
#5507=DIRECTION('center_axis',(0.,0.,1.));
#5508=DIRECTION('ref_axis',(1.,0.,0.));
#5509=DIRECTION('center_axis',(0.,0.,1.));
#5510=DIRECTION('ref_axis',(1.,0.,0.));
#5511=DIRECTION('center_axis',(0.,0.,1.));
#5512=DIRECTION('ref_axis',(1.,0.,0.));
#5513=DIRECTION('center_axis',(0.,0.,1.));
#5514=DIRECTION('ref_axis',(1.,0.,0.));
#5515=DIRECTION('center_axis',(0.,0.,1.));
#5516=DIRECTION('ref_axis',(1.,0.,0.));
#5517=DIRECTION('center_axis',(0.,0.,1.));
#5518=DIRECTION('ref_axis',(1.,0.,0.));
#5519=DIRECTION('center_axis',(0.,0.,1.));
#5520=DIRECTION('ref_axis',(1.,0.,0.));
#5521=DIRECTION('center_axis',(0.,0.,1.));
#5522=DIRECTION('ref_axis',(1.,0.,0.));
#5523=DIRECTION('center_axis',(0.,0.,1.));
#5524=DIRECTION('ref_axis',(1.,0.,0.));
#5525=DIRECTION('center_axis',(0.,0.,1.));
#5526=DIRECTION('ref_axis',(1.,0.,0.));
#5527=DIRECTION('center_axis',(0.,0.,-1.));
#5528=DIRECTION('ref_axis',(-1.,0.,0.));
#5529=DIRECTION('center_axis',(0.,0.,-1.));
#5530=DIRECTION('ref_axis',(-1.,0.,0.));
#5531=DIRECTION('center_axis',(0.,0.,-1.));
#5532=DIRECTION('ref_axis',(-1.,0.,0.));
#5533=DIRECTION('center_axis',(0.,0.,1.));
#5534=DIRECTION('ref_axis',(1.,0.,0.));
#5535=DIRECTION('center_axis',(0.,0.,1.));
#5536=DIRECTION('ref_axis',(1.,0.,0.));
#5537=DIRECTION('center_axis',(0.,0.,1.));
#5538=DIRECTION('ref_axis',(1.,0.,0.));
#5539=DIRECTION('center_axis',(0.,0.,1.));
#5540=DIRECTION('ref_axis',(1.,0.,0.));
#5541=DIRECTION('center_axis',(0.,0.,1.));
#5542=DIRECTION('ref_axis',(1.,0.,0.));
#5543=DIRECTION('center_axis',(0.,0.,-1.));
#5544=DIRECTION('ref_axis',(-1.,0.,0.));
#5545=DIRECTION('center_axis',(0.,0.,1.));
#5546=DIRECTION('ref_axis',(1.,0.,0.));
#5547=DIRECTION('center_axis',(0.,0.,1.));
#5548=DIRECTION('ref_axis',(1.,0.,0.));
#5549=DIRECTION('center_axis',(0.,0.,1.));
#5550=DIRECTION('ref_axis',(1.,0.,0.));
#5551=DIRECTION('center_axis',(0.,0.,-1.));
#5552=DIRECTION('ref_axis',(-1.,0.,0.));
#5553=DIRECTION('center_axis',(0.,0.,1.));
#5554=DIRECTION('ref_axis',(1.,0.,0.));
#5555=DIRECTION('center_axis',(0.,0.,1.));
#5556=DIRECTION('ref_axis',(1.,0.,0.));
#5557=DIRECTION('center_axis',(0.866025403784439,0.499999999999999,0.));
#5558=DIRECTION('ref_axis',(-0.499999999999999,0.866025403784439,0.));
#5559=DIRECTION('center_axis',(0.866025403784438,-0.500000000000002,0.));
#5560=DIRECTION('ref_axis',(0.500000000000002,0.866025403784437,0.));
#5561=DIRECTION('center_axis',(5.24661803657058E-17,-9.0874090072475E-17,
-1.));
#5562=DIRECTION('ref_axis',(0.,1.,-9.0874090072475E-17));
#5563=DIRECTION('',(-0.500000000000001,0.866025403784438,-1.04932360731411E-16));
#5564=DIRECTION('center_axis',(1.04932360731412E-16,-1.8174818014495E-16,
1.));
#5565=DIRECTION('ref_axis',(0.,-1.,-1.8174818014495E-16));
#5566=DIRECTION('',(0.500000000000001,-0.866025403784438,-2.09864721462823E-16));
#5567=DIRECTION('center_axis',(-0.866025403784438,-0.500000000000001,0.));
#5568=DIRECTION('ref_axis',(0.500000000000001,-0.866025403784438,0.));
#5569=DIRECTION('center_axis',(0.,0.,1.));
#5570=DIRECTION('ref_axis',(1.,0.,0.));
#5571=DIRECTION('',(0.500000000000001,-0.866025403784438,0.));
#5572=DIRECTION('center_axis',(0.,0.,-1.));
#5573=DIRECTION('ref_axis',(-1.,0.,0.));
#5574=DIRECTION('',(-0.500000000000001,0.866025403784438,0.));
#5575=DIRECTION('center_axis',(-0.866025403784438,-0.500000000000001,0.));
#5576=DIRECTION('ref_axis',(0.500000000000001,-0.866025403784438,0.));
#5577=DIRECTION('center_axis',(0.,0.,1.));
#5578=DIRECTION('ref_axis',(1.,0.,0.));
#5579=DIRECTION('',(0.500000000000001,-0.866025403784438,0.));
#5580=DIRECTION('center_axis',(0.,0.,-1.));
#5581=DIRECTION('ref_axis',(-1.,0.,0.));
#5582=DIRECTION('',(-0.500000000000001,0.866025403784438,0.));
#5583=DIRECTION('center_axis',(-0.866025403784438,-0.500000000000001,0.));
#5584=DIRECTION('ref_axis',(0.500000000000001,-0.866025403784438,0.));
#5585=DIRECTION('center_axis',(0.,0.,-1.));
#5586=DIRECTION('ref_axis',(-1.,0.,0.));
#5587=DIRECTION('',(-0.5,0.866025403784438,0.));
#5588=DIRECTION('center_axis',(0.,0.,1.));
#5589=DIRECTION('ref_axis',(1.,0.,0.));
#5590=DIRECTION('',(0.5,-0.866025403784438,0.));
#5591=DIRECTION('center_axis',(-0.866025403784438,-0.500000000000001,0.));
#5592=DIRECTION('ref_axis',(0.500000000000001,-0.866025403784438,0.));
#5593=DIRECTION('center_axis',(0.,0.,1.));
#5594=DIRECTION('ref_axis',(1.,0.,0.));
#5595=DIRECTION('',(0.500000000000001,-0.866025403784438,0.));
#5596=DIRECTION('center_axis',(-9.71596773676582E-17,1.68285497647783E-16,
-1.));
#5597=DIRECTION('ref_axis',(0.,1.,1.68285497647784E-16));
#5598=DIRECTION('',(-0.500000000000001,0.866025403784438,1.94319354735316E-16));
#5599=DIRECTION('center_axis',(-0.866025403784438,-0.500000000000001,0.));
#5600=DIRECTION('ref_axis',(0.500000000000001,-0.866025403784438,0.));
#5601=DIRECTION('center_axis',(-2.42899193419146E-17,4.20713744119459E-17,
1.));
#5602=DIRECTION('ref_axis',(0.,-1.,4.20713744119459E-17));
#5603=DIRECTION('',(0.500000000000001,-0.866025403784438,4.8579838683829E-17));
#5604=DIRECTION('center_axis',(0.,0.,-1.));
#5605=DIRECTION('ref_axis',(-1.,0.,0.));
#5606=DIRECTION('',(-0.500000000000001,0.866025403784438,0.));
#5607=DIRECTION('center_axis',(-0.866025403784438,-0.500000000000001,0.));
#5608=DIRECTION('ref_axis',(0.500000000000001,-0.866025403784438,0.));
#5609=DIRECTION('center_axis',(5.24661803657058E-17,9.0874090072475E-17,
1.));
#5610=DIRECTION('ref_axis',(0.,-1.,9.0874090072475E-17));
#5611=DIRECTION('',(0.500000000000001,0.866025403784438,-1.04932360731411E-16));
#5612=DIRECTION('center_axis',(1.04932360731412E-16,1.8174818014495E-16,
-1.));
#5613=DIRECTION('ref_axis',(0.,1.,1.8174818014495E-16));
#5614=DIRECTION('',(-0.500000000000001,-0.866025403784438,-2.09864721462823E-16));
#5615=DIRECTION('center_axis',(0.866025403784438,-0.500000000000001,0.));
#5616=DIRECTION('ref_axis',(-0.500000000000001,-0.866025403784438,0.));
#5617=DIRECTION('center_axis',(0.,0.,-1.));
#5618=DIRECTION('ref_axis',(-1.,0.,0.));
#5619=DIRECTION('',(-0.500000000000001,-0.866025403784438,0.));
#5620=DIRECTION('center_axis',(0.,0.,1.));
#5621=DIRECTION('ref_axis',(1.,0.,0.));
#5622=DIRECTION('',(0.500000000000001,0.866025403784438,0.));
#5623=DIRECTION('center_axis',(0.866025403784438,-0.500000000000001,0.));
#5624=DIRECTION('ref_axis',(-0.500000000000001,-0.866025403784438,0.));
#5625=DIRECTION('center_axis',(0.,0.,-1.));
#5626=DIRECTION('ref_axis',(-1.,0.,0.));
#5627=DIRECTION('',(-0.500000000000001,-0.866025403784438,0.));
#5628=DIRECTION('center_axis',(0.,0.,1.));
#5629=DIRECTION('ref_axis',(1.,0.,0.));
#5630=DIRECTION('',(0.500000000000001,0.866025403784438,0.));
#5631=DIRECTION('center_axis',(0.866025403784438,-0.500000000000001,0.));
#5632=DIRECTION('ref_axis',(-0.500000000000001,-0.866025403784438,0.));
#5633=DIRECTION('center_axis',(0.,0.,1.));
#5634=DIRECTION('ref_axis',(1.,0.,0.));
#5635=DIRECTION('',(0.5,0.866025403784438,0.));
#5636=DIRECTION('center_axis',(0.,0.,-1.));
#5637=DIRECTION('ref_axis',(-1.,0.,0.));
#5638=DIRECTION('',(-0.5,-0.866025403784438,0.));
#5639=DIRECTION('center_axis',(0.866025403784438,-0.500000000000001,0.));
#5640=DIRECTION('ref_axis',(-0.500000000000001,-0.866025403784438,0.));
#5641=DIRECTION('center_axis',(-9.71596773676582E-17,-1.68285497647783E-16,
1.));
#5642=DIRECTION('ref_axis',(0.,-1.,-1.68285497647784E-16));
#5643=DIRECTION('',(0.500000000000001,0.866025403784438,1.94319354735316E-16));
#5644=DIRECTION('center_axis',(0.,0.,-1.));
#5645=DIRECTION('ref_axis',(-1.,0.,0.));
#5646=DIRECTION('',(-0.500000000000001,-0.866025403784438,0.));
#5647=DIRECTION('center_axis',(0.866025403784438,-0.500000000000001,0.));
#5648=DIRECTION('ref_axis',(-0.500000000000001,-0.866025403784438,0.));
#5649=DIRECTION('center_axis',(-2.42899193419146E-17,-4.20713744119459E-17,
-1.));
#5650=DIRECTION('ref_axis',(0.,1.,-4.20713744119459E-17));
#5651=DIRECTION('',(-0.500000000000001,-0.866025403784438,4.8579838683829E-17));
#5652=DIRECTION('center_axis',(0.866025403784438,-0.500000000000001,0.));
#5653=DIRECTION('ref_axis',(-0.500000000000001,-0.866025403784438,0.));
#5654=CARTESIAN_POINT('',(0.,0.,0.));
#5655=CARTESIAN_POINT('Origin',(-32.9914122471904,33.4109969329381,-4.));
#5656=CARTESIAN_POINT('',(-43.3018584151169,32.0770602159376,-4.));
#5657=CARTESIAN_POINT('',(-41.3018584151169,28.6129586007998,0.));
#5658=CARTESIAN_POINT('Origin',(-41.3018584151169,28.6129586007998,-4.));
#5659=CARTESIAN_POINT('',(-36.5383474723434,31.3631729258978,4.44089209850063E-15));
#5660=CARTESIAN_POINT('',(-32.9914122471904,33.4109969329381,0.));
#5661=CARTESIAN_POINT('',(-38.5383474723434,34.8272745410356,-4.));
#5662=CARTESIAN_POINT('Origin',(-36.5383474723434,31.3631729258978,-4.));
#5663=CARTESIAN_POINT('',(-34.9914122471904,36.8750985480758,-4.));
#5664=CARTESIAN_POINT('Origin',(-43.3018584151169,32.0770602159376,-60.));
#5665=CARTESIAN_POINT('',(-38.5383474723434,34.8272745410356,-57.));
#5666=CARTESIAN_POINT('',(-38.5383474723434,34.8272745410356,-60.));
#5667=CARTESIAN_POINT('',(-43.3018584151169,32.0770602159376,-57.));
#5668=CARTESIAN_POINT('',(-43.3018584151169,32.0770602159376,-57.));
#5669=CARTESIAN_POINT('',(-43.3018584151169,32.0770602159376,-52.4999999999936));
#5670=CARTESIAN_POINT('',(-43.3018584151169,32.0770602159376,-60.));
#5671=CARTESIAN_POINT('',(-44.1678838189014,31.5770602159376,-52.4999999999936));
#5672=CARTESIAN_POINT('',(-44.1678838189014,31.5770602159376,-52.4999999999936));
#5673=CARTESIAN_POINT('',(-44.1678838189014,31.5770602159376,-47.4999999999936));
#5674=CARTESIAN_POINT('',(-44.1678838189014,31.5770602159376,-52.4999999999936));
#5675=CARTESIAN_POINT('',(-43.3018584151169,32.0770602159376,-47.4999999999936));
#5676=CARTESIAN_POINT('',(-44.1678838189014,31.5770602159376,-47.4999999999936));
#5677=CARTESIAN_POINT('',(-43.3018584151169,32.0770602159376,-12.5000000000004));
#5678=CARTESIAN_POINT('',(-43.3018584151169,32.0770602159376,-60.));
#5679=CARTESIAN_POINT('',(-44.1678838189014,31.5770602159376,-12.5000000000004));
#5680=CARTESIAN_POINT('',(-44.1678838189014,31.5770602159376,-12.5000000000004));
#5681=CARTESIAN_POINT('',(-44.1678838189014,31.5770602159376,-7.50000000000035));
#5682=CARTESIAN_POINT('',(-44.1678838189014,31.5770602159376,-7.50000000000035));
#5683=CARTESIAN_POINT('',(-43.3018584151169,32.0770602159376,-7.50000000000035));
#5684=CARTESIAN_POINT('',(-44.1678838189014,31.5770602159376,-7.50000000000035));
#5685=CARTESIAN_POINT('',(-43.3018584151169,32.0770602159376,-60.));
#5686=CARTESIAN_POINT('Origin',(-38.5383474723434,34.8272745410356,-60.));
#5687=CARTESIAN_POINT('',(-30.5997908989492,21.077291217157,0.));
#5688=CARTESIAN_POINT('',(-25.1978644327114,11.7208801188821,4.44089209850063E-15));
#5689=CARTESIAN_POINT('',(-30.5997908989492,21.077291217157,-60.));
#5690=CARTESIAN_POINT('',(-30.5997908989492,21.077291217157,-60.));
#5691=CARTESIAN_POINT('',(-37.0383474723434,32.2291983296823,-60.));
#5692=CARTESIAN_POINT('',(-30.5997908989492,21.077291217157,-60.));
#5693=CARTESIAN_POINT('Origin',(-37.0383474723434,32.2291983296823,-57.));
#5694=CARTESIAN_POINT('',(-35.4732833180692,29.5184276973746,-49.9999999999936));
#5695=CARTESIAN_POINT('Origin',(-34.0982833180692,27.1368578369674,-49.9999999999936));
#5696=CARTESIAN_POINT('',(-35.4732833180692,29.5184276973746,-10.0000000000003));
#5697=CARTESIAN_POINT('Origin',(-34.0982833180692,27.1368578369674,-10.0000000000003));
#5698=CARTESIAN_POINT('Origin',(32.9914122471905,33.410996932938,-4.));
#5699=CARTESIAN_POINT('',(38.5383474723434,34.8272745410356,-4.));
#5700=CARTESIAN_POINT('',(36.5383474723434,31.3631729258978,0.));
#5701=CARTESIAN_POINT('Origin',(36.5383474723434,31.3631729258978,-4.));
#5702=CARTESIAN_POINT('',(41.301858415117,28.6129586007998,0.));
#5703=CARTESIAN_POINT('',(32.9914122471905,33.410996932938,0.));
#5704=CARTESIAN_POINT('',(43.301858415117,32.0770602159375,-4.));
#5705=CARTESIAN_POINT('Origin',(41.301858415117,28.6129586007998,-4.));
#5706=CARTESIAN_POINT('',(34.9914122471905,36.8750985480758,-4.));
#5707=CARTESIAN_POINT('Origin',(43.301858415117,32.0770602159375,-60.));
#5708=CARTESIAN_POINT('',(43.3018584151169,32.0770602159376,-7.50000000000035));
#5709=CARTESIAN_POINT('',(43.301858415117,32.0770602159375,-60.));
#5710=CARTESIAN_POINT('',(44.1678838189014,31.5770602159376,-7.50000000000035));
#5711=CARTESIAN_POINT('',(44.1678838189014,31.5770602159376,-7.50000000000035));
#5712=CARTESIAN_POINT('',(44.1678838189014,31.5770602159376,-12.5000000000004));
#5713=CARTESIAN_POINT('',(44.1678838189014,31.5770602159376,-7.50000000000035));
#5714=CARTESIAN_POINT('',(43.3018584151169,32.0770602159376,-12.5000000000004));
#5715=CARTESIAN_POINT('',(44.1678838189014,31.5770602159376,-12.5000000000004));
#5716=CARTESIAN_POINT('',(43.3018584151169,32.0770602159376,-47.4999999999936));
#5717=CARTESIAN_POINT('',(43.301858415117,32.0770602159375,-60.));
#5718=CARTESIAN_POINT('',(44.1678838189014,31.5770602159376,-47.4999999999936));
#5719=CARTESIAN_POINT('',(44.1678838189014,31.5770602159376,-47.4999999999936));
#5720=CARTESIAN_POINT('',(44.1678838189014,31.5770602159376,-52.4999999999936));
#5721=CARTESIAN_POINT('',(44.1678838189014,31.5770602159376,-52.4999999999936));
#5722=CARTESIAN_POINT('',(43.3018584151169,32.0770602159376,-52.4999999999936));
#5723=CARTESIAN_POINT('',(44.1678838189014,31.5770602159376,-52.4999999999936));
#5724=CARTESIAN_POINT('',(43.301858415117,32.0770602159375,-57.));
#5725=CARTESIAN_POINT('',(43.301858415117,32.0770602159375,-60.));
#5726=CARTESIAN_POINT('',(38.5383474723434,34.8272745410356,-57.));
#5727=CARTESIAN_POINT('',(38.5383474723434,34.8272745410356,-57.));
#5728=CARTESIAN_POINT('',(38.5383474723434,34.8272745410356,-60.));
#5729=CARTESIAN_POINT('Origin',(43.301858415117,32.0770602159375,-60.));
#5730=CARTESIAN_POINT('',(15.1560159262079,-16.6729689966837,2.77555756156289E-14));
#5731=CARTESIAN_POINT('',(15.1560159262079,-16.6729689966837,0.));
#5732=CARTESIAN_POINT('',(15.1560159262079,-16.6729689966837,-7.50000000000035));
#5733=CARTESIAN_POINT('',(15.1560159262079,-16.6729689966837,-60.));
#5734=CARTESIAN_POINT('',(19.2889722989732,-9.51447857358846,-7.50000000000035));
#5735=CARTESIAN_POINT('',(15.1560159262079,-16.6729689966837,-7.50000000000035));
#5736=CARTESIAN_POINT('',(20.4346162227122,-7.53016509029006,-7.50000000000035));
#5737=CARTESIAN_POINT('Origin',(19.8617942608427,-8.52232183193927,-10.0000000000004));
#5738=CARTESIAN_POINT('',(38.2889722989733,23.3944867702202,-7.50000000000035));
#5739=CARTESIAN_POINT('',(20.4346162227122,-7.53016509029004,-7.50000000000035));
#5740=CARTESIAN_POINT('',(39.4346162227123,25.3788002535186,-7.50000000000034));
#5741=CARTESIAN_POINT('Origin',(38.8617942608428,24.3866435118694,-10.0000000000003));
#5742=CARTESIAN_POINT('',(39.4346162227122,25.3788002535186,-7.50000000000035));
#5743=CARTESIAN_POINT('Origin',(-43.3018584151169,32.0770602159376,-60.));
#5744=CARTESIAN_POINT('',(-39.4346162227122,25.3788002535186,-7.50000000000035));
#5745=CARTESIAN_POINT('',(-39.4346162227122,25.3788002535186,-7.50000000000035));
#5746=CARTESIAN_POINT('',(-38.2889722989733,23.3944867702202,-7.50000000000035));
#5747=CARTESIAN_POINT('Origin',(-38.8617942608427,24.3866435118694,-10.0000000000003));
#5748=CARTESIAN_POINT('',(-20.4346162227122,-7.53016509029004,-7.50000000000035));
#5749=CARTESIAN_POINT('',(-20.4346162227122,-7.53016509029004,-7.50000000000035));
#5750=CARTESIAN_POINT('',(-19.2889722989732,-9.51447857358846,-7.50000000000035));
#5751=CARTESIAN_POINT('Origin',(-19.8617942608427,-8.52232183193925,-10.0000000000004));
#5752=CARTESIAN_POINT('',(-15.1560159262079,-16.6729689966837,-7.50000000000035));
#5753=CARTESIAN_POINT('',(-15.1560159262079,-16.6729689966837,-7.50000000000035));
#5754=CARTESIAN_POINT('',(-15.1560159262079,-16.6729689966836,5.20417042793042E-15));
#5755=CARTESIAN_POINT('',(-15.1560159262079,-16.6729689966837,-60.));
#5756=CARTESIAN_POINT('',(-43.3018584151169,32.0770602159376,0.));
#5757=CARTESIAN_POINT('Origin',(38.5383474723434,34.8272745410356,-60.));
#5758=CARTESIAN_POINT('',(37.0383474723434,32.2291983296823,-60.));
#5759=CARTESIAN_POINT('Origin',(37.0383474723434,32.2291983296823,-57.));
#5760=CARTESIAN_POINT('',(30.5997908989492,21.077291217157,-60.));
#5761=CARTESIAN_POINT('',(38.5383474723434,34.8272745410356,-60.));
#5762=CARTESIAN_POINT('',(30.5997908989492,21.077291217157,0.));
#5763=CARTESIAN_POINT('',(30.5997908989492,21.077291217157,-60.));
#5764=CARTESIAN_POINT('',(25.1978644327114,11.7208801188821,0.));
#5765=CARTESIAN_POINT('',(32.7232833180693,24.7552879765602,-10.0000000000003));
#5766=CARTESIAN_POINT('Origin',(34.0982833180693,27.1368578369674,-10.0000000000003));
#5767=CARTESIAN_POINT('',(32.7232833180693,24.7552879765602,-49.9999999999936));
#5768=CARTESIAN_POINT('Origin',(34.0982833180693,27.1368578369674,-49.9999999999936));
#5769=CARTESIAN_POINT('Origin',(0.,-4.53965196409289,0.));
#5770=CARTESIAN_POINT('',(-18.7067200817241,-18.7229689966837,0.));
#5771=CARTESIAN_POINT('',(-15.1560159262079,-16.6729689966837,2.77555756156289E-14));
#5772=CARTESIAN_POINT('',(-15.2426184665863,-24.7229689966837,2.31296463463574E-14));
#5773=CARTESIAN_POINT('',(-18.7067200817241,-18.7229689966837,0.));
#5774=CARTESIAN_POINT('',(-18.7067200817241,-30.7229689966837,0.));
#5775=CARTESIAN_POINT('',(-15.2426184665863,-24.7229689966837,0.));
#5776=CARTESIAN_POINT('',(-25.6349233119996,-30.7229689966837,0.));
#5777=CARTESIAN_POINT('',(0.,-30.7229689966837,0.));
#5778=CARTESIAN_POINT('',(-29.0990249271373,-24.7229689966837,2.77555756156289E-14));
#5779=CARTESIAN_POINT('',(-25.6349233119996,-30.7229689966837,0.));
#5780=CARTESIAN_POINT('',(-32.6497290826535,-26.7729689966837,1.38777878078145E-14));
#5781=CARTESIAN_POINT('',(-15.1560159262079,-16.6729689966837,2.77555756156289E-14));
#5782=CARTESIAN_POINT('',(32.6497290826535,-26.7729689966837,1.38777878078145E-14));
#5783=CARTESIAN_POINT('Origin',(0.,-4.53965196409289,0.));
#5784=CARTESIAN_POINT('',(29.0990249271373,-24.7229689966837,2.77555756156289E-14));
#5785=CARTESIAN_POINT('',(15.1560159262079,-16.6729689966837,2.77555756156289E-14));
#5786=CARTESIAN_POINT('',(25.6349233119996,-30.7229689966837,0.));
#5787=CARTESIAN_POINT('',(29.0990249271373,-24.7229689966837,0.));
#5788=CARTESIAN_POINT('',(18.7067200817241,-30.7229689966837,0.));
#5789=CARTESIAN_POINT('',(0.,-30.7229689966837,0.));
#5790=CARTESIAN_POINT('',(15.2426184665863,-24.7229689966837,9.25185853854297E-15));
#5791=CARTESIAN_POINT('',(18.7067200817241,-30.7229689966837,0.));
#5792=CARTESIAN_POINT('',(18.7067200817241,-18.7229689966837,3.23815048849004E-14));
#5793=CARTESIAN_POINT('',(15.2426184665863,-24.7229689966837,0.));
#5794=CARTESIAN_POINT('',(15.1560159262079,-16.6729689966837,2.77555756156289E-14));
#5795=CARTESIAN_POINT('',(25.4035824996143,18.0772588990356,0.));
#5796=CARTESIAN_POINT('Origin',(25.4035824996143,24.0773235352785,0.));
#5797=CARTESIAN_POINT('',(-25.4035824996142,18.0772588990355,0.));
#5798=CARTESIAN_POINT('',(0.,18.0772588990356,0.));
#5799=CARTESIAN_POINT('Origin',(-25.4035824996142,24.0773235352784,0.));
#5800=CARTESIAN_POINT('',(-6.92890616591058,-13.9227411009644,0.));
#5801=CARTESIAN_POINT('',(-12.1250585886172,-10.9227411009644,1.73472347597681E-15));
#5802=CARTESIAN_POINT('Origin',(-6.92890616591058,-7.92274110096444,0.));
#5803=CARTESIAN_POINT('',(-21.3626628956512,5.07725889903556,1.73472347597681E-15));
#5804=CARTESIAN_POINT('',(-12.1250585886172,-10.9227411009644,0.));
#5805=CARTESIAN_POINT('',(-16.1665104729446,14.0772588990356,0.));
#5806=CARTESIAN_POINT('Origin',(-16.1665104729446,8.07725889903556,0.));
#5807=CARTESIAN_POINT('',(16.1665104729446,14.0772588990356,0.));
#5808=CARTESIAN_POINT('',(0.,14.0772588990356,0.));
#5809=CARTESIAN_POINT('',(21.3626628956512,5.07725889903557,0.));
#5810=CARTESIAN_POINT('Origin',(16.1665104729446,8.07725889903556,0.));
#5811=CARTESIAN_POINT('',(12.1250585886172,-10.9227411009644,1.73472347597681E-15));
#5812=CARTESIAN_POINT('',(21.3626628956512,5.07725889903557,0.));
#5813=CARTESIAN_POINT('',(6.92890616591057,-13.9227411009644,0.));
#5814=CARTESIAN_POINT('Origin',(6.92890616591057,-7.92274110096444,0.));
#5815=CARTESIAN_POINT('',(0.,-13.9227411009644,0.));
#5816=CARTESIAN_POINT('',(-2.45,-20.,0.));
#5817=CARTESIAN_POINT('',(-2.45,-19.8,0.));
#5818=CARTESIAN_POINT('',(-2.45,-4.53965196409289,0.));
#5819=CARTESIAN_POINT('',(-1.45,-21.,0.));
#5820=CARTESIAN_POINT('Origin',(-1.45,-20.,0.));
#5821=CARTESIAN_POINT('',(1.45,-21.,0.));
#5822=CARTESIAN_POINT('',(0.,-21.,0.));
#5823=CARTESIAN_POINT('',(2.45,-20.,0.));
#5824=CARTESIAN_POINT('Origin',(1.45,-20.,0.));
#5825=CARTESIAN_POINT('',(2.45,-19.8,0.));
#5826=CARTESIAN_POINT('',(2.45,-4.53965196409289,0.));
#5827=CARTESIAN_POINT('',(3.45,-18.8,0.));
#5828=CARTESIAN_POINT('Origin',(3.45,-19.8,0.));
#5829=CARTESIAN_POINT('',(9.2,-18.8,0.));
#5830=CARTESIAN_POINT('',(0.,-18.8,0.));
#5831=CARTESIAN_POINT('',(10.2,-19.8,0.));
#5832=CARTESIAN_POINT('Origin',(9.2,-19.8,0.));
#5833=CARTESIAN_POINT('',(10.2,-25.55,0.));
#5834=CARTESIAN_POINT('',(10.2,-4.53965196409289,0.));
#5835=CARTESIAN_POINT('',(9.2,-26.55,0.));
#5836=CARTESIAN_POINT('Origin',(9.2,-25.55,0.));
#5837=CARTESIAN_POINT('',(9.,-26.55,0.));
#5838=CARTESIAN_POINT('',(0.,-26.55,0.));
#5839=CARTESIAN_POINT('',(8.,-27.55,0.));
#5840=CARTESIAN_POINT('Origin',(9.,-27.55,0.));
#5841=CARTESIAN_POINT('',(8.,-30.45,0.));
#5842=CARTESIAN_POINT('',(8.,-4.53965196409289,0.));
#5843=CARTESIAN_POINT('',(9.,-31.45,0.));
#5844=CARTESIAN_POINT('Origin',(9.,-30.45,0.));
#5845=CARTESIAN_POINT('',(9.2,-31.45,0.));
#5846=CARTESIAN_POINT('',(0.,-31.45,0.));
#5847=CARTESIAN_POINT('',(10.2,-32.45,0.));
#5848=CARTESIAN_POINT('Origin',(9.2,-32.45,0.));
#5849=CARTESIAN_POINT('',(10.2,-38.2,0.));
#5850=CARTESIAN_POINT('',(10.2,-4.53965196409289,0.));
#5851=CARTESIAN_POINT('',(9.2,-39.2,0.));
#5852=CARTESIAN_POINT('Origin',(9.2,-38.2,0.));
#5853=CARTESIAN_POINT('',(3.45,-39.2,0.));
#5854=CARTESIAN_POINT('',(0.,-39.2,0.));
#5855=CARTESIAN_POINT('',(2.45,-38.2,0.));
#5856=CARTESIAN_POINT('Origin',(3.45,-38.2,0.));
#5857=CARTESIAN_POINT('',(-2.45000000000001,-38.2,0.));
#5858=CARTESIAN_POINT('',(0.,-38.2,0.));
#5859=CARTESIAN_POINT('',(-3.45000000000001,-39.2,0.));
#5860=CARTESIAN_POINT('Origin',(-3.45000000000001,-38.2,0.));
#5861=CARTESIAN_POINT('',(-9.2,-39.2,0.));
#5862=CARTESIAN_POINT('',(0.,-39.2,0.));
#5863=CARTESIAN_POINT('',(-10.2,-38.2,0.));
#5864=CARTESIAN_POINT('Origin',(-9.2,-38.2,0.));
#5865=CARTESIAN_POINT('',(-10.2,-32.45,0.));
#5866=CARTESIAN_POINT('',(-10.2,-4.53965196409289,0.));
#5867=CARTESIAN_POINT('',(-9.2,-31.45,0.));
#5868=CARTESIAN_POINT('Origin',(-9.2,-32.45,0.));
#5869=CARTESIAN_POINT('',(-9.,-31.45,0.));
#5870=CARTESIAN_POINT('',(0.,-31.45,0.));
#5871=CARTESIAN_POINT('',(-8.,-30.45,0.));
#5872=CARTESIAN_POINT('Origin',(-9.,-30.45,0.));
#5873=CARTESIAN_POINT('',(-8.,-27.55,0.));
#5874=CARTESIAN_POINT('',(-8.,-4.53965196409289,0.));
#5875=CARTESIAN_POINT('',(-9.,-26.55,0.));
#5876=CARTESIAN_POINT('Origin',(-9.,-27.55,0.));
#5877=CARTESIAN_POINT('',(-9.20000000000001,-26.55,0.));
#5878=CARTESIAN_POINT('',(0.,-26.55,0.));
#5879=CARTESIAN_POINT('',(-10.2,-25.55,0.));
#5880=CARTESIAN_POINT('Origin',(-9.20000000000001,-25.55,0.));
#5881=CARTESIAN_POINT('',(-10.2,-19.8,0.));
#5882=CARTESIAN_POINT('',(-10.2,-4.53965196409289,0.));
#5883=CARTESIAN_POINT('',(-9.2,-18.8,0.));
#5884=CARTESIAN_POINT('Origin',(-9.2,-19.8,0.));
#5885=CARTESIAN_POINT('',(-3.45,-18.8,0.));
#5886=CARTESIAN_POINT('',(0.,-18.8,0.));
#5887=CARTESIAN_POINT('Origin',(-3.45,-19.8,0.));
#5888=CARTESIAN_POINT('Origin',(21.3006416264966,-8.03016509029004,-7.50000000000035));
#5889=CARTESIAN_POINT('',(21.3006416264966,-8.03016509029004,-7.50000000000035));
#5890=CARTESIAN_POINT('',(39.1549977027577,22.8944867702202,-7.50000000000035));
#5891=CARTESIAN_POINT('',(21.3006416264966,-8.03016509029004,-7.50000000000035));
#5892=CARTESIAN_POINT('',(39.1549977027577,22.8944867702202,-7.50000000000035));
#5893=CARTESIAN_POINT('',(21.3006416264966,-8.03016509029004,-7.50000000000035));
#5894=CARTESIAN_POINT('Origin',(15.7889078929737,-44.0416037936674,-45.5));
#5895=CARTESIAN_POINT('',(16.1665104729446,14.0772588990356,-43.7912237444301));
#5896=CARTESIAN_POINT('',(16.1665104729446,14.0772588990356,-47.2087762555699));
#5897=CARTESIAN_POINT('Origin',(15.7889078929737,14.0772588990356,-45.5));
#5898=CARTESIAN_POINT('',(17.5389078929737,13.918194211252,-45.5));
#5899=CARTESIAN_POINT('Ctrl Pts',(16.166510472941,14.0772588990356,-47.2087762555707));
#5900=CARTESIAN_POINT('Ctrl Pts',(16.2654521597563,14.0772588990356,-47.1869122835697));
#5901=CARTESIAN_POINT('Ctrl Pts',(16.363518308251,14.0747698471661,-47.1561340896323));
#5902=CARTESIAN_POINT('Ctrl Pts',(16.6732969048402,14.0597020411107,-47.027953042917));
#5903=CARTESIAN_POINT('Ctrl Pts',(16.8696304118734,14.0379746888182,-46.8937074493007));
#5904=CARTESIAN_POINT('Ctrl Pts',(17.1802070735891,13.993097383984,-46.5840152223473));
#5905=CARTESIAN_POINT('Ctrl Pts',(17.3151675553089,13.966994727785,-46.3874816866588));
#5906=CARTESIAN_POINT('Ctrl Pts',(17.4945383793698,13.9291597307481,-45.9559787952811));
#5907=CARTESIAN_POINT('Ctrl Pts',(17.5389078929737,13.918194211252,-45.7209255769124));
#5908=CARTESIAN_POINT('Ctrl Pts',(17.5389078929737,13.918194211252,-45.5));
#5909=CARTESIAN_POINT('',(17.5389078929737,18.0772588990356,-45.5));
#5910=CARTESIAN_POINT('',(17.5389078929737,-44.0416037936674,-45.5));
#5911=CARTESIAN_POINT('Origin',(15.7889078929737,18.0772588990356,-45.5));
#5912=CARTESIAN_POINT('Ctrl Pts',(17.5389078929737,13.918194211252,-45.5));
#5913=CARTESIAN_POINT('Ctrl Pts',(17.5389078929737,13.918194211252,-45.2790744230876));
#5914=CARTESIAN_POINT('Ctrl Pts',(17.4945383793698,13.9291597307481,-45.0440212047188));
#5915=CARTESIAN_POINT('Ctrl Pts',(17.3151675553089,13.966994727785,-44.6125183133412));
#5916=CARTESIAN_POINT('Ctrl Pts',(17.1802070735891,13.993097383984,-44.4159847776527));
#5917=CARTESIAN_POINT('Ctrl Pts',(16.8696304118734,14.0379746888182,-44.1062925506993));
#5918=CARTESIAN_POINT('Ctrl Pts',(16.6732969048402,14.0597020411107,-43.972046957083));
#5919=CARTESIAN_POINT('Ctrl Pts',(16.3635183082529,14.074769847166,-43.8438659103685));
#5920=CARTESIAN_POINT('Ctrl Pts',(16.2654521597602,14.0772588990355,-43.8130877164316));
#5921=CARTESIAN_POINT('Ctrl Pts',(16.1665104729469,14.0772588990356,-43.7912237444307));
#5922=CARTESIAN_POINT('Origin',(-15.2110921070263,-44.0416037936674,-14.5));
#5923=CARTESIAN_POINT('',(-16.1665104729446,14.0772588990356,-13.0338227439815));
#5924=CARTESIAN_POINT('',(-16.1665104729446,14.0772588990356,-15.9661772560185));
#5925=CARTESIAN_POINT('Ctrl Pts',(-16.1665104729419,14.0772588990356,-15.9661772560203));
#5926=CARTESIAN_POINT('Ctrl Pts',(-16.2691348473868,14.0772588990356,-15.8993032053332));
#5927=CARTESIAN_POINT('Ctrl Pts',(-16.3632503501041,14.0746039444477,-15.82236654673));
#5928=CARTESIAN_POINT('Ctrl Pts',(-16.602132471639,14.0634663231416,-15.5844768751529));
#5929=CARTESIAN_POINT('Ctrl Pts',(-16.7373860505432,14.0507213595545,-15.3874830453987));
#5930=CARTESIAN_POINT('Ctrl Pts',(-16.9168733223753,14.0308383609273,-14.9555322811864));
#5931=CARTESIAN_POINT('Ctrl Pts',(-16.9610921070263,14.0244128424593,-14.7205366491186));
#5932=CARTESIAN_POINT('Ctrl Pts',(-16.9610921070263,14.0244128424593,-14.5));
#5933=CARTESIAN_POINT('Ctrl Pts',(-16.9610921070263,14.0244128424593,-14.2800740198621));
#5934=CARTESIAN_POINT('Ctrl Pts',(-16.9171156789101,14.0308008961279,-14.0456859562171));
#5935=CARTESIAN_POINT('Ctrl Pts',(-16.7385392686395,14.0506041445414,-13.6146622175167));
#5936=CARTESIAN_POINT('Ctrl Pts',(-16.6039541149434,14.0633138204683,-13.4179882737642));
#5937=CARTESIAN_POINT('Ctrl Pts',(-16.3651717839225,14.0745497448877,-13.1792059427433));
#5938=CARTESIAN_POINT('Ctrl Pts',(-16.2701711656909,14.0772588990356,-13.1013721001502));
#5939=CARTESIAN_POINT('Ctrl Pts',(-16.1665104729424,14.0772588990356,-13.03382274398));
#5940=CARTESIAN_POINT('',(-13.4610921070263,14.0772588990356,-14.5));
#5941=CARTESIAN_POINT('Origin',(-15.2110921070263,14.0772588990356,-14.5));
#5942=CARTESIAN_POINT('',(-13.4610921070263,18.0772588990355,-14.5));
#5943=CARTESIAN_POINT('',(-13.4610921070263,-44.0416037936674,-14.5));
#5944=CARTESIAN_POINT('Origin',(-15.2110921070263,18.0772588990355,-14.5));
#5945=CARTESIAN_POINT('Origin',(-15.2110921070263,14.0772588990356,-14.5));
#5946=CARTESIAN_POINT('Origin',(-15.2110921070263,-44.0416037936674,-45.5));
#5947=CARTESIAN_POINT('',(-16.1665104729446,14.0772588990356,-44.0338227439815));
#5948=CARTESIAN_POINT('',(-16.1665104729446,14.0772588990356,-46.9661772560185));
#5949=CARTESIAN_POINT('Ctrl Pts',(-16.1665104729419,14.0772588990356,-46.9661772560203));
#5950=CARTESIAN_POINT('Ctrl Pts',(-16.2691348473868,14.0772588990356,-46.8993032053332));
#5951=CARTESIAN_POINT('Ctrl Pts',(-16.3632503501041,14.0746039444477,-46.82236654673));
#5952=CARTESIAN_POINT('Ctrl Pts',(-16.602132471639,14.0634663231416,-46.5844768751529));
#5953=CARTESIAN_POINT('Ctrl Pts',(-16.7373860505432,14.0507213595545,-46.3874830453987));
#5954=CARTESIAN_POINT('Ctrl Pts',(-16.9168733223753,14.0308383609273,-45.9555322811864));
#5955=CARTESIAN_POINT('Ctrl Pts',(-16.9610921070263,14.0244128424593,-45.7205366491186));
#5956=CARTESIAN_POINT('Ctrl Pts',(-16.9610921070263,14.0244128424593,-45.5));
#5957=CARTESIAN_POINT('Ctrl Pts',(-16.9610921070263,14.0244128424593,-45.2794633508814));
#5958=CARTESIAN_POINT('Ctrl Pts',(-16.9168733223753,14.0308383609273,-45.0444677188136));
#5959=CARTESIAN_POINT('Ctrl Pts',(-16.7373860505432,14.0507213595545,-44.6125169546013));
#5960=CARTESIAN_POINT('Ctrl Pts',(-16.602132471639,14.0634663231416,-44.4155231248471));
#5961=CARTESIAN_POINT('Ctrl Pts',(-16.3632503501043,14.0746039444477,-44.1776334532701));
#5962=CARTESIAN_POINT('Ctrl Pts',(-16.2691348473872,14.0772588990356,-44.1006967946671));
#5963=CARTESIAN_POINT('Ctrl Pts',(-16.1665104729426,14.0772588990356,-44.0338227439802));
#5964=CARTESIAN_POINT('',(-13.4610921070263,14.0772588990356,-45.5));
#5965=CARTESIAN_POINT('Origin',(-15.2110921070263,14.0772588990356,-45.5));
#5966=CARTESIAN_POINT('',(-13.4610921070263,18.0772588990355,-45.5));
#5967=CARTESIAN_POINT('',(-13.4610921070263,-44.0416037936674,-45.5));
#5968=CARTESIAN_POINT('Origin',(-15.2110921070263,18.0772588990355,-45.5));
#5969=CARTESIAN_POINT('Origin',(-15.2110921070263,14.0772588990356,-45.5));
#5970=CARTESIAN_POINT('Origin',(15.7889078929737,-44.0416037936674,-14.5));
#5971=CARTESIAN_POINT('',(16.1665104729446,14.0772588990356,-12.7912237444301));
#5972=CARTESIAN_POINT('',(16.1665104729446,14.0772588990356,-16.2087762555699));
#5973=CARTESIAN_POINT('Origin',(15.7889078929737,14.0772588990356,-14.5));
#5974=CARTESIAN_POINT('',(17.5389078929737,13.918194211252,-14.5));
#5975=CARTESIAN_POINT('Ctrl Pts',(16.166510472941,14.0772588990356,-16.2087762555707));
#5976=CARTESIAN_POINT('Ctrl Pts',(16.2654521597563,14.0772588990356,-16.1869122835697));
#5977=CARTESIAN_POINT('Ctrl Pts',(16.363518308251,14.0747698471661,-16.1561340896323));
#5978=CARTESIAN_POINT('Ctrl Pts',(16.6732969048402,14.0597020411107,-16.027953042917));
#5979=CARTESIAN_POINT('Ctrl Pts',(16.8696304118734,14.0379746888182,-15.8937074493007));
#5980=CARTESIAN_POINT('Ctrl Pts',(17.1802070735891,13.993097383984,-15.5840152223473));
#5981=CARTESIAN_POINT('Ctrl Pts',(17.3151675553089,13.966994727785,-15.3874816866588));
#5982=CARTESIAN_POINT('Ctrl Pts',(17.4945383793698,13.9291597307481,-14.9559787952812));
#5983=CARTESIAN_POINT('Ctrl Pts',(17.5389078929737,13.918194211252,-14.7209255769124));
#5984=CARTESIAN_POINT('Ctrl Pts',(17.5389078929737,13.918194211252,-14.5));
#5985=CARTESIAN_POINT('',(17.5389078929737,18.0772588990356,-14.5));
#5986=CARTESIAN_POINT('',(17.5389078929737,-44.0416037936674,-14.5));
#5987=CARTESIAN_POINT('Origin',(15.7889078929737,18.0772588990356,-14.5));
#5988=CARTESIAN_POINT('Ctrl Pts',(17.5389078929737,13.918194211252,-14.5));
#5989=CARTESIAN_POINT('Ctrl Pts',(17.5389078929737,13.918194211252,-14.2794946958929));
#5990=CARTESIAN_POINT('Ctrl Pts',(17.4947053065605,13.9291168859618,-14.0448574516921));
#5991=CARTESIAN_POINT('Ctrl Pts',(17.3159583062077,13.9668355269791,-13.6139882213862));
#5992=CARTESIAN_POINT('Ctrl Pts',(17.1814546239253,13.9928697626453,-13.4176729967987));
#5993=CARTESIAN_POINT('Ctrl Pts',(16.8713218783304,14.0377770695038,-13.1075402512038));
#5994=CARTESIAN_POINT('Ctrl Pts',(16.6747698713079,14.0595886268461,-12.9728373971274));
#5995=CARTESIAN_POINT('Ctrl Pts',(16.3643151231524,14.0747493037023,-12.8441167102048));
#5996=CARTESIAN_POINT('Ctrl Pts',(16.2658549755271,14.0772588990355,-12.8131767300004));
#5997=CARTESIAN_POINT('Ctrl Pts',(16.1665104729469,14.0772588990356,-12.7912237444307));
#5998=CARTESIAN_POINT('Origin',(8.36218652541545,-1.88302021031519,-49.9999999999936));
#5999=CARTESIAN_POINT('',(13.7236545400283,-8.15389169234646,-49.9999999999936));
#6000=CARTESIAN_POINT('Origin',(15.0986545400283,-5.77232183193925,-49.9999999999936));
#6001=CARTESIAN_POINT('',(19.3528196646272,-11.4038916923465,-49.9999999999936));
#6002=CARTESIAN_POINT('',(6.98718652541545,-4.2645900707224,-49.9999999999936));
#6003=CARTESIAN_POINT('',(20.1549977027577,-10.0144785735885,-52.4999999999936));
#6004=CARTESIAN_POINT('Origin',(20.7278196646272,-9.02232183193925,-49.9999999999936));
#6005=CARTESIAN_POINT('',(19.2889722989733,-9.5144785735885,-52.4999999999936));
#6006=CARTESIAN_POINT('',(20.1549977027577,-10.0144785735885,-52.4999999999936));
#6007=CARTESIAN_POINT('',(20.4346162227122,-7.53016509029002,-52.4999999999936));
#6008=CARTESIAN_POINT('Origin',(19.8617942608427,-8.52232183193927,-49.9999999999936));
#6009=CARTESIAN_POINT('',(21.3006416264966,-8.03016509029002,-52.4999999999936));
#6010=CARTESIAN_POINT('',(21.3006416264966,-8.03016509029002,-52.4999999999936));
#6011=CARTESIAN_POINT('',(21.3006416264966,-8.03016509029003,-47.4999999999936));
#6012=CARTESIAN_POINT('Origin',(20.7278196646272,-9.02232183193925,-49.9999999999936));
#6013=CARTESIAN_POINT('',(20.4346162227122,-7.53016509029005,-47.4999999999936));
#6014=CARTESIAN_POINT('',(21.3006416264966,-8.03016509029003,-47.4999999999936));
#6015=CARTESIAN_POINT('',(19.2889722989732,-9.51447857358847,-47.4999999999936));
#6016=CARTESIAN_POINT('Origin',(19.8617942608427,-8.52232183193927,-49.9999999999936));
#6017=CARTESIAN_POINT('',(20.1549977027577,-10.0144785735885,-47.4999999999936));
#6018=CARTESIAN_POINT('',(20.1549977027577,-10.0144785735885,-47.4999999999936));
#6019=CARTESIAN_POINT('Origin',(20.7278196646272,-9.02232183193925,-49.9999999999936));
#6020=CARTESIAN_POINT('Origin',(8.36218652541545,-1.88302021031519,-10.0000000000004));
#6021=CARTESIAN_POINT('',(13.7236545400283,-8.15389169234645,-10.0000000000004));
#6022=CARTESIAN_POINT('Origin',(15.0986545400283,-5.77232183193925,-10.0000000000004));
#6023=CARTESIAN_POINT('',(19.3528196646272,-11.4038916923465,-10.0000000000004));
#6024=CARTESIAN_POINT('',(6.98718652541545,-4.2645900707224,-10.0000000000004));
#6025=CARTESIAN_POINT('',(20.1549977027577,-10.0144785735885,-12.5000000000003));
#6026=CARTESIAN_POINT('Origin',(20.7278196646272,-9.02232183193925,-10.0000000000004));
#6027=CARTESIAN_POINT('',(19.2889722989733,-9.5144785735885,-12.5000000000004));
#6028=CARTESIAN_POINT('',(20.1549977027577,-10.0144785735885,-12.5000000000003));
#6029=CARTESIAN_POINT('',(20.4346162227122,-7.53016509029003,-12.5000000000003));
#6030=CARTESIAN_POINT('Origin',(19.8617942608427,-8.52232183193927,-10.0000000000004));
#6031=CARTESIAN_POINT('',(21.3006416264966,-8.03016509029003,-12.5000000000003));
#6032=CARTESIAN_POINT('',(21.3006416264966,-8.03016509029003,-12.5000000000003));
#6033=CARTESIAN_POINT('Origin',(20.7278196646272,-9.02232183193925,-10.0000000000004));
#6034=CARTESIAN_POINT('',(20.1549977027577,-10.0144785735885,-7.50000000000035));
#6035=CARTESIAN_POINT('',(20.1549977027577,-10.0144785735885,-7.50000000000035));
#6036=CARTESIAN_POINT('Origin',(20.7278196646272,-9.02232183193925,-10.0000000000004));
#6037=CARTESIAN_POINT('Origin',(27.3621865254155,31.0259451334934,-10.0000000000003));
#6038=CARTESIAN_POINT('',(38.3528196646272,21.5050736514622,-10.0000000000003));
#6039=CARTESIAN_POINT('',(25.9871865254155,28.6443752730862,-10.0000000000003));
#6040=CARTESIAN_POINT('',(39.1549977027577,22.8944867702202,-12.5000000000004));
#6041=CARTESIAN_POINT('Origin',(39.7278196646272,23.8866435118694,-10.0000000000003));
#6042=CARTESIAN_POINT('',(38.2889722989733,23.3944867702202,-12.5000000000004));
#6043=CARTESIAN_POINT('',(39.1549977027577,22.8944867702202,-12.5000000000004));
#6044=CARTESIAN_POINT('',(39.4346162227122,25.3788002535186,-12.5000000000004));
#6045=CARTESIAN_POINT('Origin',(38.8617942608428,24.3866435118694,-10.0000000000003));
#6046=CARTESIAN_POINT('',(40.3006416264967,24.8788002535186,-12.5000000000004));
#6047=CARTESIAN_POINT('',(40.3006416264967,24.8788002535186,-12.5000000000004));
#6048=CARTESIAN_POINT('',(40.3006416264967,24.8788002535186,-7.50000000000035));
#6049=CARTESIAN_POINT('Origin',(39.7278196646272,23.8866435118694,-10.0000000000003));
#6050=CARTESIAN_POINT('',(40.3006416264967,24.8788002535186,-7.50000000000035));
#6051=CARTESIAN_POINT('Origin',(39.7278196646272,23.8866435118694,-10.0000000000003));
#6052=CARTESIAN_POINT('Origin',(27.3621865254155,31.0259451334935,-49.9999999999936));
#6053=CARTESIAN_POINT('',(38.3528196646272,21.5050736514622,-49.9999999999936));
#6054=CARTESIAN_POINT('',(25.9871865254155,28.6443752730862,-49.9999999999936));
#6055=CARTESIAN_POINT('',(39.1549977027577,22.8944867702202,-52.4999999999936));
#6056=CARTESIAN_POINT('Origin',(39.7278196646272,23.8866435118694,-49.9999999999936));
#6057=CARTESIAN_POINT('',(38.2889722989733,23.3944867702202,-52.4999999999936));
#6058=CARTESIAN_POINT('',(39.1549977027577,22.8944867702202,-52.4999999999936));
#6059=CARTESIAN_POINT('',(39.4346162227122,25.3788002535186,-52.4999999999936));
#6060=CARTESIAN_POINT('Origin',(38.8617942608428,24.3866435118694,-49.9999999999936));
#6061=CARTESIAN_POINT('',(40.3006416264967,24.8788002535186,-52.4999999999936));
#6062=CARTESIAN_POINT('',(40.3006416264967,24.8788002535186,-52.4999999999936));
#6063=CARTESIAN_POINT('',(40.3006416264967,24.8788002535186,-47.4999999999936));
#6064=CARTESIAN_POINT('Origin',(39.7278196646272,23.8866435118694,-49.9999999999936));
#6065=CARTESIAN_POINT('',(39.4346162227123,25.3788002535186,-47.4999999999936));
#6066=CARTESIAN_POINT('',(40.3006416264967,24.8788002535186,-47.4999999999936));
#6067=CARTESIAN_POINT('',(38.2889722989733,23.3944867702202,-47.4999999999936));
#6068=CARTESIAN_POINT('Origin',(38.8617942608428,24.3866435118694,-49.9999999999936));
#6069=CARTESIAN_POINT('',(39.1549977027577,22.8944867702202,-47.4999999999936));
#6070=CARTESIAN_POINT('',(39.1549977027577,22.8944867702202,-47.4999999999936));
#6071=CARTESIAN_POINT('Origin',(39.7278196646272,23.8866435118694,-49.9999999999936));
#6072=CARTESIAN_POINT('Origin',(-8.36218652541545,-1.8830202103152,-10.0000000000004));
#6073=CARTESIAN_POINT('',(-16.4736545400283,-3.39075197153206,-10.0000000000004));
#6074=CARTESIAN_POINT('Origin',(-15.0986545400283,-5.77232183193926,-10.0000000000004));
#6075=CARTESIAN_POINT('',(-22.1028196646272,-6.64075197153205,-10.0000000000004));
#6076=CARTESIAN_POINT('',(-9.73718652541545,0.498549650092009,-10.0000000000004));
#6077=CARTESIAN_POINT('',(-21.3006416264966,-8.03016509029003,-12.5000000000003));
#6078=CARTESIAN_POINT('Origin',(-20.7278196646272,-9.02232183193925,-10.0000000000004));
#6079=CARTESIAN_POINT('',(-20.4346162227122,-7.53016509029002,-12.5000000000004));
#6080=CARTESIAN_POINT('',(-21.3006416264966,-8.03016509029003,-12.5000000000003));
#6081=CARTESIAN_POINT('',(-19.2889722989732,-9.51447857358848,-12.5000000000003));
#6082=CARTESIAN_POINT('Origin',(-19.8617942608427,-8.52232183193925,-10.0000000000004));
#6083=CARTESIAN_POINT('',(-20.1549977027577,-10.0144785735885,-12.5000000000003));
#6084=CARTESIAN_POINT('',(-20.1549977027577,-10.0144785735885,-12.5000000000003));
#6085=CARTESIAN_POINT('',(-20.1549977027577,-10.0144785735885,-7.50000000000035));
#6086=CARTESIAN_POINT('Origin',(-20.7278196646272,-9.02232183193925,-10.0000000000004));
#6087=CARTESIAN_POINT('',(-20.1549977027577,-10.0144785735885,-7.50000000000035));
#6088=CARTESIAN_POINT('',(-21.3006416264966,-8.03016509029004,-7.50000000000035));
#6089=CARTESIAN_POINT('',(-21.3006416264966,-8.03016509029004,-7.50000000000035));
#6090=CARTESIAN_POINT('Origin',(-20.7278196646272,-9.02232183193925,-10.0000000000004));
#6091=CARTESIAN_POINT('Origin',(-8.36218652541545,-1.8830202103152,-49.9999999999936));
#6092=CARTESIAN_POINT('',(-16.4736545400283,-3.39075197153206,-49.9999999999936));
#6093=CARTESIAN_POINT('Origin',(-15.0986545400283,-5.77232183193926,-49.9999999999936));
#6094=CARTESIAN_POINT('',(-22.1028196646272,-6.64075197153205,-49.9999999999936));
#6095=CARTESIAN_POINT('',(-9.73718652541545,0.498549650092011,-49.9999999999936));
#6096=CARTESIAN_POINT('',(-21.3006416264966,-8.03016509029002,-52.4999999999936));
#6097=CARTESIAN_POINT('Origin',(-20.7278196646272,-9.02232183193925,-49.9999999999936));
#6098=CARTESIAN_POINT('',(-20.4346162227122,-7.53016509029002,-52.4999999999936));
#6099=CARTESIAN_POINT('',(-21.3006416264966,-8.03016509029002,-52.4999999999936));
#6100=CARTESIAN_POINT('',(-19.2889722989732,-9.51447857358848,-52.4999999999936));
#6101=CARTESIAN_POINT('Origin',(-19.8617942608427,-8.52232183193925,-49.9999999999936));
#6102=CARTESIAN_POINT('',(-20.1549977027577,-10.0144785735885,-52.4999999999936));
#6103=CARTESIAN_POINT('',(-20.1549977027577,-10.0144785735885,-52.4999999999936));
#6104=CARTESIAN_POINT('',(-20.1549977027577,-10.0144785735885,-47.4999999999936));
#6105=CARTESIAN_POINT('Origin',(-20.7278196646272,-9.02232183193925,-49.9999999999936));
#6106=CARTESIAN_POINT('',(-19.2889722989732,-9.51447857358847,-47.4999999999936));
#6107=CARTESIAN_POINT('',(-20.1549977027577,-10.0144785735885,-47.4999999999936));
#6108=CARTESIAN_POINT('',(-20.4346162227122,-7.53016509029003,-47.4999999999936));
#6109=CARTESIAN_POINT('Origin',(-19.8617942608427,-8.52232183193925,-49.9999999999936));
#6110=CARTESIAN_POINT('',(-21.3006416264966,-8.03016509029003,-47.4999999999936));
#6111=CARTESIAN_POINT('',(-21.3006416264966,-8.03016509029003,-47.4999999999936));
#6112=CARTESIAN_POINT('Origin',(-20.7278196646272,-9.02232183193925,-49.9999999999936));
#6113=CARTESIAN_POINT('Origin',(-27.3621865254155,31.0259451334935,-49.9999999999936));
#6114=CARTESIAN_POINT('',(-41.1028196646272,26.2682133722766,-49.9999999999936));
#6115=CARTESIAN_POINT('',(-28.7371865254155,33.4075149939007,-49.9999999999936));
#6116=CARTESIAN_POINT('',(-40.3006416264967,24.8788002535186,-52.4999999999936));
#6117=CARTESIAN_POINT('Origin',(-39.7278196646272,23.8866435118694,-49.9999999999936));
#6118=CARTESIAN_POINT('',(-39.4346162227122,25.3788002535186,-52.4999999999936));
#6119=CARTESIAN_POINT('',(-40.3006416264967,24.8788002535186,-52.4999999999936));
#6120=CARTESIAN_POINT('',(-38.2889722989733,23.3944867702202,-52.4999999999936));
#6121=CARTESIAN_POINT('Origin',(-38.8617942608428,24.3866435118694,-49.9999999999936));
#6122=CARTESIAN_POINT('',(-39.1549977027577,22.8944867702202,-52.4999999999936));
#6123=CARTESIAN_POINT('',(-39.1549977027577,22.8944867702202,-52.4999999999936));
#6124=CARTESIAN_POINT('',(-39.1549977027577,22.8944867702202,-47.4999999999936));
#6125=CARTESIAN_POINT('Origin',(-39.7278196646272,23.8866435118694,-49.9999999999936));
#6126=CARTESIAN_POINT('',(-38.2889722989733,23.3944867702202,-47.4999999999936));
#6127=CARTESIAN_POINT('',(-39.1549977027577,22.8944867702202,-47.4999999999936));
#6128=CARTESIAN_POINT('',(-39.4346162227122,25.3788002535186,-47.4999999999936));
#6129=CARTESIAN_POINT('Origin',(-38.8617942608428,24.3866435118694,-49.9999999999936));
#6130=CARTESIAN_POINT('',(-40.3006416264967,24.8788002535186,-47.4999999999936));
#6131=CARTESIAN_POINT('',(-40.3006416264967,24.8788002535186,-47.4999999999936));
#6132=CARTESIAN_POINT('Origin',(-39.7278196646272,23.8866435118694,-49.9999999999936));
#6133=CARTESIAN_POINT('Origin',(-27.3621865254155,31.0259451334934,-10.0000000000003));
#6134=CARTESIAN_POINT('',(-41.1028196646272,26.2682133722766,-10.0000000000003));
#6135=CARTESIAN_POINT('',(-28.7371865254155,33.4075149939006,-10.0000000000003));
#6136=CARTESIAN_POINT('',(-40.3006416264967,24.8788002535186,-12.5000000000004));
#6137=CARTESIAN_POINT('Origin',(-39.7278196646272,23.8866435118694,-10.0000000000003));
#6138=CARTESIAN_POINT('',(-39.4346162227122,25.3788002535186,-12.5000000000004));
#6139=CARTESIAN_POINT('',(-40.3006416264967,24.8788002535186,-12.5000000000004));
#6140=CARTESIAN_POINT('',(-38.2889722989733,23.3944867702202,-12.5000000000004));
#6141=CARTESIAN_POINT('Origin',(-38.8617942608427,24.3866435118694,-10.0000000000003));
#6142=CARTESIAN_POINT('',(-39.1549977027577,22.8944867702202,-12.5000000000004));
#6143=CARTESIAN_POINT('',(-39.1549977027577,22.8944867702202,-12.5000000000004));
#6144=CARTESIAN_POINT('',(-39.1549977027577,22.8944867702202,-7.50000000000035));
#6145=CARTESIAN_POINT('Origin',(-39.7278196646272,23.8866435118694,-10.0000000000003));
#6146=CARTESIAN_POINT('',(-39.1549977027577,22.8944867702202,-7.50000000000035));
#6147=CARTESIAN_POINT('',(-40.3006416264967,24.8788002535186,-7.50000000000035));
#6148=CARTESIAN_POINT('',(-40.3006416264967,24.8788002535186,-7.50000000000035));
#6149=CARTESIAN_POINT('Origin',(-39.7278196646272,23.8866435118694,-10.0000000000003));
#6150=CARTESIAN_POINT('Origin',(-4.77048955893622E-15,-30.421825406948,
-50.));
#6151=CARTESIAN_POINT('',(2.45,-38.2,-51.2489995996797));
#6152=CARTESIAN_POINT('',(-2.45000000000001,-38.2,-51.2489995996797));
#6153=CARTESIAN_POINT('Origin',(-4.77048955893622E-15,-38.2,-50.));
#6154=CARTESIAN_POINT('',(-2.45000000000001,-38.2,-48.7510004003203));
#6155=CARTESIAN_POINT('Ctrl Pts',(-2.45000000000001,-38.2,-48.7510004003203));
#6156=CARTESIAN_POINT('Ctrl Pts',(-2.45000000000001,-38.2431828758118,-48.7510004003203));
#6157=CARTESIAN_POINT('Ctrl Pts',(-2.45286041072047,-38.2868196150002,-48.7565634963022));
#6158=CARTESIAN_POINT('Ctrl Pts',(-2.46391174236843,-38.3716515033371,-48.7786136170862));
#6159=CARTESIAN_POINT('Ctrl Pts',(-2.47210042214829,-38.4128447143447,-48.7951092206726));
#6160=CARTESIAN_POINT('Ctrl Pts',(-2.50218160509745,-38.5286348516268,-48.8581779183886));
#6161=CARTESIAN_POINT('Ctrl Pts',(-2.52965053436096,-38.595291629601,-48.9191731192247));
#6162=CARTESIAN_POINT('Ctrl Pts',(-2.58751281054177,-38.7111898856387,-49.064653829041));
#6163=CARTESIAN_POINT('Ctrl Pts',(-2.62550549267492,-38.7676388742549,-49.1755592006358));
#6164=CARTESIAN_POINT('Ctrl Pts',(-2.7110271478689,-38.8806773828194,-49.4881558309311));
#6165=CARTESIAN_POINT('Ctrl Pts',(-2.75000000000001,-38.9141428428543,-49.7651970786037));
#6166=CARTESIAN_POINT('Ctrl Pts',(-2.75000000000001,-38.9141428428543,-50.2348029213963));
#6167=CARTESIAN_POINT('Ctrl Pts',(-2.7110271478689,-38.8806773828194,-50.5118441690689));
#6168=CARTESIAN_POINT('Ctrl Pts',(-2.62550549267492,-38.7676388742549,-50.8244407993642));
#6169=CARTESIAN_POINT('Ctrl Pts',(-2.58751281054177,-38.7111898856387,-50.935346170959));
#6170=CARTESIAN_POINT('Ctrl Pts',(-2.52965053436096,-38.595291629601,-51.0808268807753));
#6171=CARTESIAN_POINT('Ctrl Pts',(-2.50218160509745,-38.5286348516268,-51.1418220816114));
#6172=CARTESIAN_POINT('Ctrl Pts',(-2.47210042214829,-38.4128447143447,-51.2048907793274));
#6173=CARTESIAN_POINT('Ctrl Pts',(-2.46391174236843,-38.3716515033371,-51.2213863829137));
#6174=CARTESIAN_POINT('Ctrl Pts',(-2.45286041072047,-38.2868196150002,-51.2434365036977));
#6175=CARTESIAN_POINT('Ctrl Pts',(-2.45000000000001,-38.2431828758118,-51.2489995996797));
#6176=CARTESIAN_POINT('Ctrl Pts',(-2.45000000000001,-38.2,-51.2489995996797));
#6177=CARTESIAN_POINT('',(-5.10726742870174E-15,-38.2,-47.25));
#6178=CARTESIAN_POINT('Origin',(-4.77048955893622E-15,-38.2,-50.));
#6179=CARTESIAN_POINT('',(-5.10726742870174E-15,-43.5,-47.25));
#6180=CARTESIAN_POINT('',(-5.10726742870174E-15,-30.421825406948,-47.25));
#6181=CARTESIAN_POINT('Origin',(-4.77048955893622E-15,-43.5,-50.));
#6182=CARTESIAN_POINT('',(2.45,-38.2,-48.7510004003203));
#6183=CARTESIAN_POINT('Origin',(-4.77048955893622E-15,-38.2,-50.));
#6184=CARTESIAN_POINT('Ctrl Pts',(2.45,-38.2,-51.2489995996797));
#6185=CARTESIAN_POINT('Ctrl Pts',(2.45,-38.2593594056785,-51.2489995996797));
#6186=CARTESIAN_POINT('Ctrl Pts',(2.45573901740938,-38.3224066830861,-51.2379167796574));
#6187=CARTESIAN_POINT('Ctrl Pts',(2.47726098564353,-38.4394095852214,-51.1942655675137));
#6188=CARTESIAN_POINT('Ctrl Pts',(2.49284596682889,-38.4934353864177,-51.1617879688447));
#6189=CARTESIAN_POINT('Ctrl Pts',(2.5365508403982,-38.6151058248086,-51.0644143477429));
#6190=CARTESIAN_POINT('Ctrl Pts',(2.56783980509721,-38.6743390444974,-50.9883368191551));
#6191=CARTESIAN_POINT('Ctrl Pts',(2.62700312049869,-38.7708591910588,-50.8182087735124));
#6192=CARTESIAN_POINT('Ctrl Pts',(2.65497491363703,-38.8076746673996,-50.7239250913433));
#6193=CARTESIAN_POINT('Ctrl Pts',(2.72462980343328,-38.892222030437,-50.4251234310685));
#6194=CARTESIAN_POINT('Ctrl Pts',(2.75,-38.9141428428543,-50.2049812574624));
#6195=CARTESIAN_POINT('Ctrl Pts',(2.75,-38.9141428428543,-49.7950187425376));
#6196=CARTESIAN_POINT('Ctrl Pts',(2.72462980343328,-38.892222030437,-49.5748765689315));
#6197=CARTESIAN_POINT('Ctrl Pts',(2.65497491363703,-38.8076746673996,-49.2760749086567));
#6198=CARTESIAN_POINT('Ctrl Pts',(2.62700312049869,-38.7708591910588,-49.1817912264876));
#6199=CARTESIAN_POINT('Ctrl Pts',(2.56783980509721,-38.6743390444974,-49.0116631808449));
#6200=CARTESIAN_POINT('Ctrl Pts',(2.5365508403982,-38.6151058248086,-48.9355856522571));
#6201=CARTESIAN_POINT('Ctrl Pts',(2.49284596682889,-38.4934353864177,-48.8382120311553));
#6202=CARTESIAN_POINT('Ctrl Pts',(2.47726098564353,-38.4394095852214,-48.8057344324862));
#6203=CARTESIAN_POINT('Ctrl Pts',(2.45573901740938,-38.3224066830861,-48.7620832203426));
#6204=CARTESIAN_POINT('Ctrl Pts',(2.45,-38.2593594056785,-48.7510004003203));
#6205=CARTESIAN_POINT('Ctrl Pts',(2.45,-38.2,-48.7510004003203));
#6206=CARTESIAN_POINT('Origin',(-4.77048955893622E-15,-30.421825406948,
-20.));
#6207=CARTESIAN_POINT('',(2.45,-38.2,-21.2489995996797));
#6208=CARTESIAN_POINT('',(-2.45000000000001,-38.2,-21.2489995996797));
#6209=CARTESIAN_POINT('Origin',(-4.77048955893622E-15,-38.2,-20.));
#6210=CARTESIAN_POINT('',(-2.45000000000001,-38.2,-18.7510004003203));
#6211=CARTESIAN_POINT('Ctrl Pts',(-2.45000000000001,-38.2,-18.7510004003203));
#6212=CARTESIAN_POINT('Ctrl Pts',(-2.45000000000001,-38.2431828758118,-18.7510004003203));
#6213=CARTESIAN_POINT('Ctrl Pts',(-2.45286041072047,-38.2868196150002,-18.7565634963022));
#6214=CARTESIAN_POINT('Ctrl Pts',(-2.46391174236843,-38.3716515033371,-18.7786136170862));
#6215=CARTESIAN_POINT('Ctrl Pts',(-2.47210042214829,-38.4128447143447,-18.7951092206726));
#6216=CARTESIAN_POINT('Ctrl Pts',(-2.50218160509745,-38.5286348516268,-18.8581779183886));
#6217=CARTESIAN_POINT('Ctrl Pts',(-2.52965053436096,-38.595291629601,-18.9191731192247));
#6218=CARTESIAN_POINT('Ctrl Pts',(-2.58751281054176,-38.7111898856387,-19.064653829041));
#6219=CARTESIAN_POINT('Ctrl Pts',(-2.62550549267491,-38.7676388742549,-19.1755592006358));
#6220=CARTESIAN_POINT('Ctrl Pts',(-2.7110271478689,-38.8806773828194,-19.4881558309311));
#6221=CARTESIAN_POINT('Ctrl Pts',(-2.75,-38.9141428428543,-19.7651970786037));
#6222=CARTESIAN_POINT('Ctrl Pts',(-2.75,-38.9141428428543,-20.2348029213963));
#6223=CARTESIAN_POINT('Ctrl Pts',(-2.7110271478689,-38.8806773828194,-20.5118441690689));
#6224=CARTESIAN_POINT('Ctrl Pts',(-2.62550549267491,-38.7676388742549,-20.8244407993642));
#6225=CARTESIAN_POINT('Ctrl Pts',(-2.58751281054176,-38.7111898856387,-20.935346170959));
#6226=CARTESIAN_POINT('Ctrl Pts',(-2.52965053436096,-38.595291629601,-21.0808268807753));
#6227=CARTESIAN_POINT('Ctrl Pts',(-2.50218160509744,-38.5286348516268,-21.1418220816114));
#6228=CARTESIAN_POINT('Ctrl Pts',(-2.47210042214829,-38.4128447143446,-21.2048907793274));
#6229=CARTESIAN_POINT('Ctrl Pts',(-2.46391174236842,-38.3716515033371,-21.2213863829137));
#6230=CARTESIAN_POINT('Ctrl Pts',(-2.45286041072047,-38.2868196150002,-21.2434365036977));
#6231=CARTESIAN_POINT('Ctrl Pts',(-2.45000000000001,-38.2431828758118,-21.2489995996797));
#6232=CARTESIAN_POINT('Ctrl Pts',(-2.45000000000001,-38.2,-21.2489995996797));
#6233=CARTESIAN_POINT('',(-5.10726742870174E-15,-38.2,-17.25));
#6234=CARTESIAN_POINT('Origin',(-4.77048955893622E-15,-38.2,-20.));
#6235=CARTESIAN_POINT('',(-5.10726742870174E-15,-43.5,-17.25));
#6236=CARTESIAN_POINT('',(-5.10726742870174E-15,-30.421825406948,-17.25));
#6237=CARTESIAN_POINT('Origin',(-4.77048955893622E-15,-43.5,-20.));
#6238=CARTESIAN_POINT('',(2.45,-38.2,-18.7510004003203));
#6239=CARTESIAN_POINT('Origin',(-4.77048955893622E-15,-38.2,-20.));
#6240=CARTESIAN_POINT('Ctrl Pts',(2.45,-38.2,-21.2489995996797));
#6241=CARTESIAN_POINT('Ctrl Pts',(2.45,-38.2593594056785,-21.2489995996797));
#6242=CARTESIAN_POINT('Ctrl Pts',(2.45573901740938,-38.3224066830861,-21.2379167796574));
#6243=CARTESIAN_POINT('Ctrl Pts',(2.47726098564353,-38.4394095852214,-21.1942655675137));
#6244=CARTESIAN_POINT('Ctrl Pts',(2.49284596682889,-38.4934353864176,-21.1617879688447));
#6245=CARTESIAN_POINT('Ctrl Pts',(2.5365508403982,-38.6151058248086,-21.0644143477429));
#6246=CARTESIAN_POINT('Ctrl Pts',(2.56783980509721,-38.6743390444974,-20.988336819155));
#6247=CARTESIAN_POINT('Ctrl Pts',(2.62700312049869,-38.7708591910588,-20.8182087735124));
#6248=CARTESIAN_POINT('Ctrl Pts',(2.65497491363703,-38.8076746673996,-20.7239250913433));
#6249=CARTESIAN_POINT('Ctrl Pts',(2.72462980343328,-38.892222030437,-20.4251234310685));
#6250=CARTESIAN_POINT('Ctrl Pts',(2.74999999999999,-38.9141428428543,-20.2049812574624));
#6251=CARTESIAN_POINT('Ctrl Pts',(2.74999999999999,-38.9141428428543,-19.7950187425375));
#6252=CARTESIAN_POINT('Ctrl Pts',(2.72462980343328,-38.892222030437,-19.5748765689315));
#6253=CARTESIAN_POINT('Ctrl Pts',(2.65497491363703,-38.8076746673996,-19.2760749086567));
#6254=CARTESIAN_POINT('Ctrl Pts',(2.62700312049869,-38.7708591910588,-19.1817912264876));
#6255=CARTESIAN_POINT('Ctrl Pts',(2.56783980509721,-38.6743390444974,-19.0116631808449));
#6256=CARTESIAN_POINT('Ctrl Pts',(2.5365508403982,-38.6151058248086,-18.9355856522571));
#6257=CARTESIAN_POINT('Ctrl Pts',(2.49284596682889,-38.4934353864176,-18.8382120311553));
#6258=CARTESIAN_POINT('Ctrl Pts',(2.47726098564353,-38.4394095852214,-18.8057344324863));
#6259=CARTESIAN_POINT('Ctrl Pts',(2.45573901740938,-38.3224066830861,-18.7620832203426));
#6260=CARTESIAN_POINT('Ctrl Pts',(2.45,-38.2593594056785,-18.7510004003203));
#6261=CARTESIAN_POINT('Ctrl Pts',(2.45,-38.2,-18.7510004003203));
#6262=CARTESIAN_POINT('Origin',(-4.77048955893622E-15,-44.0406037936674,
-50.));
#6263=CARTESIAN_POINT('',(-4.15816615936254E-15,-44.0406037936674,-55.));
#6264=CARTESIAN_POINT('Ctrl Pts',(-5.,-43.7228779089071,-50.));
#6265=CARTESIAN_POINT('Ctrl Pts',(-5.,-43.7228779089071,-49.3714616677056));
#6266=CARTESIAN_POINT('Ctrl Pts',(-4.87424825433745,-43.7395620328366,-48.7014939618449));
#6267=CARTESIAN_POINT('Ctrl Pts',(-4.36377148547136,-43.799666526057,-47.4697998223554));
#6268=CARTESIAN_POINT('Ctrl Pts',(-3.9790830163854,-43.8422017339597,-46.9080152045199));
#6269=CARTESIAN_POINT('Ctrl Pts',(-3.09198869322303,-43.9219211026219,-46.0209208813575));
#6270=CARTESIAN_POINT('Ctrl Pts',(-2.53020238170001,-43.9643071356544,-45.6362293581831));
#6271=CARTESIAN_POINT('Ctrl Pts',(-1.298502503957,-44.0240697858697,-45.1257503507293));
#6272=CARTESIAN_POINT('Ctrl Pts',(-0.628532808935715,-44.0406037936674,
-45.));
#6273=CARTESIAN_POINT('Ctrl Pts',(0.628532808935706,-44.0406037936674,-45.));
#6274=CARTESIAN_POINT('Ctrl Pts',(1.29850250395699,-44.0240697858697,-45.1257503507293));
#6275=CARTESIAN_POINT('Ctrl Pts',(2.5302023817,-43.9643071356544,-45.6362293581831));
#6276=CARTESIAN_POINT('Ctrl Pts',(3.09198869322302,-43.9219211026219,-46.0209208813575));
#6277=CARTESIAN_POINT('Ctrl Pts',(3.97908301638539,-43.8422017339597,-46.9080152045199));
#6278=CARTESIAN_POINT('Ctrl Pts',(4.36377148547135,-43.799666526057,-47.4697998223554));
#6279=CARTESIAN_POINT('Ctrl Pts',(4.87424825433744,-43.7395620328366,-48.7014939618449));
#6280=CARTESIAN_POINT('Ctrl Pts',(4.99999999999999,-43.7228779089071,-49.3714616677055));
#6281=CARTESIAN_POINT('Ctrl Pts',(4.99999999999999,-43.7228779089071,-50.6285383322944));
#6282=CARTESIAN_POINT('Ctrl Pts',(4.87424825433744,-43.7395620328366,-51.2985060381551));
#6283=CARTESIAN_POINT('Ctrl Pts',(4.36377148547135,-43.799666526057,-52.5302001776446));
#6284=CARTESIAN_POINT('Ctrl Pts',(3.97908301638539,-43.8422017339597,-53.0919847954801));
#6285=CARTESIAN_POINT('Ctrl Pts',(3.09198869322302,-43.9219211026219,-53.9790791186424));
#6286=CARTESIAN_POINT('Ctrl Pts',(2.5302023817,-43.9643071356544,-54.3637706418169));
#6287=CARTESIAN_POINT('Ctrl Pts',(1.29850250395699,-44.0240697858697,-54.8742496492707));
#6288=CARTESIAN_POINT('Ctrl Pts',(0.628532808935706,-44.0406037936674,-55.));
#6289=CARTESIAN_POINT('Ctrl Pts',(-0.628532808935714,-44.0406037936674,
-55.));
#6290=CARTESIAN_POINT('Ctrl Pts',(-1.298502503957,-44.0240697858697,-54.8742496492707));
#6291=CARTESIAN_POINT('Ctrl Pts',(-2.5302023817,-43.9643071356544,-54.3637706418169));
#6292=CARTESIAN_POINT('Ctrl Pts',(-3.09198869322303,-43.9219211026219,-53.9790791186424));
#6293=CARTESIAN_POINT('Ctrl Pts',(-3.9790830163854,-43.8422017339597,-53.0919847954801));
#6294=CARTESIAN_POINT('Ctrl Pts',(-4.36377148547136,-43.799666526057,-52.5302001776446));
#6295=CARTESIAN_POINT('Ctrl Pts',(-4.87424825433744,-43.7395620328366,-51.2985060381551));
#6296=CARTESIAN_POINT('Ctrl Pts',(-5.,-43.7228779089071,-50.6285383322944));
#6297=CARTESIAN_POINT('Ctrl Pts',(-5.,-43.7228779089071,-50.));
#6298=CARTESIAN_POINT('',(-5.3828129585099E-15,-43.5,-55.));
#6299=CARTESIAN_POINT('',(-5.3828129585099E-15,-44.0406037936674,-55.));
#6300=CARTESIAN_POINT('Origin',(-4.77048955893622E-15,-43.5,-50.));
#6301=CARTESIAN_POINT('Origin',(-4.77048955893622E-15,-44.0406037936674,
-20.));
#6302=CARTESIAN_POINT('',(-4.15816615936254E-15,-44.0406037936674,-25.));
#6303=CARTESIAN_POINT('Ctrl Pts',(-5.00000000000001,-43.7228779089071,-20.));
#6304=CARTESIAN_POINT('Ctrl Pts',(-5.00000000000001,-43.7228779089071,-19.3714616677055));
#6305=CARTESIAN_POINT('Ctrl Pts',(-4.87424825433745,-43.7395620328366,-18.7014939618449));
#6306=CARTESIAN_POINT('Ctrl Pts',(-4.36377148547137,-43.799666526057,-17.4697998223554));
#6307=CARTESIAN_POINT('Ctrl Pts',(-3.9790830163854,-43.8422017339597,-16.9080152045199));
#6308=CARTESIAN_POINT('Ctrl Pts',(-3.09198869322304,-43.9219211026219,-16.0209208813575));
#6309=CARTESIAN_POINT('Ctrl Pts',(-2.53020238170002,-43.9643071356544,-15.6362293581831));
#6310=CARTESIAN_POINT('Ctrl Pts',(-1.29850250395701,-44.0240697858697,-15.1257503507293));
#6311=CARTESIAN_POINT('Ctrl Pts',(-0.628532808935717,-44.0406037936674,
-15.));
#6312=CARTESIAN_POINT('Ctrl Pts',(0.628532808935707,-44.0406037936674,-15.));
#6313=CARTESIAN_POINT('Ctrl Pts',(1.298502503957,-44.0240697858697,-15.1257503507293));
#6314=CARTESIAN_POINT('Ctrl Pts',(2.53020238170001,-43.9643071356544,-15.6362293581831));
#6315=CARTESIAN_POINT('Ctrl Pts',(3.09198869322303,-43.9219211026219,-16.0209208813575));
#6316=CARTESIAN_POINT('Ctrl Pts',(3.97908301638539,-43.8422017339597,-16.9080152045199));
#6317=CARTESIAN_POINT('Ctrl Pts',(4.36377148547136,-43.799666526057,-17.4697998223554));
#6318=CARTESIAN_POINT('Ctrl Pts',(4.87424825433744,-43.7395620328366,-18.7014939618449));
#6319=CARTESIAN_POINT('Ctrl Pts',(5.,-43.7228779089071,-19.3714616677055));
#6320=CARTESIAN_POINT('Ctrl Pts',(5.,-43.7228779089071,-20.6285383322944));
#6321=CARTESIAN_POINT('Ctrl Pts',(4.87424825433744,-43.7395620328366,-21.2985060381551));
#6322=CARTESIAN_POINT('Ctrl Pts',(4.36377148547136,-43.799666526057,-22.5302001776446));
#6323=CARTESIAN_POINT('Ctrl Pts',(3.97908301638539,-43.8422017339597,-23.0919847954801));
#6324=CARTESIAN_POINT('Ctrl Pts',(3.09198869322303,-43.9219211026219,-23.9790791186424));
#6325=CARTESIAN_POINT('Ctrl Pts',(2.53020238170001,-43.9643071356544,-24.3637706418169));
#6326=CARTESIAN_POINT('Ctrl Pts',(1.298502503957,-44.0240697858697,-24.8742496492707));
#6327=CARTESIAN_POINT('Ctrl Pts',(0.628532808935709,-44.0406037936674,-25.));
#6328=CARTESIAN_POINT('Ctrl Pts',(-0.628532808935717,-44.0406037936674,
-25.));
#6329=CARTESIAN_POINT('Ctrl Pts',(-1.29850250395701,-44.0240697858697,-24.8742496492707));
#6330=CARTESIAN_POINT('Ctrl Pts',(-2.53020238170002,-43.9643071356544,-24.3637706418169));
#6331=CARTESIAN_POINT('Ctrl Pts',(-3.09198869322304,-43.9219211026219,-23.9790791186424));
#6332=CARTESIAN_POINT('Ctrl Pts',(-3.9790830163854,-43.8422017339597,-23.0919847954801));
#6333=CARTESIAN_POINT('Ctrl Pts',(-4.36377148547137,-43.799666526057,-22.5302001776446));
#6334=CARTESIAN_POINT('Ctrl Pts',(-4.87424825433745,-43.7395620328366,-21.2985060381551));
#6335=CARTESIAN_POINT('Ctrl Pts',(-5.00000000000001,-43.7228779089071,-20.6285383322944));
#6336=CARTESIAN_POINT('Ctrl Pts',(-5.00000000000001,-43.7228779089071,-20.));
#6337=CARTESIAN_POINT('',(-5.3828129585099E-15,-43.5,-25.));
#6338=CARTESIAN_POINT('',(-5.3828129585099E-15,-44.0406037936674,-25.));
#6339=CARTESIAN_POINT('Origin',(-4.77048955893622E-15,-43.5,-20.));
#6340=CARTESIAN_POINT('Origin',(16.1665104729446,8.07725889903556,-60.));
#6341=CARTESIAN_POINT('',(16.1665104729446,14.0772588990356,-60.));
#6342=CARTESIAN_POINT('',(21.3626628956512,5.07725889903557,-60.));
#6343=CARTESIAN_POINT('Origin',(16.1665104729446,8.07725889903556,-60.));
#6344=CARTESIAN_POINT('',(21.3626628956512,5.07725889903557,-60.));
#6345=CARTESIAN_POINT('',(16.1665104729446,14.0772588990356,-60.));
#6346=CARTESIAN_POINT('',(16.1665104729446,14.0772588990356,-60.));
#6347=CARTESIAN_POINT('',(16.1665104729446,14.0772588990356,-60.));
#6348=CARTESIAN_POINT('Origin',(0.288907892973706,-44.0416037936674,-30.));
#6349=CARTESIAN_POINT('',(12.3889078929737,14.0772588990356,-30.));
#6350=CARTESIAN_POINT('Origin',(0.288907892973702,14.0772588990356,-30.));
#6351=CARTESIAN_POINT('',(12.3889078929737,18.0772588990355,-30.));
#6352=CARTESIAN_POINT('',(12.3889078929737,-44.0416037936674,-30.));
#6353=CARTESIAN_POINT('Origin',(0.288907892973702,18.0772588990356,-30.));
#6354=CARTESIAN_POINT('Origin',(43.301858415117,32.0770602159375,-60.));
#6355=CARTESIAN_POINT('',(20.4346162227122,-7.53016509029003,-12.5000000000003));
#6356=CARTESIAN_POINT('',(15.1560159262079,-16.6729689966837,-12.5000000000004));
#6357=CARTESIAN_POINT('',(15.1560159262079,-16.6729689966837,-12.5000000000004));
#6358=CARTESIAN_POINT('',(15.1560159262079,-16.6729689966837,-25.9999999999999));
#6359=CARTESIAN_POINT('',(15.1560159262079,-16.6729689966837,-60.));
#6360=CARTESIAN_POINT('',(10.9257526040824,-24.,-26.));
#6361=CARTESIAN_POINT('',(43.301858415117,32.0770602159375,-26.));
#6362=CARTESIAN_POINT('',(10.9257526040824,-24.,-34.));
#6363=CARTESIAN_POINT('',(10.9257526040824,-24.0000000000001,-60.));
#6364=CARTESIAN_POINT('',(15.1560159262079,-16.6729689966837,-34.));
#6365=CARTESIAN_POINT('',(43.301858415117,32.0770602159375,-34.));
#6366=CARTESIAN_POINT('',(15.1560159262079,-16.6729689966836,-47.4999999999936));
#6367=CARTESIAN_POINT('',(15.1560159262079,-16.6729689966837,-60.));
#6368=CARTESIAN_POINT('',(15.1560159262079,-16.6729689966836,-47.4999999999936));
#6369=CARTESIAN_POINT('',(20.4346162227122,-7.53016509029004,-47.4999999999936));
#6370=CARTESIAN_POINT('',(39.4346162227122,25.3788002535186,-47.4999999999936));
#6371=CARTESIAN_POINT('',(39.4346162227122,25.3788002535186,-12.5000000000004));
#6372=CARTESIAN_POINT('Origin',(-43.3018584151169,32.0770602159376,-60.));
#6373=CARTESIAN_POINT('',(-20.4346162227122,-7.53016509029003,-12.5000000000003));
#6374=CARTESIAN_POINT('',(-39.4346162227122,25.3788002535186,-12.5000000000004));
#6375=CARTESIAN_POINT('',(-39.4346162227122,25.3788002535186,-47.4999999999936));
#6376=CARTESIAN_POINT('',(-20.4346162227122,-7.53016509029004,-47.4999999999936));
#6377=CARTESIAN_POINT('',(-15.1560159262079,-16.6729689966836,-47.4999999999936));
#6378=CARTESIAN_POINT('',(-15.1560159262079,-16.6729689966836,-47.4999999999936));
#6379=CARTESIAN_POINT('',(-15.1560159262079,-16.6729689966836,-34.));
#6380=CARTESIAN_POINT('',(-15.1560159262079,-16.6729689966836,-60.));
#6381=CARTESIAN_POINT('',(-10.9257526040824,-24.,-34.));
#6382=CARTESIAN_POINT('',(-43.3018584151169,32.0770602159376,-34.));
#6383=CARTESIAN_POINT('',(-10.9257526040824,-24.,-26.0000000000001));
#6384=CARTESIAN_POINT('',(-10.9257526040824,-24.,-60.));
#6385=CARTESIAN_POINT('',(-15.1560159262079,-16.6729689966836,-26.));
#6386=CARTESIAN_POINT('',(-43.3018584151169,32.0770602159376,-26.));
#6387=CARTESIAN_POINT('',(-15.1560159262079,-16.6729689966837,-12.5000000000004));
#6388=CARTESIAN_POINT('',(-15.1560159262079,-16.6729689966837,-60.));
#6389=CARTESIAN_POINT('',(-15.1560159262079,-16.6729689966837,-12.5000000000004));
#6390=CARTESIAN_POINT('Origin',(-43.3018584151169,32.0770602159376,-60.));
#6391=CARTESIAN_POINT('',(-20.4346162227122,-7.53016509029002,-52.4999999999936));
#6392=CARTESIAN_POINT('',(-39.4346162227122,25.3788002535186,-52.4999999999936));
#6393=CARTESIAN_POINT('',(-41.8018584151169,29.4789840045842,-60.));
#6394=CARTESIAN_POINT('Origin',(-41.8018584151169,29.4789840045842,-57.));
#6395=CARTESIAN_POINT('',(-15.1560159262079,-16.6729689966836,-60.));
#6396=CARTESIAN_POINT('',(-43.3018584151169,32.0770602159376,-60.));
#6397=CARTESIAN_POINT('',(-15.1560159262079,-16.6729689966836,-52.4999999999936));
#6398=CARTESIAN_POINT('',(-15.1560159262079,-16.6729689966836,-60.));
#6399=CARTESIAN_POINT('',(-15.1560159262079,-16.6729689966836,-52.4999999999936));
#6400=CARTESIAN_POINT('Origin',(-15.1560159262079,-16.6729689966837,-60.));
#6401=CARTESIAN_POINT('',(-16.0220413299923,-17.1729689966836,-52.4999999999936));
#6402=CARTESIAN_POINT('',(-16.0220413299923,-17.1729689966836,-47.4999999999936));
#6403=CARTESIAN_POINT('',(-16.0220413299923,-17.1729689966836,-52.4999999999936));
#6404=CARTESIAN_POINT('',(-16.0220413299923,-17.1729689966836,-52.4999999999936));
#6405=CARTESIAN_POINT('',(-18.7067200817241,-18.7229689966837,-60.));
#6406=CARTESIAN_POINT('',(-15.1560159262079,-16.6729689966837,-60.));
#6407=CARTESIAN_POINT('',(-18.7067200817241,-18.7229689966837,-57.));
#6408=CARTESIAN_POINT('',(-18.7067200817241,-18.7229689966837,-60.));
#6409=CARTESIAN_POINT('',(-23.0368471006463,-21.2229689966837,-52.));
#6410=CARTESIAN_POINT('',(-18.7067200817241,-18.7229689966837,-57.));
#6411=CARTESIAN_POINT('',(-24.7688979082151,-22.2229689966836,-52.));
#6412=CARTESIAN_POINT('',(-15.1560159262079,-16.6729689966837,-52.));
#6413=CARTESIAN_POINT('',(-29.0990249271373,-24.7229689966837,-57.));
#6414=CARTESIAN_POINT('',(-24.7688979082151,-22.2229689966836,-52.));
#6415=CARTESIAN_POINT('',(-29.0990249271373,-24.7229689966837,-60.));
#6416=CARTESIAN_POINT('',(-29.0990249271373,-24.7229689966837,-60.));
#6417=CARTESIAN_POINT('',(-32.6497290826535,-26.7729689966837,-60.));
#6418=CARTESIAN_POINT('',(-29.0990249271373,-24.7229689966837,-60.));
#6419=CARTESIAN_POINT('',(-32.6497290826535,-26.7729689966837,-60.));
#6420=CARTESIAN_POINT('',(-29.0990249271373,-24.7229689966837,-2.99999999999991));
#6421=CARTESIAN_POINT('',(-29.0990249271373,-24.7229689966837,-60.));
#6422=CARTESIAN_POINT('',(-24.7688979082151,-22.2229689966837,-7.99999999999997));
#6423=CARTESIAN_POINT('',(-29.0990249271373,-24.7229689966837,-2.99999999999989));
#6424=CARTESIAN_POINT('',(-23.0368471006463,-21.2229689966837,-7.99999999999998));
#6425=CARTESIAN_POINT('',(-15.1560159262079,-16.6729689966837,-7.99999999999995));
#6426=CARTESIAN_POINT('',(-18.7067200817241,-18.7229689966837,-2.9999999999999));
#6427=CARTESIAN_POINT('',(-23.0368471006463,-21.2229689966837,-7.99999999999995));
#6428=CARTESIAN_POINT('',(-18.7067200817241,-18.7229689966837,-60.));
#6429=CARTESIAN_POINT('',(-16.0220413299923,-17.1729689966837,-7.50000000000035));
#6430=CARTESIAN_POINT('',(-16.0220413299923,-17.1729689966837,-7.50000000000035));
#6431=CARTESIAN_POINT('',(-16.0220413299923,-17.1729689966837,-12.5000000000004));
#6432=CARTESIAN_POINT('',(-16.0220413299923,-17.1729689966837,-7.50000000000035));
#6433=CARTESIAN_POINT('',(-16.0220413299923,-17.1729689966837,-12.5000000000004));
#6434=CARTESIAN_POINT('',(-20.3521683489145,-19.6729689966837,-20.));
#6435=CARTESIAN_POINT('',(-15.1560159262079,-16.6729689966837,-26.));
#6436=CARTESIAN_POINT('',(-23.9028725044307,-21.7229689966836,-20.));
#6437=CARTESIAN_POINT('',(-15.1560159262079,-16.6729689966837,-20.));
#6438=CARTESIAN_POINT('',(-29.0990249271373,-24.7229689966837,-26.0000000000001));
#6439=CARTESIAN_POINT('',(-23.9028725044307,-21.7229689966836,-20.));
#6440=CARTESIAN_POINT('',(-29.0990249271373,-24.7229689966837,-33.9999999999999));
#6441=CARTESIAN_POINT('',(-29.0990249271373,-24.7229689966837,-60.));
#6442=CARTESIAN_POINT('',(-23.9028725044307,-21.7229689966837,-40.));
#6443=CARTESIAN_POINT('',(-29.0990249271373,-24.7229689966837,-33.9999999999999));
#6444=CARTESIAN_POINT('',(-20.3521683489145,-19.6729689966837,-40.));
#6445=CARTESIAN_POINT('',(-15.1560159262079,-16.6729689966837,-40.));
#6446=CARTESIAN_POINT('',(-20.3521683489145,-19.6729689966837,-40.));
#6447=CARTESIAN_POINT('',(-16.0220413299923,-17.1729689966836,-47.4999999999936));
#6448=CARTESIAN_POINT('Origin',(-2.90000000000001,-38.2,-60.));
#6449=CARTESIAN_POINT('',(-2.45000000000001,-38.2,-60.));
#6450=CARTESIAN_POINT('',(-2.45000000000001,-38.2,-60.));
#6451=CARTESIAN_POINT('',(2.45,-38.2,-60.));
#6452=CARTESIAN_POINT('',(2.45,-38.2,-60.));
#6453=CARTESIAN_POINT('',(0.,-38.2,-60.));
#6454=CARTESIAN_POINT('Origin',(-2.90000000000001,-38.2,-60.));
#6455=CARTESIAN_POINT('',(2.45,-38.2,-60.));
#6456=CARTESIAN_POINT('',(-2.45000000000001,-38.2,-60.));
#6457=CARTESIAN_POINT('Origin',(0.,-4.53965196409289,-60.));
#6458=CARTESIAN_POINT('',(32.6497290826535,-26.7729689966837,-60.));
#6459=CARTESIAN_POINT('Origin',(0.,-4.53965196409289,-60.));
#6460=CARTESIAN_POINT('',(32.6497290826535,-26.7729689966837,-60.));
#6461=CARTESIAN_POINT('Origin',(15.1560159262079,-16.6729689966837,-60.));
#6462=CARTESIAN_POINT('',(16.0220413299923,-17.1729689966836,-52.4999999999936));
#6463=CARTESIAN_POINT('',(15.1560159262079,-16.6729689966836,-52.4999999999936));
#6464=CARTESIAN_POINT('',(16.0220413299923,-17.1729689966836,-52.4999999999936));
#6465=CARTESIAN_POINT('',(16.0220413299923,-17.1729689966836,-47.4999999999936));
#6466=CARTESIAN_POINT('',(16.0220413299923,-17.1729689966836,-52.4999999999936));
#6467=CARTESIAN_POINT('',(16.0220413299923,-17.1729689966836,-47.4999999999936));
#6468=CARTESIAN_POINT('',(20.3521683489144,-19.6729689966836,-40.));
#6469=CARTESIAN_POINT('',(15.1560159262079,-16.6729689966837,-34.));
#6470=CARTESIAN_POINT('',(23.9028725044307,-21.7229689966836,-40.));
#6471=CARTESIAN_POINT('',(15.1560159262079,-16.6729689966837,-40.));
#6472=CARTESIAN_POINT('',(29.0990249271373,-24.7229689966837,-34.));
#6473=CARTESIAN_POINT('',(23.9028725044307,-21.7229689966836,-40.));
#6474=CARTESIAN_POINT('',(29.0990249271373,-24.7229689966837,-26.));
#6475=CARTESIAN_POINT('',(29.0990249271373,-24.7229689966837,-60.));
#6476=CARTESIAN_POINT('',(23.9028725044306,-21.7229689966836,-20.));
#6477=CARTESIAN_POINT('',(29.0990249271373,-24.7229689966837,-26.));
#6478=CARTESIAN_POINT('',(20.3521683489145,-19.6729689966837,-20.));
#6479=CARTESIAN_POINT('',(15.1560159262079,-16.6729689966837,-20.));
#6480=CARTESIAN_POINT('',(20.3521683489145,-19.6729689966837,-20.));
#6481=CARTESIAN_POINT('',(16.0220413299923,-17.1729689966837,-12.5000000000004));
#6482=CARTESIAN_POINT('',(16.0220413299923,-17.1729689966837,-12.5000000000004));
#6483=CARTESIAN_POINT('',(16.0220413299923,-17.1729689966837,-7.50000000000035));
#6484=CARTESIAN_POINT('',(16.0220413299923,-17.1729689966837,-7.50000000000035));
#6485=CARTESIAN_POINT('',(16.0220413299923,-17.1729689966837,-7.50000000000035));
#6486=CARTESIAN_POINT('',(18.7067200817241,-18.7229689966837,-2.99999999999997));
#6487=CARTESIAN_POINT('',(18.7067200817241,-18.7229689966837,-60.));
#6488=CARTESIAN_POINT('',(23.0368471006463,-21.2229689966837,-7.99999999999996));
#6489=CARTESIAN_POINT('',(18.7067200817241,-18.7229689966837,-2.99999999999998));
#6490=CARTESIAN_POINT('',(24.7688979082151,-22.2229689966837,-7.99999999999996));
#6491=CARTESIAN_POINT('',(15.1560159262079,-16.6729689966837,-7.99999999999995));
#6492=CARTESIAN_POINT('',(29.0990249271374,-24.7229689966837,-2.99999999999995));
#6493=CARTESIAN_POINT('',(24.7688979082151,-22.2229689966837,-7.99999999999995));
#6494=CARTESIAN_POINT('',(29.0990249271373,-24.7229689966837,-60.));
#6495=CARTESIAN_POINT('',(29.0990249271373,-24.7229689966837,-60.));
#6496=CARTESIAN_POINT('',(15.1560159262079,-16.6729689966837,-60.));
#6497=CARTESIAN_POINT('',(29.0990249271373,-24.7229689966837,-57.0000000000001));
#6498=CARTESIAN_POINT('',(29.0990249271373,-24.7229689966837,-60.));
#6499=CARTESIAN_POINT('',(24.768897908215,-22.2229689966836,-52.));
#6500=CARTESIAN_POINT('',(29.0990249271373,-24.7229689966837,-57.0000000000001));
#6501=CARTESIAN_POINT('',(23.0368471006464,-21.2229689966837,-52.));
#6502=CARTESIAN_POINT('',(15.1560159262079,-16.6729689966837,-52.));
#6503=CARTESIAN_POINT('',(18.7067200817241,-18.7229689966837,-57.0000000000002));
#6504=CARTESIAN_POINT('',(23.0368471006464,-21.2229689966837,-52.));
#6505=CARTESIAN_POINT('',(18.7067200817241,-18.7229689966837,-60.));
#6506=CARTESIAN_POINT('',(18.7067200817241,-18.7229689966837,-60.));
#6507=CARTESIAN_POINT('',(15.1560159262079,-16.6729689966837,-60.));
#6508=CARTESIAN_POINT('',(15.1560159262079,-16.6729689966837,-60.));
#6509=CARTESIAN_POINT('',(15.1560159262079,-16.6729689966837,-60.));
#6510=CARTESIAN_POINT('Origin',(0.,-4.53965196409289,-60.));
#6511=CARTESIAN_POINT('',(-37.0383474723434,32.2291983296823,-60.));
#6512=CARTESIAN_POINT('',(-25.4035824996142,18.0772588990355,-60.));
#6513=CARTESIAN_POINT('Origin',(-25.4035824996142,24.0773235352784,-60.));
#6514=CARTESIAN_POINT('',(25.4035824996143,18.0772588990356,-60.));
#6515=CARTESIAN_POINT('',(0.,18.0772588990356,-60.));
#6516=CARTESIAN_POINT('Origin',(25.4035824996143,24.0773235352785,-60.));
#6517=CARTESIAN_POINT('',(41.801858415117,29.4789840045842,-60.));
#6518=CARTESIAN_POINT('',(41.801858415117,29.4789840045842,-60.));
#6519=CARTESIAN_POINT('',(15.1560159262079,-16.6729689966837,-60.));
#6520=CARTESIAN_POINT('',(15.2426184665863,-24.7229689966837,-60.));
#6521=CARTESIAN_POINT('',(15.2426184665863,-24.7229689966837,-60.));
#6522=CARTESIAN_POINT('',(18.7067200817241,-30.7229689966837,-60.));
#6523=CARTESIAN_POINT('',(18.7067200817241,-30.7229689966837,-60.));
#6524=CARTESIAN_POINT('',(25.6349233119996,-30.7229689966837,-60.));
#6525=CARTESIAN_POINT('',(0.,-30.7229689966837,-60.));
#6526=CARTESIAN_POINT('',(29.0990249271373,-24.7229689966837,-60.));
#6527=CARTESIAN_POINT('',(-25.6349233119996,-30.7229689966837,-60.));
#6528=CARTESIAN_POINT('',(-25.6349233119996,-30.7229689966837,-60.));
#6529=CARTESIAN_POINT('',(-18.7067200817241,-30.7229689966837,-60.));
#6530=CARTESIAN_POINT('',(0.,-30.7229689966837,-60.));
#6531=CARTESIAN_POINT('',(-15.2426184665863,-24.7229689966837,-60.));
#6532=CARTESIAN_POINT('',(-15.2426184665863,-24.7229689966837,-60.));
#6533=CARTESIAN_POINT('',(-18.7067200817241,-18.7229689966837,-60.));
#6534=CARTESIAN_POINT('',(-21.3626628956512,5.07725889903556,-60.));
#6535=CARTESIAN_POINT('',(-16.1665104729446,14.0772588990356,-60.));
#6536=CARTESIAN_POINT('Origin',(-16.1665104729446,8.07725889903556,-60.));
#6537=CARTESIAN_POINT('',(-12.1250585886172,-10.9227411009644,-60.));
#6538=CARTESIAN_POINT('',(-12.1250585886172,-10.9227411009644,-60.));
#6539=CARTESIAN_POINT('',(-6.92890616591058,-13.9227411009644,-60.));
#6540=CARTESIAN_POINT('Origin',(-6.92890616591058,-7.92274110096444,-60.));
#6541=CARTESIAN_POINT('',(6.92890616591057,-13.9227411009644,-60.));
#6542=CARTESIAN_POINT('',(0.,-13.9227411009644,-60.));
#6543=CARTESIAN_POINT('',(12.1250585886172,-10.9227411009644,-60.));
#6544=CARTESIAN_POINT('Origin',(6.92890616591057,-7.92274110096444,-60.));
#6545=CARTESIAN_POINT('',(21.3626628956512,5.07725889903557,-60.));
#6546=CARTESIAN_POINT('',(0.,14.0772588990356,-60.));
#6547=CARTESIAN_POINT('',(-1.45,-21.,-60.));
#6548=CARTESIAN_POINT('',(1.45,-21.,-60.));
#6549=CARTESIAN_POINT('',(0.,-21.,-60.));
#6550=CARTESIAN_POINT('',(-2.45,-20.,-60.));
#6551=CARTESIAN_POINT('Origin',(-1.45,-20.,-60.));
#6552=CARTESIAN_POINT('',(-2.45,-19.8,-60.));
#6553=CARTESIAN_POINT('',(-2.45,-18.8,-60.));
#6554=CARTESIAN_POINT('',(-3.45,-18.8,-60.));
#6555=CARTESIAN_POINT('Origin',(-3.45,-19.8,-60.));
#6556=CARTESIAN_POINT('',(-9.2,-18.8,-60.));
#6557=CARTESIAN_POINT('',(0.,-18.8,-60.));
#6558=CARTESIAN_POINT('',(-10.2,-19.8,-60.));
#6559=CARTESIAN_POINT('Origin',(-9.2,-19.8,-60.));
#6560=CARTESIAN_POINT('',(-10.2,-25.55,-60.));
#6561=CARTESIAN_POINT('',(-10.2,-4.53965196409289,-60.));
#6562=CARTESIAN_POINT('',(-9.20000000000001,-26.55,-60.));
#6563=CARTESIAN_POINT('Origin',(-9.20000000000001,-25.55,-60.));
#6564=CARTESIAN_POINT('',(-9.,-26.55,-60.));
#6565=CARTESIAN_POINT('',(0.,-26.55,-60.));
#6566=CARTESIAN_POINT('',(-8.,-27.55,-60.));
#6567=CARTESIAN_POINT('Origin',(-9.,-27.55,-60.));
#6568=CARTESIAN_POINT('',(-8.,-30.45,-60.));
#6569=CARTESIAN_POINT('',(-8.,-4.53965196409289,-60.));
#6570=CARTESIAN_POINT('',(-9.,-31.45,-60.));
#6571=CARTESIAN_POINT('Origin',(-9.,-30.45,-60.));
#6572=CARTESIAN_POINT('',(-9.2,-31.45,-60.));
#6573=CARTESIAN_POINT('',(-2.45,-31.45,-60.));
#6574=CARTESIAN_POINT('',(-10.2,-32.45,-60.));
#6575=CARTESIAN_POINT('Origin',(-9.2,-32.45,-60.));
#6576=CARTESIAN_POINT('',(-10.2,-38.2,-60.));
#6577=CARTESIAN_POINT('',(-10.2,-4.53965196409289,-60.));
#6578=CARTESIAN_POINT('',(-9.2,-39.2,-60.));
#6579=CARTESIAN_POINT('Origin',(-9.2,-38.2,-60.));
#6580=CARTESIAN_POINT('',(-3.45000000000001,-39.2,-60.));
#6581=CARTESIAN_POINT('',(0.,-39.2,-60.));
#6582=CARTESIAN_POINT('Origin',(-3.45000000000001,-38.2,-60.));
#6583=CARTESIAN_POINT('',(3.45,-39.2,-60.));
#6584=CARTESIAN_POINT('Origin',(3.45,-38.2,-60.));
#6585=CARTESIAN_POINT('',(9.2,-39.2,-60.));
#6586=CARTESIAN_POINT('',(0.,-39.2,-60.));
#6587=CARTESIAN_POINT('',(10.2,-38.2,-60.));
#6588=CARTESIAN_POINT('Origin',(9.2,-38.2,-60.));
#6589=CARTESIAN_POINT('',(10.2,-32.45,-60.));
#6590=CARTESIAN_POINT('',(10.2,-4.53965196409289,-60.));
#6591=CARTESIAN_POINT('',(9.2,-31.45,-60.));
#6592=CARTESIAN_POINT('Origin',(9.2,-32.45,-60.));
#6593=CARTESIAN_POINT('',(9.,-31.45,-60.));
#6594=CARTESIAN_POINT('',(0.,-31.45,-60.));
#6595=CARTESIAN_POINT('',(8.,-30.45,-60.));
#6596=CARTESIAN_POINT('Origin',(9.,-30.45,-60.));
#6597=CARTESIAN_POINT('',(8.,-27.55,-60.));
#6598=CARTESIAN_POINT('',(8.,-4.53965196409289,-60.));
#6599=CARTESIAN_POINT('',(9.,-26.55,-60.));
#6600=CARTESIAN_POINT('Origin',(9.,-27.55,-60.));
#6601=CARTESIAN_POINT('',(9.2,-26.55,-60.));
#6602=CARTESIAN_POINT('',(10.2,-26.55,-60.));
#6603=CARTESIAN_POINT('',(10.2,-25.55,-60.));
#6604=CARTESIAN_POINT('Origin',(9.2,-25.55,-60.));
#6605=CARTESIAN_POINT('',(10.2,-19.8,-60.));
#6606=CARTESIAN_POINT('',(10.2,-4.53965196409289,-60.));
#6607=CARTESIAN_POINT('',(9.2,-18.8,-60.));
#6608=CARTESIAN_POINT('Origin',(9.2,-19.8,-60.));
#6609=CARTESIAN_POINT('',(3.45,-18.8,-60.));
#6610=CARTESIAN_POINT('',(0.,-18.8,-60.));
#6611=CARTESIAN_POINT('',(2.45,-19.8,-60.));
#6612=CARTESIAN_POINT('Origin',(3.45,-19.8,-60.));
#6613=CARTESIAN_POINT('',(2.45,-20.,-60.));
#6614=CARTESIAN_POINT('',(2.45,-4.53965196409289,-60.));
#6615=CARTESIAN_POINT('Origin',(1.45,-20.,-60.));
#6616=CARTESIAN_POINT('Origin',(18.7067200817241,-18.7229689966837,-60.));
#6617=CARTESIAN_POINT('',(15.2426184665863,-24.7229689966837,-57.0000000000002));
#6618=CARTESIAN_POINT('',(18.7067200817241,-18.7229689966837,-57.0000000000002));
#6619=CARTESIAN_POINT('',(15.2426184665863,-24.7229689966837,-60.));
#6620=CARTESIAN_POINT('Origin',(8.69907450525413,-46.0567195992718,-52.));
#6621=CARTESIAN_POINT('',(21.0161211584827,-24.7229689966837,-52.));
#6622=CARTESIAN_POINT('',(13.9778087852093,-24.7229689966837,-58.0953573150252));
#6623=CARTESIAN_POINT('',(23.0368471006464,-21.2229689966837,-52.));
#6624=CARTESIAN_POINT('Origin',(14.7612523317451,-49.5567195992717,-52.));
#6625=CARTESIAN_POINT('',(22.7481719660514,-25.7229689966836,-52.));
#6626=CARTESIAN_POINT('',(22.7481719660514,-25.7229689966836,-52.));
#6627=CARTESIAN_POINT('',(21.5934714276722,-25.7229689966836,-52.));
#6628=CARTESIAN_POINT('',(18.7067200817241,-25.7229689966836,-52.));
#6629=CARTESIAN_POINT('',(21.0161211584827,-24.7229689966837,-52.));
#6630=CARTESIAN_POINT('Origin',(25.6349233119996,-30.7229689966837,-57.0000000000001));
#6631=CARTESIAN_POINT('',(25.6349233119996,-30.7229689966837,-57.0000000000001));
#6632=CARTESIAN_POINT('',(29.0990249271373,-24.7229689966837,-57.0000000000001));
#6633=CARTESIAN_POINT('',(25.6349233119996,-30.7229689966837,-57.0000000000001));
#6634=CARTESIAN_POINT('Origin',(25.6349233119996,-30.7229689966837,-60.));
#6635=CARTESIAN_POINT('',(25.6349233119996,-30.7229689966837,-60.));
#6636=CARTESIAN_POINT('Origin',(25.6349233119996,-30.7229689966837,-60.));
#6637=CARTESIAN_POINT('',(25.6349233119996,-30.7229689966837,-3.));
#6638=CARTESIAN_POINT('',(25.6349233119996,-30.7229689966837,-3.));
#6639=CARTESIAN_POINT('',(25.6349233119996,-30.7229689966837,-60.));
#6640=CARTESIAN_POINT('Origin',(10.4311253128229,-47.0567195992717,-7.99999999999998));
#6641=CARTESIAN_POINT('',(22.7481719660514,-25.7229689966837,-7.99999999999998));
#6642=CARTESIAN_POINT('',(24.7688979082151,-22.2229689966837,-7.99999999999998));
#6643=CARTESIAN_POINT('',(22.7481719660514,-25.7229689966837,-7.99999999999998));
#6644=CARTESIAN_POINT('Origin',(14.761252331745,-49.5567195992717,-7.99999999999998));
#6645=CARTESIAN_POINT('',(21.0161211584826,-24.7229689966837,-7.99999999999998));
#6646=CARTESIAN_POINT('',(21.0161211584826,-24.7229689966837,-7.99999999999998));
#6647=CARTESIAN_POINT('',(21.5934714276722,-25.7229689966837,-7.99999999999998));
#6648=CARTESIAN_POINT('',(21.5934714276722,-25.7229689966837,-7.99999999999998));
#6649=CARTESIAN_POINT('',(14.761252331745,-25.7229689966837,-7.99999999999998));
#6650=CARTESIAN_POINT('Origin',(8.69907450525405,-46.0567195992717,-7.99999999999998));
#6651=CARTESIAN_POINT('',(15.2426184665863,-24.7229689966837,-2.99999999999999));
#6652=CARTESIAN_POINT('',(13.9778087852091,-24.7229689966837,-1.90464268497484));
#6653=CARTESIAN_POINT('',(18.7067200817241,-18.7229689966837,-3.));
#6654=CARTESIAN_POINT('Origin',(18.7067200817241,-18.7229689966837,-60.));
#6655=CARTESIAN_POINT('',(15.2426184665863,-24.7229689966837,-60.));
#6656=CARTESIAN_POINT('Origin',(43.301858415117,32.0770602159375,-60.));
#6657=CARTESIAN_POINT('',(20.4346162227122,-7.53016509029002,-52.4999999999936));
#6658=CARTESIAN_POINT('',(15.1560159262079,-16.6729689966836,-52.4999999999936));
#6659=CARTESIAN_POINT('Origin',(41.8018584151169,29.4789840045842,-57.));
#6660=CARTESIAN_POINT('',(39.4346162227122,25.3788002535186,-52.4999999999936));
#6661=CARTESIAN_POINT('Origin',(6.01439575352227,-44.5067195992717,-20.));
#6662=CARTESIAN_POINT('',(14.3898542192202,-30.,-20.));
#6663=CARTESIAN_POINT('',(14.3898542192202,-30.,-20.));
#6664=CARTESIAN_POINT('',(10.9257526040824,-24.,-26.));
#6665=CARTESIAN_POINT('Origin',(14.7612523317451,-49.5567195992717,-20.));
#6666=CARTESIAN_POINT('',(9.2,-31.45,-20.));
#6667=CARTESIAN_POINT('',(9.,-31.45,-20.));
#6668=CARTESIAN_POINT('',(14.7612523317451,-31.45,-20.));
#6669=CARTESIAN_POINT('',(8.,-30.45,-20.));
#6670=CARTESIAN_POINT('Origin',(9.,-30.45,-20.));
#6671=CARTESIAN_POINT('',(8.,-30.,-20.));
#6672=CARTESIAN_POINT('',(8.,-49.5567195992717,-20.));
#6673=CARTESIAN_POINT('',(14.7612523317451,-30.,-20.));
#6674=CARTESIAN_POINT('',(18.7067200817241,-30.7229689966837,-19.9999999999955));
#6675=CARTESIAN_POINT('',(18.7067200817241,-30.7229689966837,-20.));
#6676=CARTESIAN_POINT('',(10.2,-34.,-20.));
#6677=CARTESIAN_POINT('',(10.2,-34.,-20.));
#6678=CARTESIAN_POINT('',(10.2,-32.45,-20.));
#6679=CARTESIAN_POINT('',(10.2,-49.5567195992717,-20.));
#6680=CARTESIAN_POINT('Origin',(9.2,-32.45,-20.));
#6681=CARTESIAN_POINT('Origin',(25.6349233119996,-30.7229689966837,-26.));
#6682=CARTESIAN_POINT('',(25.6349233119996,-30.7229689966837,-26.));
#6683=CARTESIAN_POINT('',(29.0990249271373,-24.7229689966837,-26.));
#6684=CARTESIAN_POINT('',(25.6349233119996,-30.7229689966837,-26.));
#6685=CARTESIAN_POINT('Origin',(25.6349233119996,-30.7229689966837,-60.));
#6686=CARTESIAN_POINT('',(25.6349233120006,-30.722968996682,-34.));
#6687=CARTESIAN_POINT('',(25.6349233119996,-30.7229689966837,-34.));
#6688=CARTESIAN_POINT('',(25.6349233119996,-30.7229689966837,-60.));
#6689=CARTESIAN_POINT('Origin',(9.56509990903839,-46.5567195992717,-40.));
#6690=CARTESIAN_POINT('',(18.7067200817181,-30.7229689966817,-40.0000000000102));
#6691=CARTESIAN_POINT('',(23.9028725044307,-21.7229689966836,-40.));
#6692=CARTESIAN_POINT('',(13.4829371259049,-30.7229689966785,-44.523928743598));
#6693=CARTESIAN_POINT('Origin',(14.7612523317451,-49.5567195992717,-40.));
#6694=CARTESIAN_POINT('',(8.,-30.45,-40.));
#6695=CARTESIAN_POINT('',(8.,-29.9999999999999,-40.));
#6696=CARTESIAN_POINT('',(8.,-49.5567195992717,-40.));
#6697=CARTESIAN_POINT('',(9.,-31.45,-40.));
#6698=CARTESIAN_POINT('Origin',(9.,-30.45,-40.));
#6699=CARTESIAN_POINT('',(9.2,-31.45,-40.));
#6700=CARTESIAN_POINT('',(14.7612523317451,-31.45,-40.));
#6701=CARTESIAN_POINT('',(10.2,-32.45,-40.));
#6702=CARTESIAN_POINT('Origin',(9.2,-32.45,-40.));
#6703=CARTESIAN_POINT('',(10.2,-34.,-40.));
#6704=CARTESIAN_POINT('',(10.2,-49.5567195992717,-40.));
#6705=CARTESIAN_POINT('',(18.7067200817241,-30.7229689966837,-40.));
#6706=CARTESIAN_POINT('',(14.3898542192202,-29.9999999999999,-40.));
#6707=CARTESIAN_POINT('',(14.3898542192202,-29.9999999999999,-40.));
#6708=CARTESIAN_POINT('',(14.7612523317451,-29.9999999999999,-40.));
#6709=CARTESIAN_POINT('Origin',(43.301858415117,32.0770602159375,-34.));
#6710=CARTESIAN_POINT('',(14.3898542192201,-29.9999999999999,-40.));
#6711=CARTESIAN_POINT('Origin',(-18.7067200817241,-30.7229689966837,-60.));
#6712=CARTESIAN_POINT('',(-15.2426184665863,-24.7229689966837,-57.));
#6713=CARTESIAN_POINT('',(-18.7067200817241,-30.7229689966837,-57.));
#6714=CARTESIAN_POINT('',(-18.7067200817241,-30.7229689966837,-57.));
#6715=CARTESIAN_POINT('',(-15.2426184665863,-24.7229689966837,-60.));
#6716=CARTESIAN_POINT('',(-18.7067200817241,-30.7229689966837,-60.));
#6717=CARTESIAN_POINT('Origin',(-15.2426184665863,-24.7229689966837,-60.));
#6718=CARTESIAN_POINT('',(-15.2426184665863,-24.7229689966837,-57.));
#6719=CARTESIAN_POINT('Origin',(-25.4035824996142,24.0773235352784,-60.));
#6720=CARTESIAN_POINT('',(-25.4035824996142,18.0772588990355,-60.));
#6721=CARTESIAN_POINT('Origin',(-25.4035824996142,18.0772588990355,-60.));
#6722=CARTESIAN_POINT('',(25.4035824996143,18.0772588990356,-60.));
#6723=CARTESIAN_POINT('Origin',(25.4035824996143,24.0773235352785,-60.));
#6724=CARTESIAN_POINT('Origin',(15.2426184665863,-24.7229689966837,-60.));
#6725=CARTESIAN_POINT('',(18.7067200817241,-30.7229689966837,-57.0000000000002));
#6726=CARTESIAN_POINT('',(15.2426184665863,-24.7229689966837,-57.0000000000002));
#6727=CARTESIAN_POINT('',(18.7067200817241,-30.7229689966837,-60.));
#6728=CARTESIAN_POINT('Origin',(18.7067200817241,-30.7229689966837,-60.));
#6729=CARTESIAN_POINT('',(18.7067200817241,-30.7229689966837,-57.0000000000001));
#6730=CARTESIAN_POINT('Origin',(-29.0990249271373,-24.7229689966837,-60.));
#6731=CARTESIAN_POINT('',(-25.6349233119996,-30.7229689966837,-57.));
#6732=CARTESIAN_POINT('',(-29.0990249271373,-24.7229689966837,-57.));
#6733=CARTESIAN_POINT('',(-25.6349233119996,-30.7229689966837,-60.));
#6734=CARTESIAN_POINT('Origin',(-25.6349233119996,-30.7229689966837,-60.));
#6735=CARTESIAN_POINT('',(-25.6349233119996,-30.7229689966837,-57.));
#6736=CARTESIAN_POINT('Origin',(-16.1665104729446,14.0772588990356,-60.));
#6737=CARTESIAN_POINT('',(-16.1665104729446,14.0772588990356,-60.));
#6738=CARTESIAN_POINT('',(-16.1665104729446,14.0772588990356,-60.));
#6739=CARTESIAN_POINT('',(-16.1665104729446,14.0772588990356,-60.));
#6740=CARTESIAN_POINT('Origin',(-16.1665104729446,8.07725889903556,-60.));
#6741=CARTESIAN_POINT('',(-21.3626628956512,5.07725889903556,-60.));
#6742=CARTESIAN_POINT('Origin',(-12.1250585886172,-10.9227411009644,-60.));
#6743=CARTESIAN_POINT('',(-12.1250585886172,-10.9227411009644,-60.));
#6744=CARTESIAN_POINT('Origin',(-6.92890616591058,-7.92274110096444,-60.));
#6745=CARTESIAN_POINT('',(-6.92890616591058,-13.9227411009644,-60.));
#6746=CARTESIAN_POINT('Origin',(6.92890616591057,-13.9227411009644,-60.));
#6747=CARTESIAN_POINT('',(6.92890616591057,-13.9227411009644,-60.));
#6748=CARTESIAN_POINT('Origin',(6.92890616591057,-7.92274110096444,-60.));
#6749=CARTESIAN_POINT('',(12.1250585886172,-10.9227411009644,-60.));
#6750=CARTESIAN_POINT('Origin',(21.3626628956512,5.07725889903557,-60.));
#6751=CARTESIAN_POINT('Origin',(2.90000000000001,-21.,-60.));
#6752=CARTESIAN_POINT('',(-1.45,-21.,-60.));
#6753=CARTESIAN_POINT('',(1.45,-21.,-60.));
#6754=CARTESIAN_POINT('Origin',(-2.89999999999999,-18.8,-60.));
#6755=CARTESIAN_POINT('',(-3.45,-18.8,2.64697796016969E-20));
#6756=CARTESIAN_POINT('',(-9.2,-18.8,-60.));
#6757=CARTESIAN_POINT('Origin',(-10.2,-18.8,-60.));
#6758=CARTESIAN_POINT('',(-10.2,-25.55,-24.4500000000001));
#6759=CARTESIAN_POINT('',(-10.2,-25.55,-23.45));
#6760=CARTESIAN_POINT('',(-10.2,-24.,-26.0000000000001));
#6761=CARTESIAN_POINT('',(-10.2,-24.,-26.0000000000001));
#6762=CARTESIAN_POINT('',(-10.2,-24.,-34.));
#6763=CARTESIAN_POINT('',(-10.2,-24.,-60.));
#6764=CARTESIAN_POINT('',(-10.2,-25.55,-35.55));
#6765=CARTESIAN_POINT('',(-10.2,-25.6,-35.6));
#6766=CARTESIAN_POINT('',(-10.2,-25.55,-60.));
#6767=CARTESIAN_POINT('',(-10.2,-19.8,0.));
#6768=CARTESIAN_POINT('Origin',(-8.,-26.1,-60.));
#6769=CARTESIAN_POINT('',(-8.,-27.55,-37.55));
#6770=CARTESIAN_POINT('',(-8.,-27.55,-60.));
#6771=CARTESIAN_POINT('',(-8.,-30.,-40.));
#6772=CARTESIAN_POINT('',(-8.,-30.,-40.));
#6773=CARTESIAN_POINT('',(-8.,-30.45,-40.));
#6774=CARTESIAN_POINT('',(-8.,-26.1,-40.));
#6775=CARTESIAN_POINT('',(-8.,-30.45,-60.));
#6776=CARTESIAN_POINT('Origin',(-10.2,-31.9,-60.));
#6777=CARTESIAN_POINT('',(-10.2,-32.45,-20.));
#6778=CARTESIAN_POINT('',(-10.2,-34.,-20.));
#6779=CARTESIAN_POINT('',(-10.2,-31.9,-20.));
#6780=CARTESIAN_POINT('',(-10.2,-32.45,0.));
#6781=CARTESIAN_POINT('',(-10.2,-38.2,-60.));
#6782=CARTESIAN_POINT('',(-10.2,-32.45,-40.));
#6783=CARTESIAN_POINT('',(-10.2,-32.45,-40.));
#6784=CARTESIAN_POINT('',(-10.2,-34.,-40.));
#6785=CARTESIAN_POINT('',(-10.2,-31.9,-40.));
#6786=CARTESIAN_POINT('',(-10.2,-34.,-60.));
#6787=CARTESIAN_POINT('Origin',(-10.2,-39.2,-60.));
#6788=CARTESIAN_POINT('',(-3.45000000000001,-39.2,-60.));
#6789=CARTESIAN_POINT('',(-9.2,-39.2,0.));
#6790=CARTESIAN_POINT('Origin',(-2.90000000000001,-38.2,-60.));
#6791=CARTESIAN_POINT('',(2.45,-38.2,-60.));
#6792=CARTESIAN_POINT('',(-2.45000000000001,-38.2,-60.));
#6793=CARTESIAN_POINT('Origin',(2.9,-39.2,-60.));
#6794=CARTESIAN_POINT('',(3.45,-39.2,-50.4974937185533));
#6795=CARTESIAN_POINT('',(9.2,-39.2,-60.));
#6796=CARTESIAN_POINT('Origin',(10.2,-39.2,-60.));
#6797=CARTESIAN_POINT('',(10.2,-32.45,-60.));
#6798=CARTESIAN_POINT('',(10.2,-38.2,0.));
#6799=CARTESIAN_POINT('',(10.2,-32.45,-20.));
#6800=CARTESIAN_POINT('',(10.2,-34.,-60.));
#6801=CARTESIAN_POINT('Origin',(8.,-31.9,-60.));
#6802=CARTESIAN_POINT('',(8.,-30.45,-60.));
#6803=CARTESIAN_POINT('',(8.,-27.55,-37.55));
#6804=CARTESIAN_POINT('',(8.,-26.6,-36.6));
#6805=CARTESIAN_POINT('',(8.,-27.55,-60.));
#6806=CARTESIAN_POINT('Origin',(10.2,-26.1,-60.));
#6807=CARTESIAN_POINT('',(10.2,-19.8,-60.));
#6808=CARTESIAN_POINT('',(10.2,-25.55,-35.55));
#6809=CARTESIAN_POINT('',(10.2,-25.55,-36.55));
#6810=CARTESIAN_POINT('',(10.2,-24.,-34.));
#6811=CARTESIAN_POINT('',(10.2,-24.,-34.));
#6812=CARTESIAN_POINT('',(10.2,-24.,-26.));
#6813=CARTESIAN_POINT('',(10.2,-24.,-60.));
#6814=CARTESIAN_POINT('',(10.2,-25.55,-24.45));
#6815=CARTESIAN_POINT('',(10.2,-25.6,-24.4));
#6816=CARTESIAN_POINT('',(10.2,-25.55,2.64697796016969E-20));
#6817=CARTESIAN_POINT('Origin',(10.2,-18.8,-60.));
#6818=CARTESIAN_POINT('',(9.2,-18.8,0.));
#6819=CARTESIAN_POINT('',(3.45,-18.8,-60.));
#6820=CARTESIAN_POINT('Origin',(-15.2426184665863,-24.7229689966837,-60.));
#6821=CARTESIAN_POINT('',(-15.2426184665863,-24.7229689966837,-2.9999999999999));
#6822=CARTESIAN_POINT('',(-15.2426184665863,-24.7229689966837,-2.99999999999989));
#6823=CARTESIAN_POINT('',(-15.2426184665863,-24.7229689966837,-60.));
#6824=CARTESIAN_POINT('Origin',(-8.69907450525398,-46.0567195992718,-7.99999999999998));
#6825=CARTESIAN_POINT('',(-21.0161211584826,-24.7229689966837,-7.99999999999998));
#6826=CARTESIAN_POINT('',(-21.0161211584826,-24.7229689966837,-7.99999999999998));
#6827=CARTESIAN_POINT('',(-13.9778087852092,-24.7229689966837,-1.9046426849748));
#6828=CARTESIAN_POINT('Origin',(-14.761252331745,-49.5567195992718,-7.99999999999998));
#6829=CARTESIAN_POINT('',(-21.5934714276722,-25.7229689966837,-7.99999999999998));
#6830=CARTESIAN_POINT('',(-21.5934714276722,-25.7229689966837,-7.99999999999998));
#6831=CARTESIAN_POINT('',(-22.7481719660514,-25.7229689966837,-7.99999999999998));
#6832=CARTESIAN_POINT('',(-24.7688979082151,-22.2229689966837,-7.99999999999998));
#6833=CARTESIAN_POINT('',(-14.7612523317451,-25.7229689966837,-7.99999999999997));
#6834=CARTESIAN_POINT('Origin',(-29.0990249271373,-24.7229689966837,-2.99999999999992));
#6835=CARTESIAN_POINT('',(-25.6349233119995,-30.7229689966837,-2.99999999999992));
#6836=CARTESIAN_POINT('',(-25.6349233119995,-30.7229689966837,-2.99999999999992));
#6837=CARTESIAN_POINT('',(-22.7481719660514,-25.7229689966837,-7.99999999999998));
#6838=CARTESIAN_POINT('Origin',(-29.0990249271373,-24.7229689966837,-60.));
#6839=CARTESIAN_POINT('',(-25.6349233119996,-30.7229689966837,-60.));
#6840=CARTESIAN_POINT('Origin',(-10.4311253128228,-47.0567195992718,-52.));
#6841=CARTESIAN_POINT('',(-22.7481719660514,-25.7229689966836,-52.));
#6842=CARTESIAN_POINT('',(-22.7481719660514,-25.7229689966836,-52.));
#6843=CARTESIAN_POINT('',(-25.6349233119995,-30.7229689966837,-57.));
#6844=CARTESIAN_POINT('Origin',(-14.761252331745,-49.5567195992718,-52.));
#6845=CARTESIAN_POINT('',(-21.0161211584826,-24.7229689966837,-52.));
#6846=CARTESIAN_POINT('',(-23.0368471006463,-21.2229689966837,-52.));
#6847=CARTESIAN_POINT('',(-21.5934714276722,-25.7229689966836,-52.));
#6848=CARTESIAN_POINT('',(-21.0161211584827,-24.7229689966837,-52.));
#6849=CARTESIAN_POINT('',(-14.761252331745,-25.7229689966836,-52.));
#6850=CARTESIAN_POINT('Origin',(-15.2426184665863,-24.7229689966837,-57.));
#6851=CARTESIAN_POINT('',(-15.2426184665863,-24.7229689966837,-57.));
#6852=CARTESIAN_POINT('Origin',(-6.01439575352219,-44.5067195992718,-40.));
#6853=CARTESIAN_POINT('',(-14.3898542192202,-30.,-40.));
#6854=CARTESIAN_POINT('',(-14.3898542192202,-30.,-40.));
#6855=CARTESIAN_POINT('',(-20.3521683489145,-19.6729689966837,-40.));
#6856=CARTESIAN_POINT('Origin',(-14.761252331745,-49.5567195992718,-40.));
#6857=CARTESIAN_POINT('',(-9.,-31.45,-40.));
#6858=CARTESIAN_POINT('',(-9.2,-31.45,-40.));
#6859=CARTESIAN_POINT('',(-14.761252331745,-31.45,-40.));
#6860=CARTESIAN_POINT('Origin',(-9.,-30.45,-40.));
#6861=CARTESIAN_POINT('',(-14.761252331745,-30.,-40.));
#6862=CARTESIAN_POINT('',(-18.7067200817241,-30.7229689966837,-40.0000000000051));
#6863=CARTESIAN_POINT('',(-23.9028725044307,-21.7229689966837,-40.));
#6864=CARTESIAN_POINT('',(-18.7067200817241,-30.7229689966837,-40.));
#6865=CARTESIAN_POINT('Origin',(-9.2,-32.45,-40.));
#6866=CARTESIAN_POINT('Origin',(-29.0990249271373,-24.7229689966837,-33.9999999999999));
#6867=CARTESIAN_POINT('',(-25.6349233119996,-30.7229689966837,-33.9999999999999));
#6868=CARTESIAN_POINT('',(-25.6349233119996,-30.7229689966837,-33.9999999999999));
#6869=CARTESIAN_POINT('',(-27.6144099492211,-30.7229689966837,-32.2857142857142));
#6870=CARTESIAN_POINT('Origin',(-29.0990249271373,-24.7229689966837,-60.));
#6871=CARTESIAN_POINT('',(-25.6349233119996,-30.7229689966837,-26.0000000000001));
#6872=CARTESIAN_POINT('',(-29.0990249271373,-24.7229689966837,-26.0000000000001));
#6873=CARTESIAN_POINT('',(-25.6349233119996,-30.7229689966837,-60.));
#6874=CARTESIAN_POINT('Origin',(-9.56509990903838,-46.5567195992718,-20.));
#6875=CARTESIAN_POINT('',(-18.7067200817241,-30.7229689966837,-19.9999999999955));
#6876=CARTESIAN_POINT('',(-18.7067200817241,-30.7229689966837,-20.));
#6877=CARTESIAN_POINT('',(-13.4829371259037,-30.7229689966837,-15.4760712564034));
#6878=CARTESIAN_POINT('Origin',(-14.761252331745,-49.5567195992718,-20.));
#6879=CARTESIAN_POINT('',(-8.,-30.,-20.));
#6880=CARTESIAN_POINT('',(-8.,-30.45,-20.));
#6881=CARTESIAN_POINT('',(-8.,-49.5567195992718,-20.));
#6882=CARTESIAN_POINT('',(-9.,-31.45,-20.));
#6883=CARTESIAN_POINT('Origin',(-9.,-30.45,-20.));
#6884=CARTESIAN_POINT('',(-9.2,-31.45,-20.));
#6885=CARTESIAN_POINT('',(-14.761252331745,-31.45,-20.));
#6886=CARTESIAN_POINT('Origin',(-9.2,-32.45,-20.));
#6887=CARTESIAN_POINT('',(-10.2,-34.,-20.));
#6888=CARTESIAN_POINT('',(-14.3898542192202,-30.,-20.));
#6889=CARTESIAN_POINT('',(-20.3521683489145,-19.6729689966837,-20.));
#6890=CARTESIAN_POINT('',(-14.761252331745,-30.,-20.));
#6891=CARTESIAN_POINT('Origin',(-43.3018584151169,32.0770602159376,-26.0000000000001));
#6892=CARTESIAN_POINT('',(-10.9257526040824,-24.,-26.0000000000001));
#6893=CARTESIAN_POINT('Origin',(15.2426184665863,-24.7229689966837,-60.));
#6894=CARTESIAN_POINT('',(18.7067200817241,-30.7229689966837,-3.));
#6895=CARTESIAN_POINT('',(15.2426184665863,-24.7229689966837,-3.));
#6896=CARTESIAN_POINT('',(18.7067200817241,-30.7229689966837,-60.));
#6897=CARTESIAN_POINT('Origin',(18.7067200817241,-30.7229689966837,-60.));
#6898=CARTESIAN_POINT('',(18.7067200817241,-30.7229689966837,-3.));
#6899=CARTESIAN_POINT('Origin',(-25.6349233119996,-30.7229689966837,-60.));
#6900=CARTESIAN_POINT('',(-18.7067200817241,-30.7229689966837,-2.99999999999992));
#6901=CARTESIAN_POINT('',(-25.6349233119996,-30.7229689966837,-2.99999999999992));
#6902=CARTESIAN_POINT('',(-18.7067200817241,-30.7229689966837,-60.));
#6903=CARTESIAN_POINT('Origin',(-18.7067200817241,-30.7229689966837,-60.));
#6904=CARTESIAN_POINT('',(-18.7067200817241,-30.7229689966837,-2.99999999999992));
#6905=CARTESIAN_POINT('Origin',(-8.,-26.1,-60.));
#6906=CARTESIAN_POINT('',(-8.,-27.55,-22.45));
#6907=CARTESIAN_POINT('',(-8.,-26.6,-23.4));
#6908=CARTESIAN_POINT('',(-8.,-27.55,-60.));
#6909=CARTESIAN_POINT('',(-8.,-30.45,-60.));
#6910=CARTESIAN_POINT('Origin',(8.,-31.9,-60.));
#6911=CARTESIAN_POINT('',(8.,-30.45,-60.));
#6912=CARTESIAN_POINT('',(8.,-27.55,-22.45));
#6913=CARTESIAN_POINT('',(8.,-27.55,-60.));
#6914=CARTESIAN_POINT('',(8.,-30.,-20.));
#6915=CARTESIAN_POINT('Origin',(-4.77048955893622E-15,-43.5,-50.));
#6916=CARTESIAN_POINT('Origin',(-4.77048955893622E-15,-43.5,-20.));
#6917=CARTESIAN_POINT('Origin',(30.2057333983425,-40.6398442979775,-52.));
#6918=CARTESIAN_POINT('',(21.5934714276722,-25.7229689966836,-52.));
#6919=CARTESIAN_POINT('Origin',(18.7067200817241,-30.7229689966837,-57.0000000000002));
#6920=CARTESIAN_POINT('Origin',(18.7067200817241,-30.7229689966837,-3.));
#6921=CARTESIAN_POINT('',(21.5934714276722,-25.7229689966837,-7.99999999999998));
#6922=CARTESIAN_POINT('Origin',(30.2057333983424,-40.6398442979776,-7.99999999999998));
#6923=CARTESIAN_POINT('Origin',(41.8022478425404,-24.,-20.));
#6924=CARTESIAN_POINT('',(41.8022478425404,-24.,-34.));
#6925=CARTESIAN_POINT('',(41.8022478425404,-24.,-26.));
#6926=CARTESIAN_POINT('Origin',(41.8022478425404,-24.,-26.));
#6927=CARTESIAN_POINT('',(9.,-26.55,-23.45));
#6928=CARTESIAN_POINT('Origin',(8.99999999999985,-27.5499999999998,-22.4500000000002));
#6929=CARTESIAN_POINT('',(9.2,-26.55,-23.45));
#6930=CARTESIAN_POINT('',(41.8022478425404,-26.55,-23.45));
#6931=CARTESIAN_POINT('Origin',(9.20000000000003,-25.5500000000001,-24.4499999999999));
#6932=CARTESIAN_POINT('Origin',(10.2,-34.,-500000.));
#6933=CARTESIAN_POINT('',(18.7067200817181,-30.7229689966817,-40.0000000000102));
#6934=CARTESIAN_POINT('Origin',(18.7067200817241,-30.7229689966837,-60.));
#6935=CARTESIAN_POINT('Origin',(14.7612523317451,-29.9999999999999,-40.));
#6936=CARTESIAN_POINT('',(9.2,-26.55,-36.55));
#6937=CARTESIAN_POINT('',(9.,-26.55,-36.55));
#6938=CARTESIAN_POINT('',(14.7612523317451,-26.55,-36.55));
#6939=CARTESIAN_POINT('Origin',(8.99999999999984,-27.5499999999999,-37.5499999999999));
#6940=CARTESIAN_POINT('Origin',(9.19999999999984,-25.5499999999998,-35.5499999999999));
#6941=CARTESIAN_POINT('Origin',(-18.7067200817241,-30.7229689966837,-57.));
#6942=CARTESIAN_POINT('',(-21.5934714276722,-25.7229689966836,-52.));
#6943=CARTESIAN_POINT('Origin',(41.8022478425404,-24.,-20.));
#6944=CARTESIAN_POINT('',(41.8022478425404,-24.,-34.));
#6945=CARTESIAN_POINT('',(41.8022478425404,-24.,-26.0000000000001));
#6946=CARTESIAN_POINT('Origin',(-14.7612523317451,-25.7229689966836,-52.));
#6947=CARTESIAN_POINT('Origin',(-14.761252331745,-30.,-40.));
#6948=CARTESIAN_POINT('',(-9.,-26.55,-36.55));
#6949=CARTESIAN_POINT('Origin',(-8.99999999999979,-27.5499999999998,-37.5499999999998));
#6950=CARTESIAN_POINT('',(-9.20000000000001,-26.55,-36.55));
#6951=CARTESIAN_POINT('',(-14.761252331745,-26.55,-36.55));
#6952=CARTESIAN_POINT('Origin',(-9.2000000000002,-25.5500000000002,-35.5500000000002));
#6953=CARTESIAN_POINT('Origin',(41.8022478425404,-24.,-26.0000000000001));
#6954=CARTESIAN_POINT('',(-8.99999999999999,-26.55,-23.45));
#6955=CARTESIAN_POINT('',(-9.20000000000001,-26.55,-23.45));
#6956=CARTESIAN_POINT('',(41.8022478425404,-26.55,-23.45));
#6957=CARTESIAN_POINT('Origin',(-8.99999999999984,-27.5499999999999,-22.4500000000002));
#6958=CARTESIAN_POINT('Origin',(-9.19999999999984,-25.5499999999998,-24.4500000000002));
#6959=CARTESIAN_POINT('Origin',(-10.2,-34.,-500000.));
#6960=CARTESIAN_POINT('',(-18.7067200817241,-30.7229689966837,-19.9999999999955));
#6961=CARTESIAN_POINT('Origin',(-18.7067200817241,-30.7229689966837,-2.99999999999992));
#6962=CARTESIAN_POINT('',(-18.7067200817241,-30.7229689966837,-2.99999999999992));
#6963=CARTESIAN_POINT('Origin',(-14.7612523317451,-25.7229689966837,-7.99999999999998));
#6964=CARTESIAN_POINT('Origin',(-25.6349233119996,-30.7229689966837,-60.));
#6965=CARTESIAN_POINT('Origin',(-2.45,-18.8,0.000103077640888072));
#6966=CARTESIAN_POINT('',(-2.45,-19.8,-60.));
#6967=CARTESIAN_POINT('',(-2.45,-20.,0.000103077640888072));
#6968=CARTESIAN_POINT('Origin',(-10.2,-26.55,0.000103077640888072));
#6969=CARTESIAN_POINT('',(-9.,-26.55,0.000103077640888072));
#6970=CARTESIAN_POINT('',(-9.20000000000001,-26.55,-36.55));
#6971=CARTESIAN_POINT('Origin',(-10.2,-26.55,0.000103077640888072));
#6972=CARTESIAN_POINT('',(-9.20000000000001,-26.55,0.));
#6973=CARTESIAN_POINT('',(-9.,-26.55,0.000103077640888072));
#6974=CARTESIAN_POINT('Origin',(10.2,-26.55,0.000103077640888072));
#6975=CARTESIAN_POINT('',(9.2,-26.55,-60.));
#6976=CARTESIAN_POINT('',(9.,-26.55,0.000103077640888072));
#6977=CARTESIAN_POINT('Origin',(2.45,-18.8,0.000103077640888072));
#6978=CARTESIAN_POINT('',(2.45,-19.8,0.));
#6979=CARTESIAN_POINT('',(2.45,-20.,0.000103077640888072));
#6980=CARTESIAN_POINT('Origin',(10.2,-26.55,0.000103077640888072));
#6981=CARTESIAN_POINT('',(9.2,-26.55,-23.45));
#6982=CARTESIAN_POINT('',(9.,-26.55,0.000103077640888072));
#6983=CARTESIAN_POINT('Origin',(10.2,-31.45,0.000103077640888072));
#6984=CARTESIAN_POINT('',(9.2,-31.45,-40.));
#6985=CARTESIAN_POINT('',(9.,-31.45,0.000103077640888072));
#6986=CARTESIAN_POINT('Origin',(10.2,-31.45,0.000103077640888072));
#6987=CARTESIAN_POINT('',(9.2,-31.45,0.));
#6988=CARTESIAN_POINT('',(9.,-31.45,0.000103077640888072));
#6989=CARTESIAN_POINT('Origin',(-2.45,-31.45,0.000103077640888072));
#6990=CARTESIAN_POINT('',(-9.,-31.45,0.000103077640888072));
#6991=CARTESIAN_POINT('',(-9.2,-31.45,-60.));
#6992=CARTESIAN_POINT('Origin',(-2.45,-31.45,0.000103077640888072));
#6993=CARTESIAN_POINT('',(-9.2,-31.45,-20.));
#6994=CARTESIAN_POINT('',(-9.,-31.45,0.000103077640888072));
#6995=CARTESIAN_POINT('Origin',(9.2,-32.45,-60.));
#6996=CARTESIAN_POINT('Origin',(9.2,-32.45,-60.));
#6997=CARTESIAN_POINT('Origin',(-9.2,-32.45,0.000103077640888072));
#6998=CARTESIAN_POINT('Origin',(-3.45,-19.8,0.000103077640888072));
#6999=CARTESIAN_POINT('Origin',(-1.45,-20.,0.000103077640888072));
#7000=CARTESIAN_POINT('Origin',(9.2,-19.8,-60.));
#7001=CARTESIAN_POINT('Origin',(3.45,-19.8,-60.));
#7002=CARTESIAN_POINT('Origin',(-3.45000000000001,-38.2,-60.));
#7003=CARTESIAN_POINT('Origin',(3.45,-38.2,0.000103077640888072));
#7004=CARTESIAN_POINT('Origin',(9.2,-38.2,-60.));
#7005=CARTESIAN_POINT('Origin',(-9.2,-38.2,-60.));
#7006=CARTESIAN_POINT('Origin',(-9.,-27.55,0.000103077640888072));
#7007=CARTESIAN_POINT('Origin',(9.,-30.45,0.000103077640888072));
#7008=CARTESIAN_POINT('Origin',(9.,-30.45,0.000103077640888072));
#7009=CARTESIAN_POINT('Origin',(9.2,-25.55,0.000103077640888072));
#7010=CARTESIAN_POINT('Origin',(9.,-27.55,0.000103077640888072));
#7011=CARTESIAN_POINT('Origin',(9.2,-25.55,0.000103077640888072));
#7012=CARTESIAN_POINT('Origin',(9.,-27.55,0.000103077640888072));
#7013=CARTESIAN_POINT('Origin',(-9.20000000000001,-25.55,-60.));
#7014=CARTESIAN_POINT('Origin',(-9.,-27.55,0.000103077640888072));
#7015=CARTESIAN_POINT('Origin',(-9.,-30.45,0.000103077640888072));
#7016=CARTESIAN_POINT('Origin',(-9.,-30.45,0.000103077640888072));
#7017=CARTESIAN_POINT('Origin',(-9.2,-32.45,0.000103077640888072));
#7018=CARTESIAN_POINT('Origin',(1.45,-20.,0.000103077640888072));
#7019=CARTESIAN_POINT('Origin',(-9.2,-19.8,-60.));
#7020=CARTESIAN_POINT('Origin',(-9.20000000000001,-25.55,-60.));
#7021=CARTESIAN_POINT('Origin',(-41.8018584151169,29.4789840045842,-57.));
#7022=CARTESIAN_POINT('Origin',(41.8018584151169,29.4789840045842,-57.));
#7023=CARTESIAN_POINT('Origin',(-16.0220413299923,-17.1729689966837,-7.50000000000035));
#7024=CARTESIAN_POINT('',(-16.0220413299923,-17.1729689966837,-7.50000000000035));
#7025=CARTESIAN_POINT('Origin',(-16.0220413299923,-17.1729689966837,-12.5000000000004));
#7026=CARTESIAN_POINT('',(-16.0220413299923,-17.1729689966837,-12.5000000000004));
#7027=CARTESIAN_POINT('Origin',(-20.7278196646272,-9.02232183193925,-10.0000000000004));
#7028=CARTESIAN_POINT('Origin',(-40.3006416264967,24.8788002535186,-12.5000000000004));
#7029=CARTESIAN_POINT('',(-40.3006416264967,24.8788002535186,-12.5000000000004));
#7030=CARTESIAN_POINT('Origin',(-40.3006416264967,24.8788002535186,-7.50000000000035));
#7031=CARTESIAN_POINT('',(-40.3006416264967,24.8788002535186,-7.50000000000035));
#7032=CARTESIAN_POINT('Origin',(-39.7278196646272,23.8866435118694,-10.0000000000003));
#7033=CARTESIAN_POINT('Origin',(-16.0220413299923,-17.1729689966836,-52.4999999999936));
#7034=CARTESIAN_POINT('',(-16.0220413299923,-17.1729689966836,-52.4999999999936));
#7035=CARTESIAN_POINT('Origin',(-16.0220413299923,-17.1729689966836,-47.4999999999936));
#7036=CARTESIAN_POINT('',(-16.0220413299923,-17.1729689966836,-47.4999999999936));
#7037=CARTESIAN_POINT('Origin',(-20.7278196646272,-9.02232183193925,-49.9999999999936));
#7038=CARTESIAN_POINT('Origin',(-40.3006416264967,24.8788002535186,-47.4999999999936));
#7039=CARTESIAN_POINT('',(-40.3006416264967,24.8788002535186,-47.4999999999936));
#7040=CARTESIAN_POINT('Origin',(-40.3006416264967,24.8788002535186,-52.4999999999936));
#7041=CARTESIAN_POINT('',(-40.3006416264967,24.8788002535186,-52.4999999999936));
#7042=CARTESIAN_POINT('Origin',(-39.7278196646272,23.8866435118694,-49.9999999999936));
#7043=CARTESIAN_POINT('Origin',(-21.3006416264966,-8.03016509029002,-52.4999999999936));
#7044=CARTESIAN_POINT('',(-21.3006416264966,-8.03016509029002,-52.4999999999936));
#7045=CARTESIAN_POINT('Origin',(-21.3006416264966,-8.03016509029004,-47.4999999999936));
#7046=CARTESIAN_POINT('',(-21.3006416264966,-8.03016509029004,-47.4999999999936));
#7047=CARTESIAN_POINT('Origin',(-39.7278196646272,23.8866435118694,-49.9999999999936));
#7048=CARTESIAN_POINT('Origin',(-21.3006416264966,-8.03016509029003,-12.5000000000003));
#7049=CARTESIAN_POINT('',(-21.3006416264966,-8.03016509029003,-12.5000000000003));
#7050=CARTESIAN_POINT('Origin',(-21.3006416264966,-8.03016509029004,-7.50000000000035));
#7051=CARTESIAN_POINT('',(-21.3006416264966,-8.03016509029004,-7.50000000000035));
#7052=CARTESIAN_POINT('Origin',(-39.7278196646272,23.8866435118694,-10.0000000000003));
#7053=CARTESIAN_POINT('Origin',(16.0220413299923,-17.1729689966837,-7.50000000000035));
#7054=CARTESIAN_POINT('',(16.0220413299923,-17.1729689966837,-7.50000000000035));
#7055=CARTESIAN_POINT('Origin',(16.0220413299923,-17.1729689966837,-12.5000000000004));
#7056=CARTESIAN_POINT('',(16.0220413299923,-17.1729689966837,-12.5000000000004));
#7057=CARTESIAN_POINT('Origin',(20.7278196646272,-9.02232183193925,-10.0000000000004));
#7058=CARTESIAN_POINT('Origin',(40.3006416264967,24.8788002535186,-12.5000000000004));
#7059=CARTESIAN_POINT('',(40.3006416264967,24.8788002535186,-12.5000000000004));
#7060=CARTESIAN_POINT('Origin',(40.3006416264967,24.8788002535186,-7.50000000000035));
#7061=CARTESIAN_POINT('',(40.3006416264967,24.8788002535186,-7.50000000000035));
#7062=CARTESIAN_POINT('Origin',(39.7278196646272,23.8866435118694,-10.0000000000003));
#7063=CARTESIAN_POINT('Origin',(16.0220413299923,-17.1729689966836,-52.4999999999936));
#7064=CARTESIAN_POINT('',(16.0220413299923,-17.1729689966836,-52.4999999999936));
#7065=CARTESIAN_POINT('Origin',(16.0220413299923,-17.1729689966836,-47.4999999999936));
#7066=CARTESIAN_POINT('',(16.0220413299923,-17.1729689966836,-47.4999999999936));
#7067=CARTESIAN_POINT('Origin',(20.7278196646272,-9.02232183193925,-49.9999999999936));
#7068=CARTESIAN_POINT('Origin',(40.3006416264967,24.8788002535186,-47.4999999999936));
#7069=CARTESIAN_POINT('',(40.3006416264967,24.8788002535186,-47.4999999999936));
#7070=CARTESIAN_POINT('Origin',(40.3006416264967,24.8788002535186,-52.4999999999936));
#7071=CARTESIAN_POINT('',(40.3006416264967,24.8788002535186,-52.4999999999936));
#7072=CARTESIAN_POINT('Origin',(39.7278196646272,23.8866435118694,-49.9999999999936));
#7073=CARTESIAN_POINT('Origin',(21.3006416264966,-8.03016509029004,-47.4999999999936));
#7074=CARTESIAN_POINT('',(21.3006416264966,-8.03016509029004,-47.4999999999936));
#7075=CARTESIAN_POINT('Origin',(21.3006416264966,-8.03016509029002,-52.4999999999936));
#7076=CARTESIAN_POINT('',(21.3006416264966,-8.03016509029002,-52.4999999999936));
#7077=CARTESIAN_POINT('Origin',(39.7278196646272,23.8866435118694,-49.9999999999936));
#7078=CARTESIAN_POINT('Origin',(21.3006416264966,-8.03016509029003,-12.5000000000003));
#7079=CARTESIAN_POINT('',(21.3006416264966,-8.03016509029003,-12.5000000000003));
#7080=CARTESIAN_POINT('Origin',(39.7278196646272,23.8866435118694,-10.0000000000003));
#7081=UNCERTAINTY_MEASURE_WITH_UNIT(LENGTH_MEASURE(0.01),#7085,
'DISTANCE_ACCURACY_VALUE',
'Maximum model space distance between geometric entities at asserted c
onnectivities');
#7082=UNCERTAINTY_MEASURE_WITH_UNIT(LENGTH_MEASURE(0.01),#7085,
'DISTANCE_ACCURACY_VALUE',
'Maximum model space distance between geometric entities at asserted c
onnectivities');
#7083=(
GEOMETRIC_REPRESENTATION_CONTEXT(3)
GLOBAL_UNCERTAINTY_ASSIGNED_CONTEXT((#7081))
GLOBAL_UNIT_ASSIGNED_CONTEXT((#7085,#7087,#7088))
REPRESENTATION_CONTEXT('','3D')
);
#7084=(
GEOMETRIC_REPRESENTATION_CONTEXT(3)
GLOBAL_UNCERTAINTY_ASSIGNED_CONTEXT((#7082))
GLOBAL_UNIT_ASSIGNED_CONTEXT((#7085,#7087,#7088))
REPRESENTATION_CONTEXT('','3D')
);
#7085=(
LENGTH_UNIT()
NAMED_UNIT(*)
SI_UNIT(.MILLI.,.METRE.)
);
#7086=(
LENGTH_UNIT()
NAMED_UNIT(*)
SI_UNIT($,.METRE.)
);
#7087=(
NAMED_UNIT(*)
PLANE_ANGLE_UNIT()
SI_UNIT($,.RADIAN.)
);
#7088=(
NAMED_UNIT(*)
SI_UNIT($,.STERADIAN.)
SOLID_ANGLE_UNIT()
);
#7089=SHAPE_DEFINITION_REPRESENTATION(#7090,#7091);
#7090=PRODUCT_DEFINITION_SHAPE('',$,#7093);
#7091=SHAPE_REPRESENTATION('',(#4171),#7083);
#7092=PRODUCT_DEFINITION_CONTEXT('part definition',#7097,'design');
#7093=PRODUCT_DEFINITION('frame_motor 2020sw','frame_motor_2020sw v0',#7094,
#7092);
#7094=PRODUCT_DEFINITION_FORMATION('',$,#7099);
#7095=PRODUCT_RELATED_PRODUCT_CATEGORY('frame_motor_2020sw v0',
'frame_motor_2020sw v0',(#7099));
#7096=APPLICATION_PROTOCOL_DEFINITION('international standard',
'automotive_design',2009,#7097);
#7097=APPLICATION_CONTEXT(
'Core Data for Automotive Mechanical Design Process');
#7098=PRODUCT_CONTEXT('part definition',#7097,'mechanical');
#7099=PRODUCT('frame_motor 2020sw','frame_motor_2020sw v0','STEP AP203',
(#7098));
#7100=PRESENTATION_STYLE_ASSIGNMENT((#7101));
#7101=SURFACE_STYLE_USAGE(.BOTH.,#7102);
#7102=SURFACE_SIDE_STYLE('',(#7103));
#7103=SURFACE_STYLE_FILL_AREA(#7104);
#7104=FILL_AREA_STYLE('Steel - Satin',(#7105));
#7105=FILL_AREA_STYLE_COLOUR('Steel - Satin',#7106);
#7106=COLOUR_RGB('Steel - Satin',0.627450980392157,0.627450980392157,0.627450980392157);
ENDSEC;
END-ISO-10303-21;
